residue_number_human,pi_pi_active_mean,pi_pi_inactive_mean,pi_pi_delta,pi_cation_active_mean,pi_cation_inactive_mean,pi_cation_delta,pi_ligand_active_mean,pi_ligand_inactive_mean,pi_ligand_delta
56,0.0,,,0.0,,,1.0,,
77,0.8333,0.0,0.8333,0.0,0.0,0.0,0.1667,1.0,-0.8333
86,0.0,,,0.0,,,1.0,,
93,0.0526,1.0,-0.9474,0.8421,0.0,0.8421,0.1053,0.0,0.1053
97,0.0,0.0,0.0,1.4091,1.0,0.4091,0.0,0.0,0.0
98,0.5294,0.0,0.5294,0.8824,1.5,-0.6176,0.0,0.5,-0.5
100,,0.0,,,1.0,,,0.0,
110,0.0,0.0,0.0,0.0,0.5,-0.5,1.0,0.5,0.5
125,1.0,1.0,0.0,0.0,0.0,0.0,0.0,0.0,0.0
130,1.0,1.0,0.0,0.0,0.0,0.0,0.0,0.5,-0.5
135,0.9643,1.0,-0.0357,0.0,0.0,0.0,0.7143,0.5,0.2143
137,1.8148,2.0,-0.1852,0.0,0.0,0.0,0.0,0.0,0.0
143,0.0,,,1.0,,,0.0,,
150,0.0,0.0,0.0,0.0,0.0,0.0,1.0,1.0,0.0
151,0.6842,1.0,-0.3158,0.0,0.0,0.0,0.4737,0.0,0.4737
154,0.6667,1.0,-0.3333,0.0,0.0,0.0,0.4444,0.0,0.4444
158,0.4286,1.0,-0.5714,0.0,0.0,0.0,0.7143,0.0,0.7143
167,0.0,,,2.0,,,0.0,,
168,0.625,0.6667,-0.0417,0.0,0.3333,-0.3333,0.375,0.0,0.375
173,0.5556,0.5,0.0556,0.5556,1.0,-0.4444,0.3333,0.25,0.0833
176,0.0,0.0,0.0,1.0,1.0,0.0,0.0,0.0,0.0
180,0.0,,,0.5,,,0.5,,
187,,0.0,,,1.0,,,0.0,
194,0.619,0.5,0.119,0.0,0.0,0.0,0.5714,0.5,0.0714
206,0.0,,,1.0,,,0.0,,
223,1.0,,,0.0,,,0.0,,
225,0.0,0.0,0.0,0.0,0.0,0.0,1.0,1.0,0.0
228,0.0,0.0,0.0,0.0,0.0,0.0,1.0,1.0,0.0
229,0.0,,,0.0,,,1.0,,
230,0.1429,,,0.0,,,0.8571,,
239,0.3333,,,0.0,,,0.6667,,
241,0.0,,,0.0,,,1.0,,
243,1.0,1.0,0.0,0.0,0.0,0.0,0.08,0.0,0.08
254,0.0,,,1.0,,,0.0,,
260,0.0,0.0,0.0,1.0,1.5,-0.5,0.0,0.0,0.0
291,1.0,1.0,0.0,0.0,0.0,0.0,0.0,0.0,0.0
295,0.2353,0.25,-0.0147,0.0,0.0,0.0,0.8235,1.0,-0.1765
299,1.0,1.0,0.0,0.0,0.0,0.0,0.6538,1.0,-0.3462
301,0.3043,0.6667,-0.3624,0.3913,0.6667,-0.2754,0.6087,0.3333,0.2754
305,0.0,0.0,0.0,1.3333,1.4,-0.0667,0.0,0.0,0.0
315,0.0,0.0,0.0,0.0,0.0,0.0,1.0,1.0,0.0
320,0.25,0.4,-0.15,0.9643,1.0,-0.0357,0.5,0.8,-0.3
321,1.1786,0.8,0.3786,0.0,0.0,0.0,0.1071,0.2,-0.0929
328,0.0,0.0,0.0,0.0,0.0,0.0,1.0,1.0,0.0
338,0.0,1.0,-1.0,1.0,0.0,1.0,0.0,0.0,0.0
340,0.6,,,0.4,,,0.0,,
345,,1.0,,,0.0,,,0.0,
346,0.0,,,1.0,,,0.0,,
347,,0.0,,,1.0,,,0.0,
349,1.0,,,0.0,,,0.0,,
352,1.0,1.0,0.0,0.0,0.0,0.0,0.0,0.0,0.0
1010,,0.0,,,1.0,,,0.0,
1021,,0.0,,,1.0,,,0.0,
1027,,0.0,,,1.0,,,0.0,
1090,,0.0,,,1.0,,,0.0,
1097,,0.0,,,1.0,,,0.0,
1098,,0.0,,,1.0,,,0.0,
1106,,0.0,,,1.0,,,0.0,
1116,,0.0,,,0.0,,,1.0,
1128,,0.0,,,1.0,,,0.0,
1141,,0.0,,,1.0,,,0.0,
1147,,0.0,,,1.0,,,0.0,
1149,,0.0,,,1.0,,,0.0,
1150,,0.0,,,1.0,,,0.0,
1163,,0.0,,,1.0,,,0.0,
