pdb_id,state,aromatic_res_num,aromatic_res_name,cation_res_num,cation_res_name,cation_atom,distance
4dkl,inactive,98,TYR,97,ARG,NH1,5.122
4dkl,inactive,98,TYR,100,LYS,NZ,5.592
4dkl,inactive,168,TYR,260,ARG,NE,5.327
4dkl,inactive,173,HIS,176,LYS,NZ,4.64
4dkl,inactive,173,HIS,260,ARG,NH1,5.001
4dkl,inactive,173,HIS,1010,ARG,NH1,4.954
4dkl,inactive,1027,TYR,1021,LYS,NZ,5.285
4dkl,inactive,1090,TYR,1098,ARG,NE,4.096
4dkl,inactive,1106,PHE,1147,ARG,NH2,5.335
4dkl,inactive,1128,TRP,1097,ARG,NE,3.313
4dkl,inactive,1141,TYR,1149,LYS,NZ,5.928
4dkl,inactive,1163,TYR,1150,ARG,NE,4.517
4dkl,inactive,320,TRP,305,LYS,NZ,3.325
5c1m,active,98,TYR,97,ARG,NE,5.174
5c1m,active,173,HIS,176,LYS,NZ,5.123
5c1m,active,254,TYR,167,ARG,NH1,5.008
5c1m,active,320,TRP,305,LYS,NZ,4.561
5c1m,active,338,TYR,167,ARG,NH1,5.013
6dde,active,180,PHE,176,LYS,NZ,5.79
6dde,active,254,TYR,167,ARG,NH1,4.919
6dde,active,320,TRP,305,LYS,NZ,4.533
6dde,active,338,TYR,167,ARG,NH2,4.357
6ddf,active,254,TYR,167,ARG,NH1,5.58
6ddf,active,338,TYR,167,ARG,NH2,4.464
7sbf,active,98,TYR,97,ARG,NH1,4.224
7sbf,active,254,TYR,167,ARG,NH1,5.404
7sbf,active,301,TYR,305,LYS,NZ,5.141
7sbf,active,320,TRP,305,LYS,NZ,3.766
7sbf,active,338,TYR,167,ARG,NH2,4.727
7scg,active,254,TYR,167,ARG,NH1,5.388
7scg,active,301,TYR,305,LYS,NZ,5.448
7scg,active,320,TRP,305,LYS,NZ,4.701
7scg,active,338,TYR,167,ARG,NH1,5.29
7t2g,active,93,TYR,97,ARG,NE,5.599
7t2g,active,98,TYR,97,ARG,NE,4.737
7t2g,active,254,TYR,167,ARG,NH1,5.224
7t2g,active,301,TYR,305,LYS,NZ,5.431
7t2g,active,320,TRP,305,LYS,NZ,3.566
7t2g,active,338,TYR,167,ARG,NH1,4.784
7t2h,active,93,TYR,97,ARG,NE,5.457
7t2h,active,98,TYR,97,ARG,NE,4.937
7t2h,active,173,HIS,176,LYS,NZ,4.867
7t2h,active,254,TYR,167,ARG,NH1,5.006
7t2h,active,320,TRP,305,LYS,NZ,5.398
7t2h,active,338,TYR,167,ARG,NH2,4.573
7u2k,active,254,TYR,167,ARG,NH1,5.149
7u2k,active,301,TYR,305,LYS,NZ,5.957
7u2k,active,320,TRP,305,LYS,NZ,3.337
7u2k,active,338,TYR,167,ARG,NH2,5.021
7u2k,active,340,PHE,346,LYS,NZ,5.538
7u2l,active,93,TYR,97,ARG,NE,4.182
7u2l,active,173,HIS,176,LYS,NZ,5.946
7u2l,active,254,TYR,167,ARG,NH1,5.655
7u2l,active,320,TRP,305,LYS,NZ,3.787
7u2l,active,338,TYR,167,ARG,NH1,4.808
7ul4,inactive,320,TRP,305,LYS,NZ,3.693
8Y72,active,93,TYR,97,ARG,NE,3.901
8Y72,active,173,HIS,176,LYS,NZ,5.621
8Y72,active,254,TYR,167,ARG,NH1,5.192
8Y72,active,320,TRP,305,LYS,NZ,4.202
8Y72,active,338,TYR,167,ARG,NH2,5.112
8Y73,active,93,TYR,97,ARG,NE,4.019
8Y73,active,98,TYR,97,ARG,NE,5.992
8Y73,active,173,HIS,176,LYS,NZ,4.906
8Y73,active,254,TYR,167,ARG,NH1,5.283
8Y73,active,320,TRP,305,LYS,NZ,4.432
8Y73,active,338,TYR,167,ARG,NH1,4.571
8e0g,active,98,TYR,97,ARG,NE,4.91
8e0g,active,173,HIS,176,LYS,NZ,5.393
8e0g,active,173,HIS,260,ARG,NH2,5.898
8e0g,active,254,TYR,167,ARG,NH1,5.044
8e0g,active,301,TYR,305,LYS,NZ,5.954
8e0g,active,320,TRP,305,LYS,NZ,3.554
8e0g,active,338,TYR,167,ARG,NH1,4.971
8ef5,active,93,TYR,97,ARG,NH1,4.887
8ef5,active,98,TYR,97,ARG,NE,5.419
8ef5,active,254,TYR,167,ARG,NH1,5.198
8ef5,active,320,TRP,305,LYS,NZ,4.042
8ef5,active,338,TYR,167,ARG,NH2,5.149
8ef6,active,93,TYR,97,ARG,NH1,4.865
8ef6,active,98,TYR,97,ARG,NE,5.117
8ef6,active,254,TYR,167,ARG,NH1,5.388
8ef6,active,320,TRP,305,LYS,NZ,4.016
8ef6,active,338,TYR,167,ARG,NH2,5.232
8efb,active,93,TYR,97,ARG,NE,5.228
8efb,active,254,TYR,167,ARG,NH1,5.321
8efb,active,320,TRP,305,LYS,NZ,4.23
8efb,active,338,TYR,167,ARG,NH2,4.731
8efl,active,93,TYR,97,ARG,NE,5.733
8efl,active,98,TYR,97,ARG,NE,5.457
8efl,active,254,TYR,167,ARG,NH1,5.391
8efl,active,320,TRP,305,LYS,NZ,4.123
8efl,active,338,TYR,167,ARG,NH2,5.14
8efo,active,98,TYR,97,ARG,NE,5.465
8efo,active,254,TYR,167,ARG,NH1,5.139
8efo,active,320,TRP,305,LYS,NZ,3.986
8efo,active,338,TYR,167,ARG,NH2,5.201
8efq,active,93,TYR,97,ARG,NE,4.552
8efq,active,180,PHE,176,LYS,NZ,5.017
8efq,active,206,PHE,143,LYS,NZ,5.626
8efq,active,254,TYR,167,ARG,NH1,5.799
8efq,active,320,TRP,305,LYS,NZ,4.547
8efq,active,338,TYR,167,ARG,NH1,5.245
8f7q,active,93,TYR,97,ARG,NE,5.713
8f7q,active,98,TYR,97,ARG,NE,5.336
8f7q,active,254,TYR,167,ARG,NH1,5.322
8f7q,active,320,TRP,305,LYS,NZ,3.974
8f7q,active,338,TYR,167,ARG,NH2,5.161
8f7r,active,93,TYR,97,ARG,NE,5.602
8f7r,active,254,TYR,167,ARG,NH1,5.093
8f7r,active,320,TRP,305,LYS,NZ,3.932
8f7r,active,338,TYR,167,ARG,NH2,4.971
8k9k,active,93,TYR,97,ARG,NH1,4.839
8k9k,active,180,PHE,176,LYS,NZ,4.935
8k9k,active,254,TYR,167,ARG,NH1,5.349
8k9k,active,320,TRP,305,LYS,NZ,4.023
8k9k,active,338,TYR,167,ARG,NH2,4.681
8k9l,active,254,TYR,167,ARG,NH1,5.022
8k9l,active,320,TRP,305,LYS,NZ,4.927
8k9l,active,338,TYR,167,ARG,NH1,4.572
9MQI,inactive,320,TRP,305,LYS,NZ,4.761
9PXU,inactive,98,TYR,347,ARG,NH1,5.984
9PXU,inactive,110,PHE,187,LYS,NZ,5.373
9PXU,inactive,173,HIS,260,ARG,NH2,5.684
9PXU,inactive,301,TYR,305,LYS,NZ,4.769
9PXU,inactive,320,TRP,305,LYS,NZ,4.22
9PY2,active,93,TYR,97,ARG,NE,5.07
9PY2,active,173,HIS,176,LYS,NZ,5.388
9PY2,active,254,TYR,167,ARG,NH1,5.376
9PY2,active,301,TYR,305,LYS,NZ,5.47
9PY2,active,320,TRP,305,LYS,NZ,4.065
9PY2,active,338,TYR,167,ARG,NH1,4.711
9PY3,active,98,TYR,97,ARG,NE,4.997
9PY3,active,254,TYR,167,ARG,NH1,5.138
9PY3,active,320,TRP,305,LYS,NZ,5.397
9PY3,active,338,TYR,167,ARG,NH2,4.885
9PY3,active,340,PHE,346,LYS,NZ,4.324
9PY4,active,98,TYR,97,ARG,NH1,5.844
9PY4,active,173,HIS,176,LYS,NZ,4.714
9PY4,active,254,TYR,167,ARG,NH1,5.23
9PY4,active,301,TYR,305,LYS,NZ,5.396
9PY4,active,320,TRP,305,LYS,NZ,3.855
9PY4,active,338,TYR,167,ARG,NH1,4.427
9WST,active,93,TYR,97,ARG,NH1,4.89
9WST,active,98,TYR,97,ARG,NE,4.172
9WST,active,173,HIS,176,LYS,NZ,5.248
9WST,active,254,TYR,167,ARG,NH1,5.401
9WST,active,301,TYR,305,LYS,NZ,5.095
9WST,active,320,TRP,305,LYS,NZ,5.085
9WST,active,338,TYR,167,ARG,NH2,4.875
9WSW,active,93,TYR,97,ARG,NH1,5.039
9WSW,active,98,TYR,97,ARG,NE,4.272
9WSW,active,254,TYR,167,ARG,NH1,5.37
9WSW,active,301,TYR,305,LYS,NZ,5.795
9WSW,active,320,TRP,305,LYS,NZ,5.153
9WSW,active,338,TYR,167,ARG,NH2,5.007
9bjk,inactive,301,TYR,305,LYS,NZ,5.896
9bjk,inactive,320,TRP,305,LYS,NZ,4.252
9bqj,active,254,TYR,167,ARG,NH1,5.603
9bqj,active,320,TRP,305,LYS,NZ,4.822
9bqj,active,338,TYR,167,ARG,NH1,4.421
