pdb_id,state,res1_num,res1_name,res2_num,res2_name,centroid_distance,stacking_type
4dkl,inactive,125,PHE,137,PHE,5.164,t_shaped
4dkl,inactive,130,TYR,321,HIS,5.386,t_shaped
4dkl,inactive,135,TRP,137,PHE,4.993,t_shaped
4dkl,inactive,243,PHE,299,HIS,4.834,parallel
4dkl,inactive,291,PHE,295,TRP,5.264,parallel
4dkl,inactive,301,TYR,320,TRP,4.882,t_shaped
5c1m,active,125,PHE,137,PHE,4.925,t_shaped
5c1m,active,130,TYR,321,HIS,4.801,t_shaped
5c1m,active,135,TRP,137,PHE,4.989,t_shaped
5c1m,active,168,TYR,173,HIS,5.315,t_shaped
5c1m,active,243,PHE,299,HIS,5.455,other
5c1m,active,301,TYR,320,TRP,4.99,t_shaped
6dde,active,130,TYR,321,HIS,4.771,other
6dde,active,135,TRP,137,PHE,5.308,t_shaped
6dde,active,243,PHE,299,HIS,5.291,parallel
6dde,active,291,PHE,295,TRP,5.352,t_shaped
6ddf,active,125,PHE,137,PHE,4.976,t_shaped
6ddf,active,130,TYR,321,HIS,5.004,t_shaped
6ddf,active,135,TRP,137,PHE,4.777,t_shaped
6ddf,active,151,TYR,194,TRP,5.47,other
6ddf,active,243,PHE,299,HIS,5.341,parallel
6ddf,active,291,PHE,295,TRP,5.245,t_shaped
7sbf,active,125,PHE,137,PHE,5.419,t_shaped
7sbf,active,130,TYR,321,HIS,4.421,parallel
7sbf,active,135,TRP,137,PHE,5.2,other
7sbf,active,151,TYR,194,TRP,5.485,other
7sbf,active,243,PHE,299,HIS,5.009,parallel
7scg,active,125,PHE,137,PHE,4.979,other
7scg,active,130,TYR,321,HIS,4.75,parallel
7scg,active,135,TRP,137,PHE,5.001,parallel
7scg,active,243,PHE,299,HIS,5.405,parallel
7t2g,active,125,PHE,137,PHE,4.966,t_shaped
7t2g,active,130,TYR,321,HIS,4.465,t_shaped
7t2g,active,135,TRP,137,PHE,5.0,t_shaped
7t2g,active,151,TYR,194,TRP,5.47,other
7t2g,active,168,TYR,173,HIS,5.479,t_shaped
7t2g,active,243,PHE,299,HIS,4.911,other
7t2g,active,301,TYR,320,TRP,4.812,t_shaped
7t2h,active,125,PHE,137,PHE,4.971,t_shaped
7t2h,active,130,TYR,321,HIS,4.11,other
7t2h,active,135,TRP,137,PHE,5.172,t_shaped
7t2h,active,151,TYR,194,TRP,5.45,t_shaped
7t2h,active,154,PHE,158,PHE,5.364,t_shaped
7t2h,active,243,PHE,299,HIS,5.013,other
7t2h,active,301,TYR,320,TRP,5.079,t_shaped
7u2k,active,125,PHE,137,PHE,5.371,other
7u2k,active,130,TYR,321,HIS,5.336,t_shaped
7u2k,active,135,TRP,137,PHE,4.937,other
7u2k,active,243,PHE,299,HIS,5.173,other
7u2l,active,77,TYR,321,HIS,5.195,t_shaped
7u2l,active,125,PHE,137,PHE,5.322,t_shaped
7u2l,active,130,TYR,321,HIS,4.546,other
7u2l,active,135,TRP,137,PHE,5.016,t_shaped
7u2l,active,151,TYR,194,TRP,5.373,other
7u2l,active,154,PHE,158,PHE,5.437,t_shaped
7u2l,active,168,TYR,173,HIS,5.167,t_shaped
7u2l,active,243,PHE,299,HIS,5.284,parallel
7u2l,active,295,TRP,299,HIS,5.458,parallel
7ul4,inactive,125,PHE,137,PHE,4.738,t_shaped
7ul4,inactive,130,TYR,321,HIS,5.193,t_shaped
7ul4,inactive,135,TRP,137,PHE,5.007,t_shaped
7ul4,inactive,243,PHE,299,HIS,4.144,parallel
8Y72,active,77,TYR,321,HIS,5.111,other
8Y72,active,125,PHE,137,PHE,4.835,t_shaped
8Y72,active,130,TYR,321,HIS,4.695,t_shaped
8Y72,active,135,TRP,137,PHE,4.832,t_shaped
8Y72,active,168,TYR,173,HIS,5.375,t_shaped
8Y72,active,243,PHE,299,HIS,5.14,parallel
8Y73,active,125,PHE,137,PHE,5.49,other
8Y73,active,130,TYR,321,HIS,4.518,other
8Y73,active,135,TRP,137,PHE,4.475,other
8Y73,active,168,TYR,173,HIS,5.422,t_shaped
8Y73,active,243,PHE,299,HIS,5.44,parallel
8e0g,active,125,PHE,137,PHE,5.002,t_shaped
8e0g,active,130,TYR,321,HIS,4.828,t_shaped
8e0g,active,135,TRP,137,PHE,5.029,t_shaped
8e0g,active,154,PHE,158,PHE,5.498,other
8e0g,active,168,TYR,173,HIS,5.43,t_shaped
8e0g,active,243,PHE,299,HIS,5.335,other
8e0g,active,301,TYR,320,TRP,4.962,t_shaped
8ef5,active,98,TYR,352,PHE,4.459,other
8ef5,active,125,PHE,137,PHE,5.216,other
8ef5,active,130,TYR,321,HIS,4.531,other
8ef5,active,135,TRP,137,PHE,4.53,other
8ef5,active,243,PHE,299,HIS,4.946,parallel
8ef5,active,340,PHE,349,PHE,5.488,t_shaped
8ef6,active,77,TYR,321,HIS,5.467,t_shaped
8ef6,active,98,TYR,352,PHE,4.707,other
8ef6,active,125,PHE,137,PHE,4.997,t_shaped
8ef6,active,130,TYR,321,HIS,4.325,other
8ef6,active,135,TRP,137,PHE,4.711,other
8ef6,active,243,PHE,299,HIS,5.242,parallel
8efb,active,98,TYR,352,PHE,5.279,other
8efb,active,125,PHE,137,PHE,5.187,t_shaped
8efb,active,130,TYR,321,HIS,4.269,other
8efb,active,135,TRP,137,PHE,4.558,other
8efb,active,151,TYR,194,TRP,5.352,other
8efb,active,243,PHE,299,HIS,5.49,parallel
8efb,active,340,PHE,349,PHE,5.076,parallel
8efl,active,98,TYR,352,PHE,4.696,other
8efl,active,125,PHE,137,PHE,4.938,other
8efl,active,130,TYR,321,HIS,4.331,other
8efl,active,135,TRP,137,PHE,4.686,other
8efl,active,151,TYR,194,TRP,5.482,other
8efl,active,340,PHE,349,PHE,5.486,t_shaped
8efo,active,98,TYR,352,PHE,4.467,other
8efo,active,125,PHE,137,PHE,4.842,t_shaped
8efo,active,130,TYR,321,HIS,4.392,other
8efo,active,135,TRP,137,PHE,4.668,other
8efo,active,243,PHE,299,HIS,4.911,parallel
8efq,active,130,TYR,321,HIS,4.453,t_shaped
8efq,active,135,TRP,137,PHE,4.892,t_shaped
8efq,active,301,TYR,320,TRP,5.221,t_shaped
8f7q,active,98,TYR,352,PHE,4.738,other
8f7q,active,125,PHE,137,PHE,4.776,other
8f7q,active,130,TYR,321,HIS,4.375,t_shaped
8f7q,active,135,TRP,137,PHE,4.654,other
8f7q,active,239,PHE,243,PHE,5.456,parallel
8f7r,active,98,TYR,352,PHE,4.629,other
8f7r,active,125,PHE,137,PHE,5.04,t_shaped
8f7r,active,130,TYR,321,HIS,4.513,t_shaped
8f7r,active,135,TRP,137,PHE,4.687,other
8f7r,active,243,PHE,299,HIS,5.429,parallel
8k9k,active,125,PHE,137,PHE,5.103,t_shaped
8k9k,active,130,TYR,321,HIS,4.306,other
8k9k,active,135,TRP,137,PHE,5.084,other
8k9k,active,151,TYR,194,TRP,5.393,other
8k9k,active,243,PHE,299,HIS,5.023,parallel
8k9k,active,301,TYR,320,TRP,5.343,t_shaped
8k9l,active,130,TYR,321,HIS,4.34,other
8k9l,active,135,TRP,137,PHE,4.795,t_shaped
8k9l,active,151,TYR,194,TRP,5.039,other
8k9l,active,154,PHE,158,TRP,5.361,other
8k9l,active,243,PHE,299,HIS,5.038,parallel
8k9l,active,301,TYR,320,TRP,5.459,t_shaped
9MQI,inactive,93,TYR,352,PHE,4.324,other
9MQI,inactive,125,PHE,137,PHE,5.089,t_shaped
9MQI,inactive,130,TYR,321,HIS,5.179,other
9MQI,inactive,135,TRP,137,PHE,5.161,t_shaped
9MQI,inactive,154,PHE,158,PHE,5.392,t_shaped
9MQI,inactive,168,TYR,173,HIS,5.496,other
9MQI,inactive,243,PHE,299,HIS,5.433,parallel
9PXU,inactive,130,TYR,321,HIS,4.331,other
9PXU,inactive,151,TYR,194,TRP,4.739,other
9PXU,inactive,243,PHE,299,HIS,4.442,other
9PXU,inactive,338,TYR,345,PHE,5.046,parallel
9PY2,active,125,PHE,137,PHE,5.076,t_shaped
9PY2,active,130,TYR,321,HIS,4.609,other
9PY2,active,135,TRP,137,PHE,4.929,t_shaped
9PY2,active,151,TYR,194,TRP,5.355,t_shaped
9PY2,active,168,TYR,173,HIS,5.293,t_shaped
9PY2,active,243,PHE,299,HIS,4.796,parallel
9PY3,active,130,TYR,321,HIS,5.317,parallel
9PY3,active,135,TRP,137,PHE,5.045,parallel
9PY3,active,151,TYR,194,TRP,5.324,t_shaped
9PY3,active,154,PHE,158,PHE,4.674,other
9PY3,active,168,TYR,173,HIS,5.066,t_shaped
9PY3,active,243,PHE,299,HIS,5.08,other
9PY4,active,93,TYR,98,TYR,5.409,t_shaped
9PY4,active,98,TYR,352,PHE,5.113,t_shaped
9PY4,active,130,TYR,321,HIS,4.627,t_shaped
9PY4,active,135,TRP,137,PHE,4.847,t_shaped
9PY4,active,243,PHE,299,HIS,5.09,other
9WST,active,77,TYR,321,HIS,5.42,other
9WST,active,125,PHE,137,PHE,4.927,t_shaped
9WST,active,130,TYR,321,HIS,4.368,t_shaped
9WST,active,135,TRP,137,PHE,4.846,t_shaped
9WST,active,151,TYR,194,TRP,5.276,other
9WST,active,168,TYR,173,HIS,5.477,t_shaped
9WST,active,243,PHE,299,HIS,5.493,other
9WSW,active,77,TYR,321,HIS,5.407,other
9WSW,active,125,PHE,137,PHE,5.191,t_shaped
9WSW,active,130,TYR,321,HIS,4.305,other
9WSW,active,135,TRP,137,PHE,4.677,t_shaped
9WSW,active,151,TYR,194,TRP,5.346,other
9WSW,active,154,PHE,158,PHE,5.473,t_shaped
9WSW,active,168,TYR,173,HIS,5.328,t_shaped
9WSW,active,223,PHE,230,TRP,5.443,other
9WSW,active,295,TRP,299,HIS,5.439,other
9bjk,inactive,125,PHE,137,PHE,5.126,t_shaped
9bjk,inactive,135,TRP,137,PHE,5.143,t_shaped
9bjk,inactive,168,TYR,173,HIS,5.219,t_shaped
9bjk,inactive,243,PHE,299,HIS,4.755,t_shaped
9bjk,inactive,301,TYR,320,TRP,5.368,t_shaped
9bqj,active,130,TYR,321,HIS,4.908,t_shaped
9bqj,active,243,PHE,299,HIS,5.102,parallel
