pdb_id,state,residue_number_human,pi_pi_count,pi_cation_count,pi_ligand_count
4dkl,inactive,77,0,0,1
4dkl,inactive,97,0,1,0
4dkl,inactive,98,0,2,1
4dkl,inactive,100,0,1,0
4dkl,inactive,110,0,0,1
4dkl,inactive,125,1,0,0
4dkl,inactive,130,1,0,0
4dkl,inactive,135,1,0,0
4dkl,inactive,137,2,0,0
4dkl,inactive,150,0,0,1
4dkl,inactive,168,0,1,0
4dkl,inactive,173,0,3,1
4dkl,inactive,176,0,1,0
4dkl,inactive,194,0,0,1
4dkl,inactive,225,0,0,1
4dkl,inactive,228,0,0,1
4dkl,inactive,243,1,0,0
4dkl,inactive,260,0,2,0
4dkl,inactive,291,1,0,0
4dkl,inactive,295,1,0,1
4dkl,inactive,299,1,0,1
4dkl,inactive,301,1,0,1
4dkl,inactive,305,0,1,0
4dkl,inactive,315,0,0,1
4dkl,inactive,320,1,1,1
4dkl,inactive,321,1,0,0
4dkl,inactive,328,0,0,1
4dkl,inactive,1010,0,1,0
4dkl,inactive,1021,0,1,0
4dkl,inactive,1027,0,1,0
4dkl,inactive,1090,0,1,0
4dkl,inactive,1097,0,1,0
4dkl,inactive,1098,0,1,0
4dkl,inactive,1106,0,1,0
4dkl,inactive,1116,0,0,1
4dkl,inactive,1128,0,1,0
4dkl,inactive,1141,0,1,0
4dkl,inactive,1147,0,1,0
4dkl,inactive,1149,0,1,0
4dkl,inactive,1150,0,1,0
4dkl,inactive,1163,0,1,0
5c1m,active,56,0,0,1
5c1m,active,86,0,0,1
5c1m,active,93,0,0,1
5c1m,active,97,0,1,0
5c1m,active,98,0,1,0
5c1m,active,125,1,0,0
5c1m,active,130,1,0,0
5c1m,active,135,1,0,0
5c1m,active,137,2,0,0
5c1m,active,150,0,0,1
5c1m,active,158,0,0,1
5c1m,active,167,0,2,0
5c1m,active,168,1,0,0
5c1m,active,173,1,1,0
5c1m,active,176,0,1,0
5c1m,active,180,0,0,1
5c1m,active,225,0,0,1
5c1m,active,239,0,0,1
5c1m,active,243,1,0,1
5c1m,active,254,0,1,0
5c1m,active,295,0,0,1
5c1m,active,299,1,0,1
5c1m,active,301,1,0,1
5c1m,active,305,0,1,0
5c1m,active,315,0,0,1
5c1m,active,320,1,1,1
5c1m,active,321,1,0,1
5c1m,active,328,0,0,1
5c1m,active,338,0,1,0
6dde,active,130,1,0,0
6dde,active,135,1,0,1
6dde,active,137,1,0,0
6dde,active,167,0,2,0
6dde,active,176,0,1,0
6dde,active,180,0,1,0
6dde,active,243,1,0,0
6dde,active,254,0,1,0
6dde,active,291,1,0,0
6dde,active,295,1,0,0
6dde,active,299,1,0,0
6dde,active,305,0,1,0
6dde,active,320,0,1,1
6dde,active,321,1,0,0
6dde,active,338,0,1,0
6ddf,active,125,1,0,0
6ddf,active,130,1,0,0
6ddf,active,135,1,0,1
6ddf,active,137,2,0,0
6ddf,active,151,1,0,0
6ddf,active,167,0,2,0
6ddf,active,194,1,0,0
6ddf,active,243,1,0,0
6ddf,active,254,0,1,0
6ddf,active,291,1,0,0
6ddf,active,295,1,0,0
6ddf,active,299,1,0,0
6ddf,active,320,0,0,1
6ddf,active,321,1,0,0
6ddf,active,338,0,1,0
7sbf,active,97,0,1,0
7sbf,active,98,0,1,0
7sbf,active,125,1,0,0
7sbf,active,130,1,0,0
7sbf,active,135,1,0,1
7sbf,active,137,2,0,0
7sbf,active,150,0,0,1
7sbf,active,151,1,0,0
7sbf,active,167,0,2,0
7sbf,active,194,1,0,0
7sbf,active,243,1,0,0
7sbf,active,254,0,1,0
7sbf,active,295,0,0,1
7sbf,active,299,1,0,1
7sbf,active,301,0,1,0
7sbf,active,305,0,2,0
7sbf,active,320,0,1,0
7sbf,active,321,1,0,0
7sbf,active,328,0,0,1
7sbf,active,338,0,1,0
7scg,active,125,1,0,0
7scg,active,130,1,0,0
7scg,active,135,1,0,1
7scg,active,137,2,0,0
7scg,active,150,0,0,1
7scg,active,167,0,2,0
7scg,active,243,1,0,0
7scg,active,254,0,1,0
7scg,active,299,1,0,1
7scg,active,301,0,1,0
7scg,active,305,0,2,0
7scg,active,320,0,1,0
7scg,active,321,1,0,0
7scg,active,328,0,0,1
7scg,active,338,0,1,0
7t2g,active,77,0,0,1
7t2g,active,93,0,1,0
7t2g,active,97,0,2,0
7t2g,active,98,0,1,0
7t2g,active,110,0,0,1
7t2g,active,125,1,0,0
7t2g,active,130,1,0,0
7t2g,active,135,1,0,0
7t2g,active,137,2,0,0
7t2g,active,150,0,0,1
7t2g,active,151,1,0,1
7t2g,active,167,0,2,0
7t2g,active,168,1,0,0
7t2g,active,173,1,0,0
7t2g,active,194,1,0,1
7t2g,active,243,1,0,0
7t2g,active,254,0,1,0
7t2g,active,295,0,0,1
7t2g,active,299,1,0,1
7t2g,active,301,1,1,1
7t2g,active,305,0,2,0
7t2g,active,315,0,0,1
7t2g,active,320,1,1,0
7t2g,active,321,1,0,1
7t2g,active,328,0,0,1
7t2g,active,338,0,1,0
7t2h,active,93,0,1,0
7t2h,active,97,0,2,0
7t2h,active,98,0,1,0
7t2h,active,125,1,0,0
7t2h,active,130,1,0,0
7t2h,active,135,1,0,1
7t2h,active,137,2,0,0
7t2h,active,150,0,0,1
7t2h,active,151,1,0,0
7t2h,active,154,1,0,0
7t2h,active,158,1,0,0
7t2h,active,167,0,2,0
7t2h,active,173,0,1,0
7t2h,active,176,0,1,0
7t2h,active,194,1,0,0
7t2h,active,243,1,0,0
7t2h,active,254,0,1,0
7t2h,active,295,0,0,1
7t2h,active,299,1,0,1
7t2h,active,301,1,0,0
7t2h,active,305,0,1,0
7t2h,active,320,1,1,1
7t2h,active,321,1,0,0
7t2h,active,328,0,0,1
7t2h,active,338,0,1,0
7u2k,active,125,1,0,0
7u2k,active,130,1,0,0
7u2k,active,135,1,0,1
7u2k,active,137,2,0,0
7u2k,active,150,0,0,1
7u2k,active,167,0,2,0
7u2k,active,243,1,0,0
7u2k,active,254,0,1,0
7u2k,active,295,0,0,1
7u2k,active,299,1,0,1
7u2k,active,301,0,1,0
7u2k,active,305,0,2,0
7u2k,active,320,0,1,0
7u2k,active,321,1,0,0
7u2k,active,328,0,0,1
7u2k,active,338,0,1,0
7u2k,active,340,0,1,0
7u2k,active,346,0,1,0
7u2l,active,77,1,0,0
7u2l,active,93,0,1,0
7u2l,active,97,0,1,0
7u2l,active,125,1,0,0
7u2l,active,130,1,0,0
7u2l,active,135,1,0,1
7u2l,active,137,2,0,0
7u2l,active,150,0,0,1
7u2l,active,151,1,0,0
7u2l,active,154,1,0,0
7u2l,active,158,1,0,0
7u2l,active,167,0,2,0
7u2l,active,168,1,0,0
7u2l,active,173,1,1,0
7u2l,active,176,0,1,0
7u2l,active,194,1,0,0
7u2l,active,243,1,0,0
7u2l,active,254,0,1,0
7u2l,active,295,1,0,1
7u2l,active,299,2,0,1
7u2l,active,305,0,1,0
7u2l,active,320,0,1,0
7u2l,active,321,2,0,0
7u2l,active,328,0,0,1
7u2l,active,338,0,1,0
7ul4,inactive,125,1,0,0
7ul4,inactive,130,1,0,1
7ul4,inactive,135,1,0,1
7ul4,inactive,137,2,0,0
7ul4,inactive,243,1,0,0
7ul4,inactive,299,1,0,1
7ul4,inactive,305,0,1,0
7ul4,inactive,320,0,1,1
7ul4,inactive,321,1,0,0
8Y72,active,77,1,0,0
8Y72,active,93,0,1,0
8Y72,active,97,0,1,0
8Y72,active,110,0,0,1
8Y72,active,125,1,0,0
8Y72,active,130,1,0,0
8Y72,active,135,1,0,1
8Y72,active,137,2,0,0
8Y72,active,150,0,0,1
8Y72,active,151,0,0,1
8Y72,active,158,0,0,1
8Y72,active,167,0,2,0
8Y72,active,168,1,0,0
8Y72,active,173,1,1,0
8Y72,active,176,0,1,0
8Y72,active,194,0,0,1
8Y72,active,241,0,0,1
8Y72,active,243,1,0,0
8Y72,active,254,0,1,0
8Y72,active,299,1,0,0
8Y72,active,301,0,0,1
8Y72,active,305,0,1,0
8Y72,active,315,0,0,1
8Y72,active,320,0,1,1
8Y72,active,321,2,0,0
8Y72,active,338,0,1,0
8Y73,active,93,0,1,0
8Y73,active,97,0,2,0
8Y73,active,98,0,1,0
8Y73,active,110,0,0,1
8Y73,active,125,1,0,0
8Y73,active,130,1,0,0
8Y73,active,135,1,0,1
8Y73,active,137,2,0,0
8Y73,active,151,0,0,1
8Y73,active,167,0,2,0
8Y73,active,168,1,0,0
8Y73,active,173,1,1,0
8Y73,active,176,0,1,0
8Y73,active,194,0,0,1
8Y73,active,243,1,0,0
8Y73,active,254,0,1,0
8Y73,active,299,1,0,0
8Y73,active,301,0,0,1
8Y73,active,305,0,1,0
8Y73,active,315,0,0,1
8Y73,active,320,0,1,1
8Y73,active,321,1,0,0
8Y73,active,338,0,1,0
8e0g,active,86,0,0,1
8e0g,active,93,0,0,1
8e0g,active,97,0,1,0
8e0g,active,98,0,1,0
8e0g,active,125,1,0,0
8e0g,active,130,1,0,0
8e0g,active,135,1,0,0
8e0g,active,137,2,0,0
8e0g,active,150,0,0,1
8e0g,active,154,1,0,0
8e0g,active,158,1,0,1
8e0g,active,167,0,2,0
8e0g,active,168,1,0,0
8e0g,active,173,1,2,0
8e0g,active,176,0,1,0
8e0g,active,180,0,0,1
8e0g,active,225,0,0,1
8e0g,active,239,0,0,1
8e0g,active,243,1,0,1
8e0g,active,254,0,1,0
8e0g,active,260,0,1,0
8e0g,active,295,0,0,1
8e0g,active,299,1,0,1
8e0g,active,301,1,1,1
8e0g,active,305,0,2,0
8e0g,active,315,0,0,1
8e0g,active,320,1,1,1
8e0g,active,321,1,0,1
8e0g,active,328,0,0,1
8e0g,active,338,0,1,0
8ef5,active,93,0,1,0
8ef5,active,97,0,2,0
8ef5,active,98,1,1,0
8ef5,active,110,0,0,1
8ef5,active,125,1,0,0
8ef5,active,130,1,0,0
8ef5,active,135,1,0,1
8ef5,active,137,2,0,0
8ef5,active,150,0,0,1
8ef5,active,158,0,0,1
8ef5,active,167,0,2,0
8ef5,active,168,0,0,1
8ef5,active,173,0,0,1
8ef5,active,194,0,0,1
8ef5,active,228,0,0,1
8ef5,active,229,0,0,1
8ef5,active,230,0,0,1
8ef5,active,241,0,0,1
8ef5,active,243,1,0,0
8ef5,active,254,0,1,0
8ef5,active,295,0,0,1
8ef5,active,299,1,0,1
8ef5,active,301,0,0,1
8ef5,active,305,0,1,0
8ef5,active,320,0,1,0
8ef5,active,321,1,0,0
8ef5,active,328,0,0,1
8ef5,active,338,0,1,0
8ef5,active,340,1,0,0
8ef5,active,349,1,0,0
8ef5,active,352,1,0,0
8ef6,active,77,1,0,0
8ef6,active,93,0,1,0
8ef6,active,97,0,2,0
8ef6,active,98,1,1,0
8ef6,active,110,0,0,1
8ef6,active,125,1,0,0
8ef6,active,130,1,0,0
8ef6,active,135,1,0,0
8ef6,active,137,2,0,0
8ef6,active,150,0,0,1
8ef6,active,151,0,0,1
8ef6,active,158,0,0,1
8ef6,active,167,0,2,0
8ef6,active,168,0,0,1
8ef6,active,173,0,0,1
8ef6,active,194,0,0,1
8ef6,active,228,0,0,1
8ef6,active,229,0,0,1
8ef6,active,230,0,0,1
8ef6,active,241,0,0,1
8ef6,active,243,1,0,0
8ef6,active,254,0,1,0
8ef6,active,295,0,0,1
8ef6,active,299,1,0,1
8ef6,active,301,0,0,1
8ef6,active,305,0,1,0
8ef6,active,315,0,0,1
8ef6,active,320,0,1,1
8ef6,active,321,2,0,0
8ef6,active,328,0,0,1
8ef6,active,338,0,1,0
8ef6,active,352,1,0,0
8efb,active,93,0,1,0
8efb,active,97,0,1,0
8efb,active,98,1,0,0
8efb,active,125,1,0,0
8efb,active,130,1,0,0
8efb,active,135,1,0,1
8efb,active,137,2,0,0
8efb,active,150,0,0,1
8efb,active,151,1,0,0
8efb,active,167,0,2,0
8efb,active,194,1,0,0
8efb,active,243,1,0,0
8efb,active,254,0,1,0
8efb,active,295,0,0,1
8efb,active,299,1,0,1
8efb,active,305,0,1,0
8efb,active,320,0,1,1
8efb,active,321,1,0,0
8efb,active,328,0,0,1
8efb,active,338,0,1,0
8efb,active,340,1,0,0
8efb,active,349,1,0,0
8efb,active,352,1,0,0
8efl,active,93,0,1,0
8efl,active,97,0,2,0
8efl,active,98,1,1,0
8efl,active,110,0,0,1
8efl,active,125,1,0,0
8efl,active,130,1,0,0
8efl,active,135,1,0,1
8efl,active,137,2,0,0
8efl,active,150,0,0,1
8efl,active,151,1,0,1
8efl,active,158,0,0,1
8efl,active,167,0,2,0
8efl,active,168,0,0,1
8efl,active,173,0,0,1
8efl,active,194,1,0,1
8efl,active,228,0,0,1
8efl,active,229,0,0,1
8efl,active,230,0,0,1
8efl,active,241,0,0,1
8efl,active,254,0,1,0
8efl,active,299,0,0,1
8efl,active,301,0,0,1
8efl,active,305,0,1,0
8efl,active,315,0,0,1
8efl,active,320,0,1,0
8efl,active,321,1,0,0
8efl,active,338,0,1,0
8efl,active,340,1,0,0
8efl,active,349,1,0,0
8efl,active,352,1,0,0
8efo,active,97,0,1,0
8efo,active,98,1,1,0
8efo,active,110,0,0,1
8efo,active,125,1,0,0
8efo,active,130,1,0,0
8efo,active,135,1,0,1
8efo,active,137,2,0,0
8efo,active,150,0,0,1
8efo,active,151,0,0,1
8efo,active,154,0,0,1
8efo,active,158,0,0,1
8efo,active,167,0,2,0
8efo,active,168,0,0,1
8efo,active,173,0,0,1
8efo,active,194,0,0,1
8efo,active,228,0,0,1
8efo,active,229,0,0,1
8efo,active,230,0,0,1
8efo,active,241,0,0,1
8efo,active,243,1,0,0
8efo,active,254,0,1,0
8efo,active,299,1,0,1
8efo,active,301,0,0,1
8efo,active,305,0,1,0
8efo,active,315,0,0,1
8efo,active,320,0,1,1
8efo,active,321,1,0,0
8efo,active,328,0,0,1
8efo,active,338,0,1,0
8efo,active,352,1,0,0
8efq,active,93,0,1,0
8efq,active,97,0,1,0
8efq,active,130,1,0,0
8efq,active,135,1,0,1
8efq,active,137,1,0,0
8efq,active,143,0,1,0
8efq,active,167,0,2,0
8efq,active,176,0,1,0
8efq,active,180,0,1,0
8efq,active,206,0,1,0
8efq,active,254,0,1,0
8efq,active,301,1,0,0
8efq,active,305,0,1,0
8efq,active,320,1,1,1
8efq,active,321,1,0,0
8efq,active,338,0,1,0
8f7q,active,93,0,1,0
8f7q,active,97,0,2,0
8f7q,active,98,1,1,0
8f7q,active,110,0,0,1
8f7q,active,125,1,0,0
8f7q,active,130,1,0,0
8f7q,active,135,1,0,0
8f7q,active,137,2,0,0
8f7q,active,151,0,0,1
8f7q,active,158,0,0,1
8f7q,active,167,0,2,0
8f7q,active,168,0,0,1
8f7q,active,173,0,0,1
8f7q,active,194,0,0,1
8f7q,active,228,0,0,1
8f7q,active,229,0,0,1
8f7q,active,230,0,0,1
8f7q,active,239,1,0,0
8f7q,active,241,0,0,1
8f7q,active,243,1,0,0
8f7q,active,254,0,1,0
8f7q,active,301,0,0,1
8f7q,active,305,0,1,0
8f7q,active,315,0,0,1
8f7q,active,320,0,1,0
8f7q,active,321,1,0,0
8f7q,active,338,0,1,0
8f7q,active,352,1,0,0
8f7r,active,93,0,1,0
8f7r,active,97,0,1,0
8f7r,active,98,1,0,0
8f7r,active,110,0,0,1
8f7r,active,125,1,0,0
8f7r,active,130,1,0,0
8f7r,active,135,1,0,0
8f7r,active,137,2,0,0
8f7r,active,151,0,0,1
8f7r,active,158,0,0,1
8f7r,active,167,0,2,0
8f7r,active,168,0,0,1
8f7r,active,173,0,0,1
8f7r,active,194,0,0,1
8f7r,active,228,0,0,1
8f7r,active,229,0,0,1
8f7r,active,230,0,0,1
8f7r,active,241,0,0,1
8f7r,active,243,1,0,0
8f7r,active,254,0,1,0
8f7r,active,299,1,0,0
8f7r,active,301,0,0,1
8f7r,active,305,0,1,0
8f7r,active,320,0,1,0
8f7r,active,321,1,0,0
8f7r,active,338,0,1,0
8f7r,active,352,1,0,0
8k9k,active,93,0,1,0
8k9k,active,97,0,1,0
8k9k,active,125,1,0,0
8k9k,active,130,1,0,0
8k9k,active,135,1,0,1
8k9k,active,137,2,0,0
8k9k,active,151,1,0,0
8k9k,active,167,0,2,0
8k9k,active,176,0,1,0
8k9k,active,180,0,1,0
8k9k,active,194,1,0,0
8k9k,active,243,1,0,0
8k9k,active,254,0,1,0
8k9k,active,299,1,0,0
8k9k,active,301,1,0,0
8k9k,active,305,0,1,0
8k9k,active,320,1,1,1
8k9k,active,321,1,0,0
8k9k,active,338,0,1,0
8k9l,active,130,1,0,0
8k9l,active,135,1,0,0
8k9l,active,137,1,0,0
8k9l,active,151,1,0,0
8k9l,active,154,1,0,0
8k9l,active,158,1,0,1
8k9l,active,167,0,2,0
8k9l,active,180,0,0,1
8k9l,active,194,1,0,0
8k9l,active,241,0,0,1
8k9l,active,243,1,0,0
8k9l,active,254,0,1,0
8k9l,active,299,1,0,0
8k9l,active,301,1,0,0
8k9l,active,305,0,1,0
8k9l,active,320,1,1,1
8k9l,active,321,1,0,0
8k9l,active,338,0,1,0
9MQI,inactive,93,1,0,0
9MQI,inactive,125,1,0,0
9MQI,inactive,130,1,0,1
9MQI,inactive,135,1,0,0
9MQI,inactive,137,2,0,0
9MQI,inactive,150,0,0,1
9MQI,inactive,154,1,0,0
9MQI,inactive,158,1,0,0
9MQI,inactive,168,1,0,0
9MQI,inactive,173,1,0,0
9MQI,inactive,243,1,0,0
9MQI,inactive,295,0,0,1
9MQI,inactive,299,1,0,1
9MQI,inactive,305,0,1,0
9MQI,inactive,320,0,1,0
9MQI,inactive,321,1,0,0
9MQI,inactive,328,0,0,1
9MQI,inactive,352,1,0,0
9PXU,inactive,98,0,1,0
9PXU,inactive,110,0,1,0
9PXU,inactive,130,1,0,0
9PXU,inactive,150,0,0,1
9PXU,inactive,151,1,0,0
9PXU,inactive,173,0,1,0
9PXU,inactive,187,0,1,0
9PXU,inactive,194,1,0,0
9PXU,inactive,243,1,0,0
9PXU,inactive,260,0,1,0
9PXU,inactive,295,0,0,1
9PXU,inactive,299,1,0,1
9PXU,inactive,301,0,1,0
9PXU,inactive,305,0,2,0
9PXU,inactive,320,0,1,1
9PXU,inactive,321,1,0,0
9PXU,inactive,328,0,0,1
9PXU,inactive,338,1,0,0
9PXU,inactive,345,1,0,0
9PXU,inactive,347,0,1,0
9PY2,active,93,0,1,0
9PY2,active,97,0,1,0
9PY2,active,110,0,0,1
9PY2,active,125,1,0,0
9PY2,active,130,1,0,0
9PY2,active,135,1,0,1
9PY2,active,137,2,0,0
9PY2,active,150,0,0,1
9PY2,active,151,1,0,1
9PY2,active,154,0,0,1
9PY2,active,167,0,2,0
9PY2,active,168,1,0,0
9PY2,active,173,1,1,0
9PY2,active,176,0,1,0
9PY2,active,194,1,0,1
9PY2,active,243,1,0,0
9PY2,active,254,0,1,0
9PY2,active,295,0,0,1
9PY2,active,299,1,0,1
9PY2,active,301,0,1,1
9PY2,active,305,0,2,0
9PY2,active,320,0,1,0
9PY2,active,321,1,0,0
9PY2,active,328,0,0,1
9PY2,active,338,0,1,0
9PY3,active,97,0,1,0
9PY3,active,98,0,1,0
9PY3,active,110,0,0,1
9PY3,active,130,1,0,0
9PY3,active,135,1,0,1
9PY3,active,137,1,0,0
9PY3,active,150,0,0,1
9PY3,active,151,1,0,0
9PY3,active,154,1,0,1
9PY3,active,158,1,0,0
9PY3,active,167,0,2,0
9PY3,active,168,1,0,0
9PY3,active,173,1,0,0
9PY3,active,194,1,0,1
9PY3,active,243,1,0,0
9PY3,active,254,0,1,0
9PY3,active,295,0,0,1
9PY3,active,299,1,0,1
9PY3,active,301,0,0,1
9PY3,active,305,0,1,0
9PY3,active,320,0,1,0
9PY3,active,321,1,0,0
9PY3,active,328,0,0,1
9PY3,active,338,0,1,0
9PY3,active,340,0,1,0
9PY3,active,346,0,1,0
9PY4,active,93,1,0,0
9PY4,active,97,0,1,0
9PY4,active,98,2,1,0
9PY4,active,110,0,0,1
9PY4,active,130,1,0,0
9PY4,active,135,1,0,1
9PY4,active,137,1,0,0
9PY4,active,150,0,0,1
9PY4,active,154,0,0,1
9PY4,active,167,0,2,0
9PY4,active,173,0,1,0
9PY4,active,176,0,1,0
9PY4,active,194,0,0,1
9PY4,active,243,1,0,0
9PY4,active,254,0,1,0
9PY4,active,295,0,0,1
9PY4,active,299,1,0,1
9PY4,active,301,0,1,1
9PY4,active,305,0,2,0
9PY4,active,320,0,1,0
9PY4,active,321,1,0,0
9PY4,active,328,0,0,1
9PY4,active,338,0,1,0
9PY4,active,352,1,0,0
9WST,active,77,1,0,0
9WST,active,93,0,1,0
9WST,active,97,0,2,0
9WST,active,98,0,1,0
9WST,active,125,1,0,0
9WST,active,130,1,0,0
9WST,active,135,1,0,1
9WST,active,137,2,0,0
9WST,active,151,1,0,0
9WST,active,167,0,2,0
9WST,active,168,1,0,0
9WST,active,173,1,1,0
9WST,active,176,0,1,0
9WST,active,194,1,0,0
9WST,active,243,1,0,0
9WST,active,254,0,1,0
9WST,active,299,1,0,0
9WST,active,301,0,1,0
9WST,active,305,0,2,0
9WST,active,320,0,1,1
9WST,active,321,2,0,0
9WST,active,338,0,1,0
9WSW,active,77,1,0,0
9WSW,active,93,0,1,0
9WSW,active,97,0,2,0
9WSW,active,98,0,1,0
9WSW,active,125,1,0,0
9WSW,active,130,1,0,0
9WSW,active,135,1,0,0
9WSW,active,137,2,0,0
9WSW,active,151,1,0,0
9WSW,active,154,1,0,0
9WSW,active,158,1,0,0
9WSW,active,167,0,2,0
9WSW,active,168,1,0,0
9WSW,active,173,1,0,0
9WSW,active,194,1,0,0
9WSW,active,223,1,0,0
9WSW,active,230,1,0,0
9WSW,active,254,0,1,0
9WSW,active,295,1,0,0
9WSW,active,299,1,0,0
9WSW,active,301,0,1,0
9WSW,active,305,0,2,0
9WSW,active,320,0,1,0
9WSW,active,321,2,0,0
9WSW,active,338,0,1,0
9bjk,inactive,77,0,0,1
9bjk,inactive,125,1,0,0
9bjk,inactive,135,1,0,1
9bjk,inactive,137,2,0,0
9bjk,inactive,150,0,0,1
9bjk,inactive,168,1,0,0
9bjk,inactive,173,1,0,0
9bjk,inactive,243,1,0,0
9bjk,inactive,295,0,0,1
9bjk,inactive,299,1,0,1
9bjk,inactive,301,1,1,0
9bjk,inactive,305,0,2,0
9bjk,inactive,320,1,1,1
9bjk,inactive,321,0,0,1
9bjk,inactive,328,0,0,1
9bqj,active,130,1,0,0
9bqj,active,135,0,0,1
9bqj,active,150,0,0,1
9bqj,active,167,0,2,0
9bqj,active,243,1,0,0
9bqj,active,254,0,1,0
9bqj,active,295,0,0,1
9bqj,active,299,1,0,1
9bqj,active,305,0,1,0
9bqj,active,320,0,1,0
9bqj,active,321,1,0,0
9bqj,active,328,0,0,1
9bqj,active,338,0,1,0
