residue_number_human,hbond_total_active_mean,hbond_total_active_std,hbond_total_active_n,hbond_total_inactive_mean,hbond_total_inactive_std,hbond_total_inactive_n,hbond_total_delta,hbond_bb_bb_active_mean,hbond_bb_bb_active_std,hbond_bb_bb_active_n,hbond_bb_bb_inactive_mean,hbond_bb_bb_inactive_std,hbond_bb_bb_inactive_n,hbond_bb_bb_delta,hbond_bb_sc_active_mean,hbond_bb_sc_active_std,hbond_bb_sc_active_n,hbond_bb_sc_inactive_mean,hbond_bb_sc_inactive_std,hbond_bb_sc_inactive_n,hbond_bb_sc_delta,hbond_sc_sc_active_mean,hbond_sc_sc_active_std,hbond_sc_sc_active_n,hbond_sc_sc_inactive_mean,hbond_sc_sc_inactive_std,hbond_sc_sc_inactive_n,hbond_sc_sc_delta,salt_bridge_active_mean,salt_bridge_active_std,salt_bridge_active_n,salt_bridge_inactive_mean,salt_bridge_inactive_std,salt_bridge_inactive_n,salt_bridge_delta,hydrophobic_active_mean,hydrophobic_active_std,hydrophobic_active_n,hydrophobic_inactive_mean,hydrophobic_inactive_std,hydrophobic_inactive_n,hydrophobic_delta
54,1.0,0.0,2,,,0,,0.0,0.0,2,,,0,,1.0,0.0,2,,,0,,0.0,0.0,2,,,0,,0.0,0.0,2,,,0,,0.0,0.0,2,,,0,
55,1.0,0.0,2,,,0,,0.0,0.0,2,,,0,,1.0,0.0,2,,,0,,0.0,0.0,2,,,0,,0.0,0.0,2,,,0,,0.0,0.0,2,,,0,
56,1.0,0.0,1,,,0,,0.0,0.0,1,,,0,,1.0,0.0,1,,,0,,0.0,0.0,1,,,0,,0.0,0.0,1,,,0,,0.0,0.0,1,,,0,
57,4.5,0.707,2,,,0,,0.0,0.0,2,,,0,,3.5,0.707,2,,,0,,1.0,0.0,2,,,0,,0.0,0.0,2,,,0,,0.0,0.0,2,,,0,
58,2.0,0.0,2,,,0,,0.0,0.0,2,,,0,,2.0,0.0,2,,,0,,0.0,0.0,2,,,0,,0.0,0.0,2,,,0,,0.0,0.0,2,,,0,
61,4.0,0.0,1,,,0,,1.0,0.0,1,,,0,,0.0,0.0,1,,,0,,3.0,0.0,1,,,0,,0.0,0.0,1,,,0,,0.0,0.0,1,,,0,
63,1.0,0.0,1,,,0,,1.0,0.0,1,,,0,,0.0,0.0,1,,,0,,0.0,0.0,1,,,0,,0.0,0.0,1,,,0,,0.0,0.0,1,,,0,
65,0.0,0.0,2,,,0,,0.0,0.0,2,,,0,,0.0,0.0,2,,,0,,0.0,0.0,2,,,0,,0.0,0.0,2,,,0,,1.0,0.0,2,,,0,
66,2.9,2.331,10,,,0,,1.8,0.919,10,,,0,,0.7,1.059,10,,,0,,0.4,0.843,10,,,0,,0.0,0.0,10,,,0,,0.0,0.0,10,,,0,
67,2.478,0.73,23,2.5,1.0,4,-0.022,2.478,0.73,23,2.5,1.0,4,-0.022,0.0,0.0,23,0.0,0.0,4,0.0,0.0,0.0,23,0.0,0.0,4,0.0,0.0,0.0,23,0.0,0.0,4,0.0,0.565,0.507,23,0.25,0.5,4,0.315
68,3.231,0.951,26,3.2,1.304,5,0.031,2.577,0.945,26,2.4,0.894,5,0.177,0.654,0.485,26,0.8,0.447,5,-0.146,0.0,0.0,26,0.0,0.0,5,0.0,0.0,0.0,26,0.0,0.0,5,0.0,0.077,0.272,26,0.4,0.548,5,-0.323
69,4.036,1.753,28,3.4,1.14,5,0.636,3.357,0.78,28,3.0,1.0,5,0.357,0.536,0.838,28,0.4,0.548,5,0.136,0.143,0.525,28,0.0,0.0,5,0.143,0.0,0.0,28,0.0,0.0,5,0.0,0.107,0.416,28,0.0,0.0,5,0.107
70,4.37,1.214,27,3.6,1.517,5,0.77,4.296,1.103,27,3.6,1.517,5,0.696,0.074,0.267,27,0.0,0.0,5,0.074,0.0,0.0,27,0.0,0.0,5,0.0,0.0,0.0,27,0.0,0.0,5,0.0,0.444,0.506,27,0.6,0.894,5,-0.156
71,4.37,1.214,27,4.2,2.168,5,0.17,4.37,1.214,27,4.2,2.168,5,0.17,0.0,0.0,27,0.0,0.0,5,0.0,0.0,0.0,27,0.0,0.0,5,0.0,0.0,0.0,27,0.0,0.0,5,0.0,0.667,0.555,27,1.0,0.707,5,-0.333
72,5.893,1.1,28,6.0,1.225,5,-0.107,5.036,0.881,28,4.8,1.095,5,0.236,0.857,0.705,28,1.2,0.447,5,-0.343,0.0,0.0,28,0.0,0.0,5,0.0,0.0,0.0,28,0.0,0.0,5,0.0,0.0,0.0,28,0.0,0.0,5,0.0
73,4.964,1.105,28,5.0,1.225,5,-0.036,4.964,1.105,28,5.0,1.225,5,-0.036,0.0,0.0,28,0.0,0.0,5,0.0,0.0,0.0,28,0.0,0.0,5,0.0,0.0,0.0,28,0.0,0.0,5,0.0,0.679,0.612,28,0.0,0.0,5,0.679
74,5.607,1.257,28,4.6,2.302,5,1.007,4.5,1.291,28,3.8,1.643,5,0.7,1.0,0.544,28,0.6,0.548,5,0.4,0.107,0.315,28,0.2,0.447,5,-0.093,0.0,0.0,28,0.0,0.0,5,0.0,0.786,0.418,28,1.0,1.225,5,-0.214
75,5.536,0.922,28,5.6,0.548,5,-0.064,5.214,0.686,28,5.4,0.894,5,-0.186,0.321,0.476,28,0.2,0.447,5,0.121,0.0,0.0,28,0.0,0.0,5,0.0,0.0,0.0,28,0.0,0.0,5,0.0,0.071,0.262,28,0.0,0.0,5,0.071
76,4.929,1.274,28,4.4,0.548,5,0.529,4.929,1.274,28,4.4,0.548,5,0.529,0.0,0.0,28,0.0,0.0,5,0.0,0.0,0.0,28,0.0,0.0,5,0.0,0.0,0.0,28,0.0,0.0,5,0.0,2.107,1.1,28,0.8,0.837,5,1.307
77,5.821,1.565,28,4.4,1.342,5,1.421,4.179,1.219,28,4.4,1.342,5,-0.221,0.143,0.356,28,0.0,0.0,5,0.143,1.5,0.882,28,0.0,0.0,5,1.5,0.0,0.0,28,0.0,0.0,5,0.0,0.0,0.0,28,0.0,0.0,5,0.0
78,6.607,1.1,28,5.4,1.517,5,1.207,5.393,0.685,28,4.4,0.894,5,0.993,1.214,0.63,28,0.8,0.447,5,0.414,0.0,0.0,28,0.2,0.447,5,-0.2,0.0,0.0,28,0.0,0.0,5,0.0,0.0,0.0,28,0.0,0.0,5,0.0
79,4.786,1.134,28,4.6,1.14,5,0.186,4.786,1.134,28,4.6,1.14,5,0.186,0.0,0.0,28,0.0,0.0,5,0.0,0.0,0.0,28,0.0,0.0,5,0.0,0.0,0.0,28,0.0,0.0,5,0.0,0.893,0.786,28,0.0,0.0,5,0.893
80,4.25,1.531,28,2.6,0.548,5,1.65,4.25,1.531,28,2.6,0.548,5,1.65,0.0,0.0,28,0.0,0.0,5,0.0,0.0,0.0,28,0.0,0.0,5,0.0,0.0,0.0,28,0.0,0.0,5,0.0,1.75,0.645,28,1.4,0.548,5,0.35
81,4.929,1.016,28,4.0,1.581,5,0.929,4.893,0.956,28,4.0,1.581,5,0.893,0.036,0.189,28,0.0,0.0,5,0.036,0.0,0.0,28,0.0,0.0,5,0.0,0.0,0.0,28,0.0,0.0,5,0.0,0.0,0.0,28,0.0,0.0,5,0.0
82,5.071,1.016,28,3.6,1.14,5,1.471,5.071,1.016,28,3.6,1.14,5,1.471,0.0,0.0,28,0.0,0.0,5,0.0,0.0,0.0,28,0.0,0.0,5,0.0,0.0,0.0,28,0.0,0.0,5,0.0,0.25,0.585,28,0.0,0.0,5,0.25
83,3.75,1.076,28,3.0,1.0,5,0.75,3.75,1.076,28,3.0,1.0,5,0.75,0.0,0.0,28,0.0,0.0,5,0.0,0.0,0.0,28,0.0,0.0,5,0.0,0.0,0.0,28,0.0,0.0,5,0.0,0.536,0.508,28,0.0,0.0,5,0.536
84,5.929,1.052,28,4.8,1.789,5,1.129,4.964,0.962,28,3.8,1.789,5,1.164,0.964,0.637,28,1.0,0.0,5,-0.036,0.0,0.0,28,0.0,0.0,5,0.0,0.0,0.0,28,0.0,0.0,5,0.0,0.0,0.0,28,0.0,0.0,5,0.0
85,3.821,1.307,28,3.2,1.304,5,0.621,3.821,1.307,28,3.2,1.304,5,0.621,0.0,0.0,28,0.0,0.0,5,0.0,0.0,0.0,28,0.0,0.0,5,0.0,0.0,0.0,28,0.0,0.0,5,0.0,1.25,0.518,28,0.6,0.548,5,0.65
86,4.25,1.351,28,4.2,1.789,5,0.05,4.25,1.351,28,4.2,1.789,5,0.05,0.0,0.0,28,0.0,0.0,5,0.0,0.0,0.0,28,0.0,0.0,5,0.0,0.0,0.0,28,0.0,0.0,5,0.0,0.75,0.441,28,0.4,0.548,5,0.35
87,4.429,1.168,28,4.2,1.095,5,0.229,4.429,1.168,28,4.2,1.095,5,0.229,0.0,0.0,28,0.0,0.0,5,0.0,0.0,0.0,28,0.0,0.0,5,0.0,0.0,0.0,28,0.0,0.0,5,0.0,0.0,0.0,28,0.0,0.0,5,0.0
88,5.857,1.353,28,5.4,1.817,5,0.457,4.393,1.257,28,3.8,1.304,5,0.593,1.393,0.567,28,1.6,0.548,5,-0.207,0.071,0.262,28,0.0,0.0,5,0.071,0.0,0.0,28,0.0,0.0,5,0.0,0.0,0.0,28,0.0,0.0,5,0.0
89,4.357,1.393,28,4.0,2.0,5,0.357,4.357,1.393,28,4.0,2.0,5,0.357,0.0,0.0,28,0.0,0.0,5,0.0,0.0,0.0,28,0.0,0.0,5,0.0,0.0,0.0,28,0.0,0.0,5,0.0,1.893,0.875,28,0.6,0.548,5,1.293
90,5.179,0.723,28,5.0,0.707,5,0.179,5.179,0.723,28,5.0,0.707,5,0.179,0.0,0.0,28,0.0,0.0,5,0.0,0.0,0.0,28,0.0,0.0,5,0.0,0.0,0.0,28,0.0,0.0,5,0.0,2.036,0.881,28,2.4,0.894,5,-0.364
91,5.357,0.731,28,5.2,1.304,5,0.157,5.357,0.731,28,5.2,1.304,5,0.157,0.0,0.0,28,0.0,0.0,5,0.0,0.0,0.0,28,0.0,0.0,5,0.0,0.0,0.0,28,0.0,0.0,5,0.0,5.714,0.937,28,5.2,0.447,5,0.514
92,4.464,1.427,28,4.0,1.225,5,0.464,4.464,1.427,28,4.0,1.225,5,0.464,0.0,0.0,28,0.0,0.0,5,0.0,0.0,0.0,28,0.0,0.0,5,0.0,0.0,0.0,28,0.0,0.0,5,0.0,3.5,0.745,28,1.6,0.894,5,1.9
93,5.643,1.062,28,5.8,0.447,5,-0.157,5.393,0.916,28,5.8,0.447,5,-0.407,0.0,0.0,28,0.0,0.0,5,0.0,0.25,0.441,28,0.0,0.0,5,0.25,0.0,0.0,28,0.0,0.0,5,0.0,0.0,0.0,28,0.0,0.0,5,0.0
94,4.679,1.442,28,3.4,2.408,5,1.279,4.679,1.442,28,3.4,2.408,5,1.279,0.0,0.0,28,0.0,0.0,5,0.0,0.0,0.0,28,0.0,0.0,5,0.0,0.0,0.0,28,0.0,0.0,5,0.0,1.929,0.94,28,2.4,0.548,5,-0.471
95,4.643,1.446,28,2.8,1.095,5,1.843,4.321,1.124,28,2.8,1.095,5,1.521,0.321,0.476,28,0.0,0.0,5,0.321,0.0,0.0,28,0.0,0.0,5,0.0,0.0,0.0,28,0.0,0.0,5,0.0,4.393,1.066,28,3.6,0.894,5,0.793
96,2.286,0.854,28,2.6,0.894,5,-0.314,2.143,0.756,28,2.4,0.548,5,-0.257,0.143,0.356,28,0.2,0.447,5,-0.057,0.0,0.0,28,0.0,0.0,5,0.0,0.0,0.0,28,0.0,0.0,5,0.0,0.714,0.659,28,0.6,0.548,5,0.114
97,2.5,1.262,28,1.6,0.548,5,0.9,1.893,0.832,28,1.6,0.548,5,0.293,0.357,0.488,28,0.0,0.0,5,0.357,0.25,0.441,28,0.0,0.0,5,0.25,0.0,0.0,28,0.0,0.0,5,0.0,0.0,0.0,28,0.0,0.0,5,0.0
98,1.429,0.504,28,1.75,0.957,4,-0.321,1.393,0.497,28,1.5,1.0,4,-0.107,0.036,0.189,28,0.25,0.5,4,-0.214,0.0,0.0,28,0.0,0.0,4,0.0,0.0,0.0,28,0.0,0.0,4,0.0,0.0,0.0,28,0.0,0.0,4,0.0
99,2.407,1.152,27,2.0,0.0,5,0.407,1.778,0.892,27,2.0,0.0,5,-0.222,0.407,0.572,27,0.0,0.0,5,0.407,0.222,0.424,27,0.0,0.0,5,0.222,0.0,0.0,27,0.0,0.0,5,0.0,0.0,0.0,27,0.0,0.0,5,0.0
100,2.5,1.232,28,1.333,0.577,3,1.167,1.75,0.844,28,1.333,0.577,3,0.417,0.75,0.752,28,0.0,0.0,3,0.75,0.0,0.0,28,0.0,0.0,3,0.0,0.0,0.0,28,0.0,0.0,3,0.0,0.0,0.0,28,0.0,0.0,3,0.0
101,0.75,0.518,28,3.2,0.837,5,-2.45,0.714,0.46,28,2.2,0.447,5,-1.486,0.036,0.189,28,0.8,0.447,5,-0.764,0.0,0.0,28,0.2,0.447,5,-0.2,0.0,0.0,28,0.0,0.0,5,0.0,2.571,0.79,28,1.0,1.414,5,1.571
102,1.111,0.323,18,2.0,1.225,5,-0.889,1.056,0.416,18,1.6,0.548,5,-0.544,0.056,0.236,18,0.4,0.894,5,-0.344,0.0,0.0,18,0.0,0.0,5,0.0,0.0,0.0,18,0.0,0.0,5,0.0,0.0,0.0,18,0.0,0.0,5,0.0
103,3.64,1.287,25,4.4,1.342,5,-0.76,2.36,0.757,25,3.0,0.707,5,-0.64,0.48,0.586,25,0.6,0.548,5,-0.12,0.8,0.5,25,0.8,0.837,5,0.0,0.0,0.0,25,0.0,0.0,5,0.0,0.0,0.0,25,0.0,0.0,5,0.0
104,2.607,0.786,28,2.667,0.577,3,-0.06,2.607,0.786,28,2.667,0.577,3,-0.06,0.0,0.0,28,0.0,0.0,3,0.0,0.0,0.0,28,0.0,0.0,3,0.0,0.0,0.0,28,0.0,0.0,3,0.0,1.071,0.262,28,0.333,0.577,3,0.738
105,3.679,0.67,28,2.6,1.817,5,1.079,3.357,0.678,28,2.4,1.517,5,0.957,0.071,0.262,28,0.0,0.0,5,0.071,0.25,0.441,28,0.2,0.447,5,0.05,0.0,0.0,28,0.0,0.0,5,0.0,0.0,0.0,28,0.0,0.0,5,0.0
106,5.321,2.127,28,5.2,2.28,5,0.121,3.75,1.206,28,3.2,0.837,5,0.55,0.643,0.87,28,1.0,1.0,5,-0.357,0.929,0.716,28,1.0,1.225,5,-0.071,0.0,0.0,28,0.0,0.0,5,0.0,0.0,0.0,28,0.0,0.0,5,0.0
107,5.429,0.997,28,5.0,1.581,5,0.429,5.0,0.816,28,4.0,1.581,5,1.0,0.429,0.504,28,1.0,0.0,5,-0.571,0.0,0.0,28,0.0,0.0,5,0.0,0.0,0.0,28,0.0,0.0,5,0.0,2.393,0.737,28,1.8,0.447,5,0.593
108,4.714,1.117,28,3.8,0.837,5,0.914,4.714,1.117,28,3.8,0.837,5,0.914,0.0,0.0,28,0.0,0.0,5,0.0,0.0,0.0,28,0.0,0.0,5,0.0,0.0,0.0,28,0.0,0.0,5,0.0,0.0,0.0,28,0.0,0.0,5,0.0
109,4.964,0.962,28,4.4,0.894,5,0.564,4.964,0.962,28,4.4,0.894,5,0.564,0.0,0.0,28,0.0,0.0,5,0.0,0.0,0.0,28,0.0,0.0,5,0.0,0.0,0.0,28,0.0,0.0,5,0.0,3.929,1.052,28,4.0,0.707,5,-0.071
110,5.036,0.793,28,5.0,1.414,5,0.036,5.036,0.793,28,5.0,1.414,5,0.036,0.0,0.0,28,0.0,0.0,5,0.0,0.0,0.0,28,0.0,0.0,5,0.0,0.0,0.0,28,0.0,0.0,5,0.0,3.607,0.832,28,3.0,0.707,5,0.607
111,6.929,1.824,28,7.4,1.342,5,-0.471,4.929,1.052,28,5.2,0.837,5,-0.271,0.321,0.476,28,0.0,0.0,5,0.321,1.679,1.219,28,2.2,0.837,5,-0.521,0.0,0.0,28,0.0,0.0,5,0.0,0.0,0.0,28,0.0,0.0,5,0.0
112,5.071,0.94,28,5.2,1.095,5,-0.129,5.071,0.94,28,5.2,1.095,5,-0.129,0.0,0.0,28,0.0,0.0,5,0.0,0.0,0.0,28,0.0,0.0,5,0.0,0.0,0.0,28,0.0,0.0,5,0.0,1.393,0.567,28,1.6,0.548,5,-0.207
113,4.464,0.999,28,3.8,1.304,5,0.664,4.357,0.911,28,3.8,1.304,5,0.557,0.107,0.315,28,0.0,0.0,5,0.107,0.0,0.0,28,0.0,0.0,5,0.0,0.0,0.0,28,0.0,0.0,5,0.0,2.0,0.0,28,1.2,0.447,5,0.8
114,5.393,0.629,28,5.6,0.548,5,-0.207,5.393,0.629,28,5.6,0.548,5,-0.207,0.0,0.0,28,0.0,0.0,5,0.0,0.0,0.0,28,0.0,0.0,5,0.0,0.0,0.0,28,0.0,0.0,5,0.0,2.714,0.763,28,2.2,0.837,5,0.514
115,4.0,1.186,28,4.2,1.304,5,-0.2,3.929,1.184,28,4.0,1.0,5,-0.071,0.071,0.262,28,0.2,0.447,5,-0.129,0.0,0.0,28,0.0,0.0,5,0.0,0.0,0.0,28,0.0,0.0,5,0.0,0.75,0.441,28,0.2,0.447,5,0.55
116,7.571,1.26,28,7.0,1.414,5,0.571,4.464,0.999,28,4.8,1.095,5,-0.336,1.036,0.744,28,1.2,0.447,5,-0.164,2.071,1.052,28,1.0,1.0,5,1.071,0.0,0.0,28,0.0,0.0,5,0.0,0.0,0.0,28,0.0,0.0,5,0.0
117,5.5,1.171,28,5.4,1.342,5,0.1,4.893,0.956,28,4.4,1.14,5,0.493,0.607,0.737,28,1.0,0.707,5,-0.393,0.0,0.0,28,0.0,0.0,5,0.0,0.0,0.0,28,0.0,0.0,5,0.0,1.214,0.995,28,0.4,0.548,5,0.814
118,4.143,1.604,28,4.6,1.14,5,-0.457,3.107,1.423,28,3.8,1.483,5,-0.693,1.036,0.576,28,0.8,0.447,5,0.236,0.0,0.0,28,0.0,0.0,5,0.0,0.0,0.0,28,0.0,0.0,5,0.0,1.393,0.786,28,2.2,0.837,5,-0.807
119,4.75,1.624,28,4.6,1.342,5,0.15,3.821,1.249,28,3.8,1.095,5,0.021,0.929,0.716,28,0.8,0.447,5,0.129,0.0,0.0,28,0.0,0.0,5,0.0,0.0,0.0,28,0.0,0.0,5,0.0,0.071,0.262,28,0.0,0.0,5,0.071
120,5.429,1.23,28,6.2,1.304,5,-0.771,4.143,0.705,28,4.0,1.225,5,0.143,1.107,0.786,28,1.8,0.447,5,-0.693,0.179,0.548,28,0.4,0.894,5,-0.221,0.0,0.0,28,0.0,0.0,5,0.0,0.0,0.0,28,0.0,0.0,5,0.0
121,3.857,0.97,28,2.8,0.837,5,1.057,2.929,0.766,28,1.8,0.837,5,1.129,0.929,0.604,28,1.0,0.0,5,-0.071,0.0,0.0,28,0.0,0.0,5,0.0,0.0,0.0,28,0.0,0.0,5,0.0,0.0,0.0,28,0.0,0.0,5,0.0
122,5.786,1.729,28,4.6,0.548,5,1.186,3.679,1.056,28,3.2,0.837,5,0.479,1.036,0.576,28,0.8,0.447,5,0.236,1.071,1.386,28,0.6,1.342,5,0.471,0.0,0.0,28,0.0,0.0,5,0.0,0.0,0.0,28,0.0,0.0,5,0.0
123,4.929,0.813,28,4.6,0.548,5,0.329,4.536,0.637,28,4.2,0.837,5,0.336,0.393,0.497,28,0.4,0.548,5,-0.007,0.0,0.0,28,0.0,0.0,5,0.0,0.0,0.0,28,0.0,0.0,5,0.0,1.0,0.0,28,0.8,0.447,5,0.2
124,3.071,1.052,28,3.0,1.225,5,0.071,2.571,0.92,28,2.4,0.894,5,0.171,0.5,0.509,28,0.6,0.548,5,-0.1,0.0,0.0,28,0.0,0.0,5,0.0,0.0,0.0,28,0.0,0.0,5,0.0,0.0,0.0,28,0.0,0.0,5,0.0
125,3.964,1.071,28,3.2,1.304,5,0.764,3.929,1.052,28,3.2,1.304,5,0.729,0.036,0.189,28,0.0,0.0,5,0.036,0.0,0.0,28,0.0,0.0,5,0.0,0.0,0.0,28,0.0,0.0,5,0.0,3.571,0.69,28,3.2,0.447,5,0.371
126,6.75,2.287,28,6.8,2.049,5,-0.05,4.0,1.054,28,4.2,1.304,5,-0.2,0.107,0.315,28,0.0,0.0,5,0.107,2.643,1.66,28,2.6,3.13,5,0.043,0.0,0.0,28,0.0,0.0,5,0.0,0.0,0.0,28,0.0,0.0,5,0.0
127,6.107,1.227,28,5.6,1.949,5,0.507,5.036,1.071,28,4.6,1.14,5,0.436,0.964,0.744,28,1.0,1.0,5,-0.036,0.107,0.315,28,0.0,0.0,5,0.107,0.0,0.0,28,0.0,0.0,5,0.0,0.0,0.0,28,0.0,0.0,5,0.0
128,4.607,0.956,28,3.6,1.517,5,1.007,4.607,0.956,28,3.6,1.517,5,1.007,0.0,0.0,28,0.0,0.0,5,0.0,0.0,0.0,28,0.0,0.0,5,0.0,0.0,0.0,28,0.0,0.0,5,0.0,2.107,0.916,28,1.4,0.548,5,0.707
129,4.107,1.166,28,4.8,0.837,5,-0.693,3.857,1.177,28,4.2,1.304,5,-0.343,0.214,0.499,28,0.6,0.548,5,-0.386,0.036,0.189,28,0.0,0.0,5,0.036,0.0,0.0,28,0.0,0.0,5,0.0,0.0,0.0,28,0.0,0.0,5,0.0
130,3.321,1.307,28,3.0,1.0,5,0.321,3.25,1.206,28,2.2,0.447,5,1.05,0.071,0.378,28,0.0,0.0,5,0.071,0.0,0.0,28,0.8,1.095,5,-0.8,0.0,0.0,28,0.0,0.0,5,0.0,0.0,0.0,28,0.0,0.0,5,0.0
131,2.179,0.67,28,2.2,0.837,5,-0.021,2.179,0.67,28,2.2,0.837,5,-0.021,0.0,0.0,28,0.0,0.0,5,0.0,0.0,0.0,28,0.0,0.0,5,0.0,0.0,0.0,28,0.0,0.0,5,0.0,1.143,0.848,28,0.8,1.304,5,0.343
132,2.037,0.706,27,1.2,0.447,5,0.837,1.963,0.649,27,0.8,0.837,5,1.163,0.074,0.267,27,0.4,0.548,5,-0.326,0.0,0.0,27,0.0,0.0,5,0.0,0.0,0.0,27,0.0,0.0,5,0.0,1.222,0.698,27,0.4,0.548,5,0.822
133,1.852,0.989,27,1.4,0.548,5,0.452,1.667,0.784,27,1.2,0.447,5,0.467,0.185,0.396,27,0.2,0.447,5,-0.015,0.0,0.0,27,0.0,0.0,5,0.0,0.0,0.0,27,0.0,0.0,5,0.0,0.0,0.0,27,0.0,0.0,5,0.0
134,2.259,1.196,27,1.75,0.5,4,0.509,1.111,0.801,27,1.0,0.816,4,0.111,1.0,0.877,27,0.75,0.957,4,0.25,0.148,0.534,27,0.0,0.0,4,0.148,0.0,0.0,27,0.0,0.0,4,0.0,0.0,0.0,27,0.0,0.0,4,0.0
135,2.321,0.772,28,2.0,1.0,5,0.321,1.179,0.612,28,0.6,0.548,5,0.579,0.964,0.429,28,1.4,0.548,5,-0.436,0.179,0.39,28,0.0,0.0,5,0.179,0.0,0.0,28,0.0,0.0,5,0.0,2.75,0.844,28,3.2,0.447,5,-0.45
136,0.583,0.504,24,0.8,0.447,5,-0.217,0.583,0.504,24,0.8,0.447,5,-0.217,0.0,0.0,24,0.0,0.0,5,0.0,0.0,0.0,24,0.0,0.0,5,0.0,0.0,0.0,24,0.0,0.0,5,0.0,0.917,0.584,24,0.4,0.548,5,0.517
137,0.393,0.497,28,0.0,0.0,5,0.393,0.393,0.497,28,0.0,0.0,5,0.393,0.0,0.0,28,0.0,0.0,5,0.0,0.0,0.0,28,0.0,0.0,5,0.0,0.0,0.0,28,0.0,0.0,5,0.0,2.857,0.448,28,3.0,0.0,5,-0.143
138,2.714,1.084,28,2.6,1.517,5,0.114,1.75,1.143,28,1.4,1.517,5,0.35,0.964,0.331,28,1.2,0.447,5,-0.236,0.0,0.0,28,0.0,0.0,5,0.0,0.0,0.0,28,0.0,0.0,5,0.0,0.0,0.0,28,0.0,0.0,5,0.0
139,3.407,1.118,27,3.6,0.894,5,-0.193,2.037,0.759,27,2.6,0.548,5,-0.563,0.259,0.447,27,0.2,0.447,5,0.059,1.111,0.801,27,0.8,1.095,5,0.311,0.0,0.0,27,0.0,0.0,5,0.0,0.0,0.0,27,0.0,0.0,5,0.0
140,2.556,0.974,27,3.0,0.707,5,-0.444,2.556,0.974,27,3.0,0.707,5,-0.444,0.0,0.0,27,0.0,0.0,5,0.0,0.0,0.0,27,0.0,0.0,5,0.0,0.0,0.0,27,0.0,0.0,5,0.0,0.593,0.501,27,0.6,0.548,5,-0.007
141,3.143,0.97,28,2.4,1.14,5,0.743,3.143,0.97,28,2.4,1.14,5,0.743,0.0,0.0,28,0.0,0.0,5,0.0,0.0,0.0,28,0.0,0.0,5,0.0,0.0,0.0,28,0.0,0.0,5,0.0,3.214,0.995,28,3.4,0.894,5,-0.186
142,4.714,1.117,28,4.8,0.837,5,-0.086,4.5,1.291,28,4.8,0.837,5,-0.3,0.0,0.0,28,0.0,0.0,5,0.0,0.214,0.499,28,0.0,0.0,5,0.214,0.0,0.0,28,0.0,0.0,5,0.0,0.0,0.0,28,0.0,0.0,5,0.0
143,5.857,2.223,28,5.6,1.14,5,0.257,3.964,1.774,28,4.0,1.581,5,-0.036,1.714,1.182,28,1.6,0.894,5,0.114,0.179,0.39,28,0.0,0.0,5,0.179,0.0,0.0,28,0.0,0.0,5,0.0,0.0,0.0,28,0.0,0.0,5,0.0
144,4.214,1.031,28,4.2,1.304,5,0.014,4.179,1.02,28,4.2,1.304,5,-0.021,0.036,0.189,28,0.0,0.0,5,0.036,0.0,0.0,28,0.0,0.0,5,0.0,0.0,0.0,28,0.0,0.0,5,0.0,2.286,1.013,28,1.8,0.837,5,0.486
145,5.071,1.016,28,4.4,2.302,5,0.671,5.071,1.016,28,4.4,2.302,5,0.671,0.0,0.0,28,0.0,0.0,5,0.0,0.0,0.0,28,0.0,0.0,5,0.0,0.0,0.0,28,0.0,0.0,5,0.0,2.321,0.67,28,1.4,0.894,5,0.921
146,4.0,0.981,28,3.8,1.095,5,0.2,4.0,0.981,28,3.8,1.095,5,0.2,0.0,0.0,28,0.0,0.0,5,0.0,0.0,0.0,28,0.0,0.0,5,0.0,0.0,0.0,28,0.0,0.0,5,0.0,2.714,0.46,28,2.6,0.548,5,0.114
147,5.857,1.008,28,5.6,1.14,5,0.257,4.964,0.793,28,5.0,1.732,5,-0.036,0.893,0.629,28,0.6,0.894,5,0.293,0.0,0.0,28,0.0,0.0,5,0.0,0.0,0.0,28,0.0,0.0,5,0.0,0.0,0.0,28,0.0,0.0,5,0.0
148,4.571,1.136,28,5.0,0.707,5,-0.429,4.107,1.031,28,5.0,0.707,5,-0.893,0.464,0.508,28,0.0,0.0,5,0.464,0.0,0.0,28,0.0,0.0,5,0.0,0.0,0.0,28,0.0,0.0,5,0.0,1.143,0.756,28,1.4,0.548,5,-0.257
149,7.321,1.467,28,6.2,1.304,5,1.121,5.0,0.981,28,4.2,1.304,5,0.8,0.0,0.0,28,0.0,0.0,5,0.0,2.321,0.945,28,2.0,1.225,5,0.321,0.0,0.0,28,0.0,0.0,5,0.0,0.0,0.0,28,0.0,0.0,5,0.0
150,3.143,1.484,28,4.4,1.342,5,-1.257,3.143,1.484,28,4.4,1.342,5,-1.257,0.0,0.0,28,0.0,0.0,5,0.0,0.0,0.0,28,0.0,0.0,5,0.0,0.0,0.0,28,0.0,0.0,5,0.0,0.0,0.0,28,0.0,0.0,5,0.0
151,6.821,1.219,28,6.6,2.191,5,0.221,4.679,0.819,28,4.6,1.517,5,0.079,1.643,0.488,28,0.8,0.447,5,0.843,0.5,0.882,28,1.2,1.095,5,-0.7,0.0,0.0,28,0.0,0.0,5,0.0,0.0,0.0,28,0.0,0.0,5,0.0
152,5.0,2.373,28,6.0,1.871,5,-1.0,3.786,1.595,28,3.8,1.095,5,-0.014,1.214,1.067,28,1.6,0.548,5,-0.386,0.0,0.0,28,0.6,0.548,5,-0.6,0.0,0.0,28,0.0,0.0,5,0.0,0.0,0.0,28,0.0,0.0,5,0.0
153,4.429,1.23,28,2.8,0.837,5,1.629,4.214,1.197,28,2.8,0.837,5,1.414,0.143,0.356,28,0.0,0.0,5,0.143,0.071,0.262,28,0.0,0.0,5,0.071,0.0,0.0,28,0.0,0.0,5,0.0,2.964,0.962,28,2.0,0.707,5,0.964
154,4.286,1.301,28,4.8,1.304,5,-0.514,4.179,1.362,28,4.8,1.304,5,-0.621,0.107,0.315,28,0.0,0.0,5,0.107,0.0,0.0,28,0.0,0.0,5,0.0,0.0,0.0,28,0.0,0.0,5,0.0,4.536,0.744,28,3.6,1.14,5,0.936
155,7.964,2.333,28,6.4,2.302,5,1.564,4.179,1.492,28,3.4,1.342,5,0.779,2.643,0.989,28,2.6,1.817,5,0.043,1.143,1.008,28,0.4,0.894,5,0.743,0.0,0.0,28,0.0,0.0,5,0.0,0.0,0.0,28,0.0,0.0,5,0.0
156,5.536,1.644,28,5.2,2.049,5,0.336,4.357,1.224,28,3.6,1.949,5,0.757,0.464,0.881,28,1.0,0.0,5,-0.536,0.714,0.46,28,0.6,0.548,5,0.114,0.0,0.0,28,0.0,0.0,5,0.0,0.0,0.0,28,0.0,0.0,5,0.0
157,5.143,0.651,28,4.2,1.304,5,0.943,5.143,0.651,28,4.2,1.304,5,0.943,0.0,0.0,28,0.0,0.0,5,0.0,0.0,0.0,28,0.0,0.0,5,0.0,0.0,0.0,28,0.0,0.0,5,0.0,4.429,0.836,28,3.4,0.894,5,1.029
158,5.357,1.062,28,5.4,1.14,5,-0.043,4.321,0.983,28,4.6,1.14,5,-0.279,1.036,0.508,28,0.8,0.447,5,0.236,0.0,0.0,28,0.0,0.0,5,0.0,0.0,0.0,28,0.0,0.0,5,0.0,2.25,0.928,28,2.4,0.548,5,-0.15
159,6.786,1.258,28,7.6,2.881,5,-0.814,5.357,0.678,28,4.4,1.817,5,0.957,0.857,0.356,28,1.6,0.548,5,-0.743,0.571,0.742,28,1.6,0.548,5,-1.029,0.0,0.0,28,0.0,0.0,5,0.0,0.0,0.0,28,0.0,0.0,5,0.0
160,4.857,0.891,28,5.8,1.304,5,-0.943,4.714,0.763,28,4.8,1.304,5,-0.086,0.143,0.356,28,1.0,0.0,5,-0.857,0.0,0.0,28,0.0,0.0,5,0.0,0.0,0.0,28,0.0,0.0,5,0.0,2.679,0.723,28,5.2,1.304,5,-2.521
161,5.214,1.031,28,5.2,1.095,5,0.014,5.071,0.9,28,5.2,1.095,5,-0.129,0.143,0.356,28,0.0,0.0,5,0.143,0.0,0.0,28,0.0,0.0,5,0.0,0.0,0.0,28,0.0,0.0,5,0.0,0.0,0.0,28,0.0,0.0,5,0.0
162,7.0,1.247,28,5.8,2.049,5,1.2,5.357,0.678,28,4.2,1.789,5,1.157,0.821,0.39,28,1.6,0.894,5,-0.779,0.821,0.67,28,0.0,0.0,5,0.821,0.0,0.0,28,0.0,0.0,5,0.0,0.0,0.0,28,0.0,0.0,5,0.0
163,4.786,0.995,28,5.2,0.837,5,-0.414,4.786,0.995,28,5.2,0.837,5,-0.414,0.0,0.0,28,0.0,0.0,5,0.0,0.0,0.0,28,0.0,0.0,5,0.0,0.0,0.0,28,0.0,0.0,5,0.0,1.429,0.504,28,2.2,0.447,5,-0.771
164,6.143,1.353,28,5.6,1.14,5,0.543,5.321,0.723,28,4.6,1.14,5,0.721,0.321,0.476,28,1.0,0.0,5,-0.679,0.5,0.839,28,0.0,0.0,5,0.5,0.0,0.0,28,0.0,0.0,5,0.0,0.0,0.0,28,0.0,0.0,5,0.0
165,4.893,0.956,28,4.6,1.342,5,0.293,4.893,0.956,28,4.6,1.342,5,0.293,0.0,0.0,28,0.0,0.0,5,0.0,0.0,0.0,28,0.0,0.0,5,0.0,0.0,0.0,28,0.0,0.0,5,0.0,1.964,0.508,28,1.0,1.0,5,0.964
166,7.679,1.219,28,6.6,0.894,5,1.079,5.464,0.744,28,5.0,1.0,5,0.464,0.179,0.39,28,0.0,0.0,5,0.179,2.036,0.922,28,1.6,1.14,5,0.436,1.0,0.0,28,1.4,0.548,5,-0.4,0.0,0.0,28,0.0,0.0,5,0.0
167,5.786,1.449,28,5.2,1.643,5,0.586,4.929,1.331,28,4.4,1.517,5,0.529,0.0,0.0,28,0.2,0.447,5,-0.2,0.857,0.356,28,0.6,0.548,5,0.257,0.179,0.39,28,0.4,0.548,5,-0.221,0.0,0.0,28,0.0,0.0,5,0.0
168,6.071,1.152,28,5.8,1.095,5,0.271,5.143,0.848,28,5.4,1.342,5,-0.257,0.0,0.0,28,0.2,0.447,5,-0.2,0.929,1.016,28,0.2,0.447,5,0.729,0.0,0.0,28,0.0,0.0,5,0.0,0.0,0.0,28,0.0,0.0,5,0.0
169,4.464,0.744,28,3.2,1.924,5,1.264,4.464,0.744,28,3.2,1.924,5,1.264,0.0,0.0,28,0.0,0.0,5,0.0,0.0,0.0,28,0.0,0.0,5,0.0,0.0,0.0,28,0.0,0.0,5,0.0,2.429,0.634,28,1.8,1.304,5,0.629
170,2.536,0.508,28,2.6,0.548,5,-0.064,2.536,0.508,28,2.6,0.548,5,-0.064,0.0,0.0,28,0.0,0.0,5,0.0,0.0,0.0,28,0.0,0.0,5,0.0,0.0,0.0,28,0.0,0.0,5,0.0,0.0,0.0,28,0.4,0.548,5,-0.4
171,2.679,0.772,28,2.4,0.548,5,0.279,2.679,0.772,28,2.4,0.548,5,0.279,0.0,0.0,28,0.0,0.0,5,0.0,0.0,0.0,28,0.0,0.0,5,0.0,0.0,0.0,28,0.0,0.0,5,0.0,2.0,0.0,28,3.0,0.707,5,-1.0
172,1.143,0.448,28,1.4,0.548,5,-0.257,1.0,0.0,28,1.2,0.447,5,-0.2,0.143,0.448,28,0.2,0.447,5,-0.057,0.0,0.0,28,0.0,0.0,5,0.0,0.0,0.0,28,0.0,0.0,5,0.0,0.0,0.0,28,0.0,0.0,5,0.0
173,4.179,1.389,28,3.2,0.837,5,0.979,3.25,0.701,28,3.2,0.837,5,0.05,0.0,0.0,28,0.0,0.0,5,0.0,0.929,1.016,28,0.0,0.0,5,0.929,0.0,0.0,28,0.0,0.0,5,0.0,0.0,0.0,28,0.0,0.0,5,0.0
174,2.08,0.909,25,2.0,1.0,5,0.08,2.08,0.909,25,2.0,1.0,5,0.08,0.0,0.0,25,0.0,0.0,5,0.0,0.0,0.0,25,0.0,0.0,5,0.0,0.0,0.0,25,0.0,0.0,5,0.0,0.0,0.0,25,0.0,0.0,5,0.0
175,2.115,0.952,26,1.0,0.0,4,1.115,2.115,0.952,26,1.0,0.0,4,1.115,0.0,0.0,26,0.0,0.0,4,0.0,0.0,0.0,26,0.0,0.0,4,0.0,0.0,0.0,26,0.0,0.0,4,0.0,0.0,0.0,26,0.0,0.0,4,0.0
176,3.607,0.916,28,3.0,1.225,5,0.607,3.607,0.916,28,2.8,0.837,5,0.807,0.0,0.0,28,0.2,0.447,5,-0.2,0.0,0.0,28,0.0,0.0,5,0.0,0.036,0.189,28,0.0,0.0,5,0.036,0.0,0.0,28,0.0,0.0,5,0.0
177,4.429,1.069,28,4.0,1.0,5,0.429,4.429,1.069,28,4.0,1.0,5,0.429,0.0,0.0,28,0.0,0.0,5,0.0,0.0,0.0,28,0.0,0.0,5,0.0,0.0,0.0,28,0.0,0.0,5,0.0,0.893,0.315,28,0.6,0.548,5,0.293
178,2.214,0.738,28,2.0,0.0,3,0.214,2.214,0.738,28,2.0,0.0,3,0.214,0.0,0.0,28,0.0,0.0,3,0.0,0.0,0.0,28,0.0,0.0,3,0.0,0.0,0.0,28,0.0,0.0,3,0.0,0.0,0.0,28,0.0,0.0,3,0.0
179,1.786,0.738,28,1.8,0.447,5,-0.014,1.607,0.629,28,1.6,0.548,5,0.007,0.179,0.39,28,0.2,0.447,5,-0.021,0.0,0.0,28,0.0,0.0,5,0.0,0.036,0.189,28,0.0,0.0,5,0.036,0.0,0.0,28,0.0,0.0,5,0.0
180,3.107,0.994,28,2.0,0.707,5,1.107,2.286,0.713,28,1.4,0.548,5,0.886,0.821,0.67,28,0.6,0.548,5,0.221,0.0,0.0,28,0.0,0.0,5,0.0,0.0,0.0,28,0.0,0.0,5,0.0,1.0,0.981,28,0.6,0.548,5,0.4
181,3.5,1.453,28,2.4,1.517,5,1.1,1.036,0.331,28,0.8,0.837,5,0.236,0.179,0.39,28,0.0,0.0,5,0.179,2.286,1.182,28,1.6,1.14,5,0.686,1.0,0.0,28,1.0,0.0,5,0.0,0.0,0.0,28,0.0,0.0,5,0.0
182,5.393,1.1,28,3.2,1.643,5,2.193,3.786,0.568,28,2.8,0.837,5,0.986,1.0,0.471,28,0.2,0.447,5,0.8,0.607,0.497,28,0.2,0.447,5,0.407,0.0,0.0,28,0.0,0.0,5,0.0,0.0,0.0,28,0.0,0.0,5,0.0
183,2.231,0.765,26,2.75,1.258,4,-0.519,2.192,0.694,26,2.75,1.258,4,-0.558,0.038,0.196,26,0.0,0.0,4,0.038,0.0,0.0,26,0.0,0.0,4,0.0,0.0,0.0,26,0.0,0.0,4,0.0,0.885,0.516,26,0.75,0.5,4,0.135
184,3.643,0.78,28,3.0,1.414,5,0.643,3.643,0.78,28,3.0,1.414,5,0.643,0.0,0.0,28,0.0,0.0,5,0.0,0.0,0.0,28,0.0,0.0,5,0.0,0.0,0.0,28,0.0,0.0,5,0.0,0.0,0.0,28,0.0,0.0,5,0.0
185,6.143,1.38,28,5.4,0.894,5,0.743,3.893,0.875,28,4.2,1.304,5,-0.307,1.643,0.621,28,1.0,0.707,5,0.643,0.607,0.497,28,0.2,0.447,5,0.407,0.0,0.0,28,0.0,0.0,5,0.0,0.0,0.0,28,0.0,0.0,5,0.0
186,5.214,1.166,28,3.4,1.949,5,1.814,4.857,1.177,28,3.4,1.949,5,1.457,0.357,0.488,28,0.0,0.0,5,0.357,0.0,0.0,28,0.0,0.0,5,0.0,0.0,0.0,28,0.0,0.0,5,0.0,1.714,0.46,28,1.2,0.447,5,0.514
187,4.929,1.152,28,4.8,1.304,5,0.129,4.893,1.133,28,4.8,1.304,5,0.093,0.036,0.189,28,0.0,0.0,5,0.036,0.0,0.0,28,0.0,0.0,5,0.0,0.0,0.0,28,0.0,0.0,5,0.0,0.0,0.0,28,0.0,0.0,5,0.0
188,5.357,0.731,28,4.6,1.14,5,0.757,5.357,0.731,28,4.6,1.14,5,0.757,0.0,0.0,28,0.0,0.0,5,0.0,0.0,0.0,28,0.0,0.0,5,0.0,0.0,0.0,28,0.0,0.0,5,0.0,0.0,0.0,28,0.2,0.447,5,-0.2
189,5.107,1.257,28,4.6,0.894,5,0.507,4.643,1.193,28,4.6,0.894,5,0.043,0.464,0.508,28,0.0,0.0,5,0.464,0.0,0.0,28,0.0,0.0,5,0.0,0.0,0.0,28,0.0,0.0,5,0.0,0.321,0.476,28,0.0,0.0,5,0.321
190,6.857,1.239,28,6.8,1.095,5,0.057,5.429,0.836,28,5.4,1.342,5,0.029,0.464,0.508,28,1.0,0.0,5,-0.536,0.964,0.793,28,0.4,0.548,5,0.564,0.0,0.0,28,0.0,0.0,5,0.0,0.0,0.0,28,0.0,0.0,5,0.0
191,5.214,0.787,28,5.2,0.837,5,0.014,5.214,0.787,28,5.2,0.837,5,0.014,0.0,0.0,28,0.0,0.0,5,0.0,0.0,0.0,28,0.0,0.0,5,0.0,0.0,0.0,28,0.0,0.0,5,0.0,0.821,0.39,28,1.0,0.0,5,-0.179
192,4.964,0.693,28,5.2,1.789,5,-0.236,4.964,0.693,28,5.2,1.789,5,-0.236,0.0,0.0,28,0.0,0.0,5,0.0,0.0,0.0,28,0.0,0.0,5,0.0,0.0,0.0,28,0.0,0.0,5,0.0,0.0,0.0,28,0.0,0.0,5,0.0
193,8.357,1.193,28,8.2,2.049,5,0.157,5.607,0.737,28,5.6,0.548,5,0.007,1.679,0.476,28,1.0,1.0,5,0.679,1.071,0.663,28,1.6,0.894,5,-0.529,0.0,0.0,28,0.0,0.0,5,0.0,0.0,0.0,28,0.0,0.0,5,0.0
194,6.071,1.359,28,6.4,1.14,5,-0.329,4.107,1.031,28,4.6,1.14,5,-0.493,1.25,0.645,28,1.0,0.0,5,0.25,0.714,0.763,28,0.8,0.447,5,-0.086,0.0,0.0,28,0.0,0.0,5,0.0,1.857,0.803,28,1.6,0.548,5,0.257
195,5.429,1.069,28,5.4,1.342,5,0.029,5.286,0.976,28,5.2,1.304,5,0.086,0.143,0.356,28,0.2,0.447,5,-0.057,0.0,0.0,28,0.0,0.0,5,0.0,0.0,0.0,28,0.0,0.0,5,0.0,0.821,0.39,28,0.8,0.447,5,0.021
196,3.607,0.832,28,3.2,1.304,5,0.407,3.607,0.832,28,3.2,1.304,5,0.407,0.0,0.0,28,0.0,0.0,5,0.0,0.0,0.0,28,0.0,0.0,5,0.0,0.0,0.0,28,0.0,0.0,5,0.0,0.857,0.803,28,1.0,0.0,5,-0.143
197,8.679,1.307,28,6.8,1.483,5,1.879,5.607,0.567,28,5.4,0.548,5,0.207,1.821,0.548,28,0.8,0.837,5,1.021,1.25,1.005,28,0.6,0.548,5,0.65,0.0,0.0,28,0.0,0.0,5,0.0,0.0,0.0,28,0.0,0.0,5,0.0
198,6.321,1.492,28,7.6,1.517,5,-1.279,5.321,0.548,28,5.2,0.837,5,0.121,0.5,0.509,28,1.2,0.447,5,-0.7,0.5,0.882,28,1.2,1.095,5,-0.7,0.0,0.0,28,0.0,0.0,5,0.0,0.0,0.0,28,0.0,0.0,5,0.0
199,2.464,0.576,28,2.4,0.548,5,0.064,2.464,0.576,28,2.4,0.548,5,0.064,0.0,0.0,28,0.0,0.0,5,0.0,0.0,0.0,28,0.0,0.0,5,0.0,0.0,0.0,28,0.0,0.0,5,0.0,0.107,0.315,28,0.0,0.0,5,0.107
200,2.821,0.819,28,3.0,1.225,5,-0.179,2.821,0.819,28,3.0,1.225,5,-0.179,0.0,0.0,28,0.0,0.0,5,0.0,0.0,0.0,28,0.0,0.0,5,0.0,0.0,0.0,28,0.0,0.0,5,0.0,2.25,1.266,28,1.2,0.447,5,1.05
201,3.786,0.499,28,3.6,1.517,5,0.186,3.25,0.701,28,3.2,1.643,5,0.05,0.536,0.508,28,0.4,0.548,5,0.136,0.0,0.0,28,0.0,0.0,5,0.0,0.0,0.0,28,0.0,0.0,5,0.0,0.0,0.0,28,0.0,0.0,5,0.0
202,4.286,0.535,28,4.4,0.548,5,-0.114,4.286,0.535,28,4.4,0.548,5,-0.114,0.0,0.0,28,0.0,0.0,5,0.0,0.0,0.0,28,0.0,0.0,5,0.0,0.0,0.0,28,0.0,0.0,5,0.0,0.393,0.567,28,0.6,0.548,5,-0.207
203,2.593,0.694,27,3.2,0.837,5,-0.607,2.593,0.694,27,3.2,0.837,5,-0.607,0.0,0.0,27,0.0,0.0,5,0.0,0.0,0.0,27,0.0,0.0,5,0.0,0.0,0.0,27,0.0,0.0,5,0.0,0.333,0.48,27,0.2,0.447,5,0.133
204,3.929,1.303,28,4.2,0.837,5,-0.271,3.929,1.303,28,4.2,0.837,5,-0.271,0.0,0.0,28,0.0,0.0,5,0.0,0.0,0.0,28,0.0,0.0,5,0.0,0.0,0.0,28,0.0,0.0,5,0.0,2.75,1.076,28,2.6,0.548,5,0.15
205,3.321,0.819,28,3.6,0.894,5,-0.279,2.786,0.787,28,3.2,0.837,5,-0.414,0.536,0.637,28,0.4,0.548,5,0.136,0.0,0.0,28,0.0,0.0,5,0.0,0.0,0.0,28,0.0,0.0,5,0.0,0.643,0.559,28,0.6,0.548,5,0.043
206,2.821,1.056,28,3.2,1.095,5,-0.379,2.464,0.881,28,3.0,0.707,5,-0.536,0.357,0.488,28,0.2,0.447,5,0.157,0.0,0.0,28,0.0,0.0,5,0.0,0.0,0.0,28,0.0,0.0,5,0.0,0.179,0.39,28,0.0,0.0,5,0.179
207,3.607,1.031,28,2.8,1.304,5,0.807,3.25,0.752,28,2.8,1.304,5,0.45,0.357,0.488,28,0.0,0.0,5,0.357,0.0,0.0,28,0.0,0.0,5,0.0,0.0,0.0,28,0.0,0.0,5,0.0,2.179,1.492,28,1.8,0.837,5,0.379
208,1.893,0.685,28,2.2,0.837,5,-0.307,1.286,0.535,28,1.4,0.548,5,-0.114,0.607,0.497,28,0.8,0.447,5,-0.193,0.0,0.0,28,0.0,0.0,5,0.0,0.0,0.0,28,0.0,0.0,5,0.0,1.643,0.678,28,2.0,0.0,5,-0.357
209,3.423,1.501,26,1.75,0.957,4,1.673,2.385,0.752,26,1.5,1.291,4,0.885,0.192,0.402,26,0.0,0.0,4,0.192,0.846,0.967,26,0.25,0.5,4,0.596,0.0,0.0,26,0.0,0.0,4,0.0,0.0,0.0,26,0.0,0.0,4,0.0
210,1.75,0.639,20,2.5,0.707,2,-0.75,0.0,0.0,20,0.0,0.0,2,0.0,0.35,0.489,20,1.0,1.414,2,-0.65,1.4,0.754,20,1.5,0.707,2,-0.1,0.0,0.0,20,0.0,0.0,2,0.0,0.0,0.0,20,0.0,0.0,2,0.0
211,2.32,0.9,25,2.4,0.894,5,-0.08,2.24,0.723,25,2.4,0.894,5,-0.16,0.04,0.2,25,0.0,0.0,5,0.04,0.04,0.2,25,0.0,0.0,5,0.04,0.0,0.0,25,0.0,0.0,5,0.0,0.0,0.0,25,0.0,0.0,5,0.0
213,3.5,1.599,28,2.5,1.0,4,1.0,2.464,1.29,28,2.5,1.0,4,-0.036,0.536,0.508,28,0.0,0.0,4,0.536,0.5,0.839,28,0.0,0.0,4,0.5,0.464,0.508,28,0.0,0.0,4,0.464,0.0,0.0,28,0.0,0.0,4,0.0
214,1.0,0.0,15,,,0,,1.0,0.0,15,,,0,,0.0,0.0,15,,,0,,0.0,0.0,15,,,0,,0.0,0.0,15,,,0,,0.0,0.0,15,,,0,
215,1.0,0.0,22,1.0,0.0,3,0.0,1.0,0.0,22,1.0,0.0,3,0.0,0.0,0.0,22,0.0,0.0,3,0.0,0.0,0.0,22,0.0,0.0,3,0.0,0.0,0.0,22,0.0,0.0,3,0.0,0.0,0.0,22,0.0,0.0,3,0.0
216,3.261,1.738,23,1.5,0.577,4,1.761,2.348,0.982,23,1.25,0.5,4,1.098,0.652,0.573,23,0.25,0.5,4,0.402,0.261,0.619,23,0.0,0.0,4,0.261,0.0,0.0,23,0.0,0.0,4,0.0,0.0,0.0,23,0.0,0.0,4,0.0
217,1.72,1.061,25,0.75,0.5,4,0.97,0.88,0.332,25,0.75,0.5,4,0.13,0.84,0.943,25,0.0,0.0,4,0.84,0.0,0.0,25,0.0,0.0,4,0.0,0.0,0.0,25,0.0,0.0,4,0.0,0.76,0.436,25,0.5,0.577,4,0.26
218,2.852,1.262,27,2.2,0.837,5,0.652,2.0,0.877,27,1.8,0.837,5,0.2,0.296,0.724,27,0.2,0.447,5,0.096,0.556,0.847,27,0.2,0.447,5,0.356,0.481,0.509,27,0.0,0.0,5,0.481,0.0,0.0,27,0.0,0.0,5,0.0
219,1.333,0.516,6,,,0,,0.167,0.408,6,,,0,,0.667,1.033,6,,,0,,0.5,0.548,6,,,0,,0.0,0.0,6,,,0,,0.0,0.0,6,,,0,
220,2.36,0.907,25,2.0,0.0,3,0.36,2.0,0.764,25,1.333,1.155,3,0.667,0.2,0.408,25,0.333,0.577,3,-0.133,0.16,0.473,25,0.333,0.577,3,-0.173,0.0,0.0,25,0.0,0.0,3,0.0,0.0,0.0,25,0.0,0.0,3,0.0
221,0.036,0.189,28,0.0,0.0,5,0.036,0.036,0.189,28,0.0,0.0,5,0.036,0.0,0.0,28,0.0,0.0,5,0.0,0.0,0.0,28,0.0,0.0,5,0.0,0.0,0.0,28,0.0,0.0,5,0.0,3.964,1.17,28,3.4,0.548,5,0.564
222,2.13,1.29,23,1.333,0.577,3,0.797,0.913,0.417,23,1.333,0.577,3,-0.42,0.348,0.487,23,0.0,0.0,3,0.348,0.87,1.014,23,0.0,0.0,3,0.87,0.0,0.0,23,0.0,0.0,3,0.0,0.0,0.0,23,0.0,0.0,3,0.0
223,0.269,0.452,26,0.2,0.447,5,0.069,0.154,0.368,26,0.0,0.0,5,0.154,0.115,0.326,26,0.2,0.447,5,-0.085,0.0,0.0,26,0.0,0.0,5,0.0,0.0,0.0,26,0.0,0.0,5,0.0,2.385,1.023,26,2.8,0.447,5,-0.415
224,1.35,0.587,20,1.0,0.0,4,0.35,1.2,0.616,20,1.0,0.0,4,0.2,0.1,0.308,20,0.0,0.0,4,0.1,0.05,0.224,20,0.0,0.0,4,0.05,0.0,0.0,20,0.0,0.0,4,0.0,0.0,0.0,20,0.0,0.0,4,0.0
225,1.167,0.389,12,,,0,,0.917,0.515,12,,,0,,0.25,0.452,12,,,0,,0.0,0.0,12,,,0,,0.0,0.0,12,,,0,,0.0,0.0,12,,,0,
226,2.222,1.311,27,1.333,0.577,3,0.889,2.185,1.36,27,1.333,0.577,3,0.852,0.037,0.192,27,0.0,0.0,3,0.037,0.0,0.0,27,0.0,0.0,3,0.0,0.0,0.0,27,0.0,0.0,3,0.0,0.63,0.492,27,0.667,0.577,3,-0.037
227,3.037,1.315,27,3.25,1.708,4,-0.213,2.852,1.064,27,2.75,1.893,4,0.102,0.185,0.483,27,0.5,0.577,4,-0.315,0.0,0.0,27,0.0,0.0,4,0.0,0.0,0.0,27,0.0,0.0,4,0.0,0.0,0.0,27,0.0,0.0,4,0.0
228,2.652,1.027,23,2.333,1.528,3,0.319,2.217,1.043,23,1.667,1.155,3,0.55,0.435,0.507,23,0.667,0.577,3,-0.232,0.0,0.0,23,0.0,0.0,3,0.0,0.0,0.0,23,0.0,0.0,3,0.0,0.043,0.209,23,0.0,0.0,3,0.043
229,3.179,1.249,28,3.0,1.581,5,0.179,3.179,1.249,28,2.8,1.924,5,0.379,0.0,0.0,28,0.2,0.447,5,-0.2,0.0,0.0,28,0.0,0.0,5,0.0,0.0,0.0,28,0.0,0.0,5,0.0,0.0,0.0,28,0.0,0.0,5,0.0
230,3.321,1.416,28,2.4,0.548,5,0.921,3.214,1.315,28,2.4,0.548,5,0.814,0.071,0.262,28,0.0,0.0,5,0.071,0.036,0.189,28,0.0,0.0,5,0.036,0.0,0.0,28,0.0,0.0,5,0.0,2.286,0.897,28,2.2,0.837,5,0.086
231,4.357,1.496,28,3.6,2.074,5,0.757,4.143,1.38,28,3.4,1.817,5,0.743,0.0,0.0,28,0.0,0.0,5,0.0,0.214,0.418,28,0.2,0.447,5,0.014,0.536,0.508,28,0.2,0.447,5,0.336,0.0,0.0,28,0.0,0.0,5,0.0
232,4.357,1.224,28,3.8,1.095,5,0.557,3.964,1.138,28,3.4,1.14,5,0.564,0.357,0.488,28,0.4,0.548,5,-0.043,0.036,0.189,28,0.0,0.0,5,0.036,0.0,0.0,28,0.0,0.0,5,0.0,0.0,0.0,28,0.0,0.0,5,0.0
233,4.607,1.066,28,4.6,1.517,5,0.007,4.607,1.066,28,4.6,1.517,5,0.007,0.0,0.0,28,0.0,0.0,5,0.0,0.0,0.0,28,0.0,0.0,5,0.0,0.0,0.0,28,0.0,0.0,5,0.0,0.5,0.509,28,0.8,0.447,5,-0.3
234,5.143,0.803,28,4.0,1.225,5,1.143,5.143,0.803,28,4.0,1.225,5,1.143,0.0,0.0,28,0.0,0.0,5,0.0,0.0,0.0,28,0.0,0.0,5,0.0,0.0,0.0,28,0.0,0.0,5,0.0,3.107,1.166,28,3.0,1.225,5,0.107
235,4.679,1.249,28,4.6,1.517,5,0.079,4.429,1.168,28,4.4,1.517,5,0.029,0.0,0.0,28,0.0,0.0,5,0.0,0.25,0.441,28,0.2,0.447,5,0.05,0.536,0.508,28,0.2,0.447,5,0.336,0.0,0.0,28,0.0,0.0,5,0.0
236,5.036,1.232,28,5.0,1.414,5,0.036,5.036,1.232,28,5.0,1.414,5,0.036,0.0,0.0,28,0.0,0.0,5,0.0,0.0,0.0,28,0.0,0.0,5,0.0,0.0,0.0,28,0.0,0.0,5,0.0,0.893,0.416,28,1.2,0.447,5,-0.307
237,4.786,1.134,28,4.6,0.894,5,0.186,4.786,1.134,28,4.6,0.894,5,0.186,0.0,0.0,28,0.0,0.0,5,0.0,0.0,0.0,28,0.0,0.0,5,0.0,0.0,0.0,28,0.0,0.0,5,0.0,0.0,0.0,28,0.0,0.0,5,0.0
238,3.786,1.197,28,4.6,1.14,5,-0.814,3.714,1.182,28,4.6,1.14,5,-0.886,0.071,0.262,28,0.0,0.0,5,0.071,0.0,0.0,28,0.0,0.0,5,0.0,0.0,0.0,28,0.0,0.0,5,0.0,3.143,1.177,28,3.0,0.0,5,0.143
239,4.464,0.744,28,4.0,0.707,5,0.464,4.464,0.744,28,4.0,0.707,5,0.464,0.0,0.0,28,0.0,0.0,5,0.0,0.0,0.0,28,0.0,0.0,5,0.0,0.0,0.0,28,0.0,0.0,5,0.0,2.786,0.63,28,3.2,0.837,5,-0.414
240,4.429,1.372,28,4.2,1.304,5,0.229,4.429,1.372,28,4.2,1.304,5,0.229,0.0,0.0,28,0.0,0.0,5,0.0,0.0,0.0,28,0.0,0.0,5,0.0,0.0,0.0,28,0.0,0.0,5,0.0,1.5,0.745,28,1.4,0.548,5,0.1
241,1.148,0.362,27,2.0,1.732,5,-0.852,1.074,0.267,27,2.0,1.732,5,-0.926,0.074,0.267,27,0.0,0.0,5,0.074,0.0,0.0,27,0.0,0.0,5,0.0,0.0,0.0,27,0.0,0.0,5,0.0,1.259,0.712,27,0.6,0.894,5,0.659
242,1.464,0.576,28,1.4,0.548,5,0.064,1.464,0.576,28,1.4,0.548,5,0.064,0.0,0.0,28,0.0,0.0,5,0.0,0.0,0.0,28,0.0,0.0,5,0.0,0.0,0.0,28,0.0,0.0,5,0.0,2.643,0.87,28,2.2,1.304,5,0.443
243,2.25,0.645,28,2.2,1.643,5,0.05,2.25,0.645,28,2.2,1.643,5,0.05,0.0,0.0,28,0.0,0.0,5,0.0,0.0,0.0,28,0.0,0.0,5,0.0,0.0,0.0,28,0.0,0.0,5,0.0,2.929,0.539,28,2.2,0.837,5,0.729
244,3.25,1.175,28,3.0,1.0,5,0.25,3.25,1.175,28,3.0,1.0,5,0.25,0.0,0.0,28,0.0,0.0,5,0.0,0.0,0.0,28,0.0,0.0,5,0.0,0.0,0.0,28,0.0,0.0,5,0.0,2.071,0.813,28,2.0,0.707,5,0.071
245,3.5,0.694,28,3.8,1.095,5,-0.3,3.5,0.694,28,3.8,1.095,5,-0.3,0.0,0.0,28,0.0,0.0,5,0.0,0.0,0.0,28,0.0,0.0,5,0.0,0.0,0.0,28,0.0,0.0,5,0.0,1.286,0.937,28,0.6,0.894,5,0.686
246,3.036,0.922,28,2.8,1.095,5,0.236,3.036,0.922,28,2.8,1.095,5,0.236,0.0,0.0,28,0.0,0.0,5,0.0,0.0,0.0,28,0.0,0.0,5,0.0,0.0,0.0,28,0.0,0.0,5,0.0,2.0,0.272,28,1.4,0.548,5,0.6
247,5.0,1.491,28,5.6,1.673,5,-0.6,4.143,1.484,28,4.8,1.304,5,-0.657,0.857,0.356,28,0.8,0.447,5,0.057,0.0,0.0,28,0.0,0.0,5,0.0,0.0,0.0,28,0.0,0.0,5,0.0,2.821,0.39,28,1.6,0.894,5,1.221
248,4.714,1.357,28,5.0,1.414,5,-0.286,4.393,1.166,28,5.0,1.414,5,-0.607,0.321,0.476,28,0.0,0.0,5,0.321,0.0,0.0,28,0.0,0.0,5,0.0,0.0,0.0,28,0.0,0.0,5,0.0,0.679,0.476,28,0.8,0.447,5,-0.121
249,4.75,1.236,28,4.4,2.074,5,0.35,4.714,1.243,28,4.4,2.074,5,0.314,0.036,0.189,28,0.0,0.0,5,0.036,0.0,0.0,28,0.0,0.0,5,0.0,0.0,0.0,28,0.0,0.0,5,0.0,1.536,0.637,28,0.6,0.548,5,0.936
250,3.393,1.499,28,5.8,0.447,5,-2.407,3.393,1.499,28,5.8,0.447,5,-2.407,0.0,0.0,28,0.0,0.0,5,0.0,0.0,0.0,28,0.0,0.0,5,0.0,0.0,0.0,28,0.0,0.0,5,0.0,1.893,0.832,28,1.8,0.837,5,0.093
251,4.821,1.565,28,5.2,1.789,5,-0.379,3.643,1.283,28,4.4,1.517,5,-0.757,1.179,0.67,28,0.8,0.447,5,0.379,0.0,0.0,28,0.0,0.0,5,0.0,0.0,0.0,28,0.0,0.0,5,0.0,0.0,0.0,28,0.0,0.0,5,0.0
252,4.286,1.243,28,4.8,1.304,5,-0.514,4.286,1.243,28,4.8,1.304,5,-0.514,0.0,0.0,28,0.0,0.0,5,0.0,0.0,0.0,28,0.0,0.0,5,0.0,0.0,0.0,28,0.0,0.0,5,0.0,0.929,0.378,28,0.6,0.548,5,0.329
253,3.393,1.449,28,4.4,1.14,5,-1.007,3.321,1.541,28,4.4,1.14,5,-1.079,0.0,0.0,28,0.0,0.0,5,0.0,0.071,0.262,28,0.0,0.0,5,0.071,0.0,0.0,28,0.0,0.0,5,0.0,0.0,0.0,28,0.0,0.0,5,0.0
254,4.964,1.503,28,6.0,0.707,5,-1.036,3.464,0.793,28,4.6,1.14,5,-1.136,0.0,0.0,28,1.4,0.894,5,-1.4,1.5,1.171,28,0.0,0.0,5,1.5,0.0,0.0,28,0.0,0.0,5,0.0,0.0,0.0,28,0.0,0.0,5,0.0
255,5.25,0.518,28,3.4,1.342,5,1.85,5.25,0.518,28,3.4,1.342,5,1.85,0.0,0.0,28,0.0,0.0,5,0.0,0.0,0.0,28,0.0,0.0,5,0.0,0.0,0.0,28,0.0,0.0,5,0.0,0.0,0.0,28,0.0,0.0,5,0.0
256,3.964,1.036,28,4.8,1.304,5,-0.836,3.964,1.036,28,4.8,1.304,5,-0.836,0.0,0.0,28,0.0,0.0,5,0.0,0.0,0.0,28,0.0,0.0,5,0.0,0.0,0.0,28,0.0,0.0,5,0.0,1.321,0.67,28,1.0,1.0,5,0.321
257,5.25,0.645,28,5.2,0.837,5,0.05,5.25,0.645,28,5.0,0.707,5,0.25,0.0,0.0,28,0.2,0.447,5,-0.2,0.0,0.0,28,0.0,0.0,5,0.0,0.0,0.0,28,0.0,0.0,5,0.0,2.75,0.844,28,0.4,0.548,5,2.35
258,5.286,0.659,28,4.2,1.643,5,1.086,5.286,0.659,28,4.2,1.643,5,1.086,0.0,0.0,28,0.0,0.0,5,0.0,0.0,0.0,28,0.0,0.0,5,0.0,0.0,0.0,28,0.0,0.0,5,0.0,1.571,0.742,28,0.0,0.0,5,1.571
259,3.607,1.397,28,3.2,1.483,5,0.407,3.571,1.372,28,3.2,1.483,5,0.371,0.036,0.189,28,0.0,0.0,5,0.036,0.0,0.0,28,0.0,0.0,5,0.0,0.0,0.0,28,0.0,0.0,5,0.0,0.429,0.504,28,0.4,0.548,5,0.029
260,5.786,1.197,28,4.8,1.789,5,0.986,5.179,0.612,28,4.4,1.817,5,0.779,0.5,0.839,28,0.2,0.447,5,0.3,0.107,0.315,28,0.2,0.447,5,-0.093,0.0,0.0,28,0.0,0.0,5,0.0,0.0,0.0,28,0.0,0.0,5,0.0
261,3.857,0.651,28,2.8,1.095,5,1.057,3.857,0.651,28,2.4,1.14,5,1.457,0.0,0.0,28,0.4,0.548,5,-0.4,0.0,0.0,28,0.0,0.0,5,0.0,0.0,0.0,28,0.0,0.0,5,0.0,5.286,0.937,28,1.6,0.548,5,3.686
262,3.036,1.105,28,2.25,0.5,4,0.786,2.75,0.844,28,2.25,0.5,4,0.5,0.286,0.6,28,0.0,0.0,4,0.286,0.0,0.0,28,0.0,0.0,4,0.0,0.0,0.0,28,0.0,0.0,4,0.0,0.0,0.0,28,0.0,0.0,4,0.0
263,3.214,1.258,28,1.5,0.577,4,1.714,2.714,0.937,28,1.5,0.577,4,1.214,0.393,0.629,28,0.0,0.0,4,0.393,0.107,0.315,28,0.0,0.0,4,0.107,0.0,0.0,28,0.0,0.0,4,0.0,0.0,0.0,28,0.0,0.0,4,0.0
264,3.607,1.031,28,0.6,0.548,5,3.007,3.107,1.133,28,0.6,0.548,5,2.507,0.5,0.509,28,0.0,0.0,5,0.5,0.0,0.0,28,0.0,0.0,5,0.0,0.0,0.0,28,0.0,0.0,5,0.0,1.214,0.738,28,1.2,0.447,5,0.014
265,1.885,0.993,26,2.0,1.414,2,-0.115,1.423,0.809,26,0.5,0.707,2,0.923,0.462,0.508,26,1.5,0.707,2,-1.038,0.0,0.0,26,0.0,0.0,2,0.0,0.0,0.0,26,0.0,0.0,2,0.0,0.0,0.0,26,0.0,0.0,2,0.0
266,1.217,0.422,23,,,0,,1.174,0.388,23,,,0,,0.0,0.0,23,,,0,,0.043,0.209,23,,,0,,0.0,0.0,23,,,0,,0.0,0.0,23,,,0,
267,1.654,1.018,26,1.0,0.816,4,0.654,1.654,1.018,26,0.25,0.5,4,1.404,0.0,0.0,26,0.75,0.5,4,-0.75,0.0,0.0,26,0.0,0.0,4,0.0,0.0,0.0,26,0.0,0.0,4,0.0,2.923,0.796,26,3.5,0.577,4,-0.577
268,2.2,1.118,25,1.0,0.0,3,1.2,1.16,0.554,25,1.0,0.0,3,0.16,1.04,1.02,25,0.0,0.0,3,1.04,0.0,0.0,25,0.0,0.0,3,0.0,0.0,0.0,25,0.0,0.0,3,0.0,0.0,0.0,25,0.0,0.0,3,0.0
269,1.25,0.707,8,1.0,0.0,2,0.25,1.0,0.926,8,1.0,0.0,2,0.0,0.25,0.463,8,0.0,0.0,2,0.25,0.0,0.0,8,0.0,0.0,2,0.0,0.0,0.0,8,0.0,0.0,2,0.0,0.0,0.0,8,0.0,0.0,2,0.0
270,2.556,1.013,27,3.0,1.414,4,-0.444,2.222,0.892,27,3.0,1.414,4,-0.778,0.259,0.447,27,0.0,0.0,4,0.259,0.074,0.267,27,0.0,0.0,4,0.074,0.0,0.0,27,0.0,0.0,4,0.0,0.0,0.0,27,0.0,0.0,4,0.0
271,2.259,0.764,27,2.75,0.5,4,-0.491,2.259,0.764,27,2.75,0.5,4,-0.491,0.0,0.0,27,0.0,0.0,4,0.0,0.0,0.0,27,0.0,0.0,4,0.0,0.074,0.267,27,0.0,0.0,4,0.074,0.0,0.0,27,0.0,0.0,4,0.0
272,3.607,1.227,28,3.6,1.14,5,0.007,2.643,0.731,28,3.2,1.095,5,-0.557,0.357,0.559,28,0.4,0.548,5,-0.043,0.607,0.685,28,0.0,0.0,5,0.607,0.571,0.504,28,0.0,0.0,5,0.571,0.0,0.0,28,0.0,0.0,5,0.0
273,4.5,1.374,28,3.2,1.483,5,1.3,3.714,0.976,28,3.2,1.483,5,0.514,0.714,0.763,28,0.0,0.0,5,0.714,0.071,0.262,28,0.0,0.0,5,0.071,0.0,0.0,28,0.0,0.0,5,0.0,0.0,0.0,28,0.0,0.0,5,0.0
274,5.071,1.359,28,7.2,3.768,5,-2.129,4.893,1.133,28,4.6,2.191,5,0.293,0.143,0.356,28,0.6,0.548,5,-0.457,0.036,0.189,28,2.0,1.414,5,-1.964,0.036,0.189,28,0.8,0.447,5,-0.764,0.0,0.0,28,0.0,0.0,5,0.0
275,5.214,1.031,28,4.8,1.304,5,0.414,4.786,0.917,28,4.8,1.304,5,-0.014,0.0,0.0,28,0.0,0.0,5,0.0,0.429,0.573,28,0.0,0.0,5,0.429,0.5,0.509,28,0.0,0.0,5,0.5,0.0,0.0,28,0.0,0.0,5,0.0
276,6.25,1.236,28,4.8,1.924,5,1.45,5.357,0.731,28,4.4,1.517,5,0.957,0.25,0.441,28,0.4,0.548,5,-0.15,0.643,0.826,28,0.0,0.0,5,0.643,0.0,0.0,28,0.0,0.0,5,0.0,0.0,0.0,28,0.0,0.0,5,0.0
277,5.893,0.685,28,5.8,1.643,5,0.093,5.071,0.663,28,4.6,1.342,5,0.471,0.821,0.39,28,1.2,0.447,5,-0.379,0.0,0.0,28,0.0,0.0,5,0.0,0.0,0.0,28,0.0,0.0,5,0.0,1.821,0.39,28,1.8,0.837,5,0.021
278,5.25,1.143,28,6.4,2.408,5,-1.15,5.0,0.903,28,3.8,1.304,5,1.2,0.214,0.499,28,0.6,0.548,5,-0.386,0.036,0.189,28,2.0,1.414,5,-1.964,0.036,0.189,28,0.8,0.447,5,-0.764,0.0,0.0,28,0.0,0.0,5,0.0
279,6.179,1.056,28,5.0,1.414,5,1.179,4.929,0.813,28,5.0,1.414,5,-0.071,0.0,0.0,28,0.0,0.0,5,0.0,1.25,1.005,28,0.0,0.0,5,1.25,0.714,0.46,28,0.0,0.0,5,0.714,0.0,0.0,28,0.0,0.0,5,0.0
280,5.429,0.504,28,4.2,0.837,5,1.229,5.429,0.504,28,4.2,0.837,5,1.229,0.0,0.0,28,0.0,0.0,5,0.0,0.0,0.0,28,0.0,0.0,5,0.0,0.0,0.0,28,0.0,0.0,5,0.0,2.321,1.09,28,0.6,0.548,5,1.721
281,5.286,1.213,28,7.2,0.837,5,-1.914,4.393,0.994,28,5.0,1.0,5,-0.607,0.893,0.497,28,1.8,0.447,5,-0.907,0.0,0.0,28,0.4,0.548,5,-0.4,0.0,0.0,28,0.0,0.0,5,0.0,0.0,0.0,28,0.0,0.0,5,0.0
282,5.786,0.499,28,5.0,0.707,5,0.786,5.714,0.46,28,5.0,0.707,5,0.714,0.071,0.262,28,0.0,0.0,5,0.071,0.0,0.0,28,0.0,0.0,5,0.0,0.0,0.0,28,0.0,0.0,5,0.0,0.0,0.0,28,0.0,0.0,5,0.0
283,4.857,1.044,28,5.8,0.447,5,-0.943,4.857,1.044,28,5.8,0.447,5,-0.943,0.0,0.0,28,0.0,0.0,5,0.0,0.0,0.0,28,0.0,0.0,5,0.0,0.0,0.0,28,0.0,0.0,5,0.0,0.964,0.693,28,2.6,0.894,5,-1.636
284,5.679,0.476,28,5.6,0.548,5,0.079,5.679,0.476,28,5.6,0.548,5,0.079,0.0,0.0,28,0.0,0.0,5,0.0,0.0,0.0,28,0.0,0.0,5,0.0,0.0,0.0,28,0.0,0.0,5,0.0,2.0,1.054,28,2.2,0.447,5,-0.2
285,4.5,1.171,28,5.8,1.095,5,-1.3,4.5,1.171,28,5.2,1.304,5,-0.7,0.0,0.0,28,0.6,0.548,5,-0.6,0.0,0.0,28,0.0,0.0,5,0.0,0.0,0.0,28,0.0,0.0,5,0.0,0.143,0.356,28,0.0,0.0,5,0.143
286,5.357,0.559,28,5.6,0.548,5,-0.243,5.357,0.559,28,5.6,0.548,5,-0.243,0.0,0.0,28,0.0,0.0,5,0.0,0.0,0.0,28,0.0,0.0,5,0.0,0.0,0.0,28,0.0,0.0,5,0.0,1.821,0.39,28,1.8,0.447,5,0.021
287,4.964,0.999,28,5.2,1.304,5,-0.236,4.964,0.999,28,5.2,1.304,5,-0.236,0.0,0.0,28,0.0,0.0,5,0.0,0.0,0.0,28,0.0,0.0,5,0.0,0.0,0.0,28,0.0,0.0,5,0.0,1.036,0.576,28,2.2,0.447,5,-1.164
288,4.714,1.013,28,5.4,0.894,5,-0.686,4.714,1.013,28,5.4,0.894,5,-0.686,0.0,0.0,28,0.0,0.0,5,0.0,0.0,0.0,28,0.0,0.0,5,0.0,0.0,0.0,28,0.0,0.0,5,0.0,1.964,0.693,28,3.6,0.548,5,-1.636
289,5.393,0.737,28,5.4,0.548,5,-0.007,5.393,0.737,28,5.4,0.548,5,-0.007,0.0,0.0,28,0.0,0.0,5,0.0,0.0,0.0,28,0.0,0.0,5,0.0,0.0,0.0,28,0.0,0.0,5,0.0,0.0,0.0,28,0.0,0.0,5,0.0
290,4.821,1.219,28,5.4,1.342,5,-0.579,4.821,1.219,28,5.4,1.342,5,-0.579,0.0,0.0,28,0.0,0.0,5,0.0,0.0,0.0,28,0.0,0.0,5,0.0,0.0,0.0,28,0.0,0.0,5,0.0,2.714,0.6,28,1.8,0.447,5,0.914
291,4.5,1.072,28,5.2,0.837,5,-0.7,4.5,1.072,28,5.2,0.837,5,-0.7,0.0,0.0,28,0.0,0.0,5,0.0,0.0,0.0,28,0.0,0.0,5,0.0,0.0,0.0,28,0.0,0.0,5,0.0,5.643,0.731,28,3.0,0.0,5,2.643
292,6.321,0.819,28,6.6,0.894,5,-0.279,5.429,0.634,28,5.8,0.447,5,-0.371,0.893,0.315,28,0.8,0.447,5,0.093,0.0,0.0,28,0.0,0.0,5,0.0,0.0,0.0,28,0.0,0.0,5,0.0,1.821,0.39,28,1.6,0.548,5,0.221
293,1.964,0.793,28,3.0,0.707,5,-1.036,1.964,0.793,28,3.0,0.707,5,-1.036,0.0,0.0,28,0.0,0.0,5,0.0,0.0,0.0,28,0.0,0.0,5,0.0,0.0,0.0,28,0.0,0.0,5,0.0,0.036,0.189,28,0.0,0.0,5,0.036
294,2.821,0.723,28,3.0,0.707,5,-0.179,2.714,0.6,28,2.8,0.447,5,-0.086,0.107,0.315,28,0.0,0.0,5,0.107,0.0,0.0,28,0.2,0.447,5,-0.2,0.0,0.0,28,0.0,0.0,5,0.0,0.0,0.0,28,0.0,0.0,5,0.0
295,3.107,0.832,28,4.2,0.837,5,-1.093,2.179,0.67,28,3.0,0.707,5,-0.821,0.607,0.497,28,1.2,0.837,5,-0.593,0.321,0.476,28,0.0,0.0,5,0.321,0.0,0.0,28,0.0,0.0,5,0.0,4.536,0.744,28,3.2,0.447,5,1.336
296,4.714,0.659,28,4.4,0.894,5,0.314,3.821,0.612,28,3.6,0.548,5,0.221,0.893,0.315,28,0.8,0.447,5,0.093,0.0,0.0,28,0.0,0.0,5,0.0,0.0,0.0,28,0.0,0.0,5,0.0,0.0,0.0,28,0.0,0.0,5,0.0
297,2.429,0.879,28,1.8,1.304,5,0.629,2.429,0.879,28,1.8,1.304,5,0.629,0.0,0.0,28,0.0,0.0,5,0.0,0.0,0.0,28,0.0,0.0,5,0.0,0.0,0.0,28,0.0,0.0,5,0.0,0.929,0.262,28,0.8,0.447,5,0.129
298,3.036,0.962,28,3.8,0.447,5,-0.764,3.0,0.943,28,3.8,0.447,5,-0.8,0.036,0.189,28,0.0,0.0,5,0.036,0.0,0.0,28,0.0,0.0,5,0.0,0.0,0.0,28,0.0,0.0,5,0.0,3.107,0.916,28,3.6,0.548,5,-0.493
299,4.786,1.067,28,3.6,1.817,5,1.186,4.179,0.983,28,2.8,1.643,5,1.379,0.607,0.567,28,0.8,0.447,5,-0.193,0.0,0.0,28,0.0,0.0,5,0.0,0.0,0.0,28,0.0,0.0,5,0.0,0.0,0.0,28,0.0,0.0,5,0.0
300,4.607,1.031,28,4.8,1.095,5,-0.193,4.607,1.031,28,4.8,1.095,5,-0.193,0.0,0.0,28,0.0,0.0,5,0.0,0.0,0.0,28,0.0,0.0,5,0.0,0.0,0.0,28,0.0,0.0,5,0.0,1.0,0.471,28,1.6,0.894,5,-0.6
301,6.75,1.713,28,6.4,1.673,5,0.35,4.929,1.12,28,4.6,1.14,5,0.329,0.429,0.573,28,0.4,0.548,5,0.029,1.393,1.166,28,1.4,1.342,5,-0.007,0.0,0.0,28,0.0,0.0,5,0.0,0.0,0.0,28,0.0,0.0,5,0.0
302,4.75,1.323,28,4.2,0.837,5,0.55,4.75,1.323,28,4.2,0.837,5,0.55,0.0,0.0,28,0.0,0.0,5,0.0,0.0,0.0,28,0.0,0.0,5,0.0,0.0,0.0,28,0.0,0.0,5,0.0,1.643,0.678,28,1.8,0.447,5,-0.157
303,5.071,0.858,28,4.6,0.894,5,0.471,5.071,0.858,28,4.6,0.894,5,0.471,0.0,0.0,28,0.0,0.0,5,0.0,0.0,0.0,28,0.0,0.0,5,0.0,0.0,0.0,28,0.0,0.0,5,0.0,1.536,0.744,28,2.0,0.707,5,-0.464
304,5.036,1.071,28,4.0,2.0,5,1.036,5.036,1.071,28,4.0,2.0,5,1.036,0.0,0.0,28,0.0,0.0,5,0.0,0.0,0.0,28,0.0,0.0,5,0.0,0.0,0.0,28,0.0,0.0,5,0.0,1.464,0.793,28,2.0,1.0,5,-0.536
305,3.071,1.052,28,3.2,0.837,5,-0.129,2.893,0.875,28,3.0,0.707,5,-0.107,0.0,0.0,28,0.0,0.0,5,0.0,0.179,0.39,28,0.2,0.447,5,-0.021,0.0,0.0,28,0.0,0.0,5,0.0,0.0,0.0,28,0.0,0.0,5,0.0
306,2.714,0.46,28,2.6,0.548,5,0.114,2.714,0.46,28,2.6,0.548,5,0.114,0.0,0.0,28,0.0,0.0,5,0.0,0.0,0.0,28,0.0,0.0,5,0.0,0.0,0.0,28,0.0,0.0,5,0.0,0.0,0.0,28,0.0,0.0,5,0.0
307,2.143,0.705,28,2.0,0.707,5,0.143,2.143,0.705,28,2.0,0.707,5,0.143,0.0,0.0,28,0.0,0.0,5,0.0,0.0,0.0,28,0.0,0.0,5,0.0,0.0,0.0,28,0.0,0.0,5,0.0,0.75,0.441,28,0.8,0.447,5,-0.05
308,1.536,0.508,28,1.0,0.0,4,0.536,1.536,0.508,28,1.0,0.0,4,0.536,0.0,0.0,28,0.0,0.0,4,0.0,0.0,0.0,28,0.0,0.0,4,0.0,0.0,0.0,28,0.0,0.0,4,0.0,0.464,0.508,28,0.75,0.5,4,-0.286
309,1.0,0.0,3,1.333,0.577,3,-0.333,1.0,0.0,3,1.333,0.577,3,-0.333,0.0,0.0,3,0.0,0.0,3,0.0,0.0,0.0,3,0.0,0.0,3,0.0,0.0,0.0,3,0.0,0.0,3,0.0,0.0,0.0,3,0.0,0.0,3,0.0
310,1.3,0.47,20,0.5,0.707,2,0.8,1.25,0.444,20,0.5,0.707,2,0.75,0.05,0.224,20,0.0,0.0,2,0.05,0.0,0.0,20,0.0,0.0,2,0.0,0.0,0.0,20,0.0,0.0,2,0.0,0.15,0.366,20,1.0,0.0,2,-0.85
311,1.409,0.59,22,1.5,0.707,2,-0.091,1.136,0.351,22,1.5,0.707,2,-0.364,0.273,0.456,22,0.0,0.0,2,0.273,0.0,0.0,22,0.0,0.0,2,0.0,0.0,0.0,22,0.0,0.0,2,0.0,0.0,0.0,22,0.0,0.0,2,0.0
312,1.429,0.646,14,1.0,0.0,1,0.429,0.643,0.497,14,1.0,0.0,1,-0.357,0.286,0.469,14,0.0,0.0,1,0.286,0.5,0.941,14,0.0,0.0,1,0.5,0.0,0.0,14,0.0,0.0,1,0.0,0.0,0.0,14,0.0,0.0,1,0.0
313,4.25,1.404,28,3.0,1.0,5,1.25,2.929,1.016,28,2.6,0.548,5,0.329,1.321,0.945,28,0.4,0.548,5,0.921,0.0,0.0,28,0.0,0.0,5,0.0,0.0,0.0,28,0.0,0.0,5,0.0,0.0,0.0,28,0.0,0.0,5,0.0
314,3.0,0.674,23,3.25,0.5,4,-0.25,2.739,0.689,23,3.0,0.0,4,-0.261,0.261,0.449,23,0.25,0.5,4,0.011,0.0,0.0,23,0.0,0.0,4,0.0,0.0,0.0,23,0.0,0.0,4,0.0,0.0,0.0,23,0.0,0.0,4,0.0
315,3.464,1.374,28,4.0,0.707,5,-0.536,2.821,0.983,28,3.0,0.707,5,-0.179,0.643,0.621,28,1.0,0.0,5,-0.357,0.0,0.0,28,0.0,0.0,5,0.0,0.0,0.0,28,0.0,0.0,5,0.0,0.214,0.418,28,0.0,0.0,5,0.214
316,6.071,1.464,28,6.6,1.14,5,-0.529,3.679,0.819,28,4.4,0.548,5,-0.721,1.25,1.005,28,1.8,0.837,5,-0.55,1.143,1.268,28,0.4,0.894,5,0.743,0.0,0.0,28,0.0,0.0,5,0.0,0.0,0.0,28,0.0,0.0,5,0.0
317,5.75,1.838,28,4.4,1.517,5,1.35,4.536,1.374,28,4.0,1.414,5,0.536,1.0,0.667,28,0.4,0.548,5,0.6,0.214,0.63,28,0.0,0.0,5,0.214,0.0,0.0,28,0.0,0.0,5,0.0,0.0,0.0,28,0.0,0.0,5,0.0
318,4.357,0.951,28,5.2,0.837,5,-0.843,4.357,0.951,28,5.2,0.837,5,-0.843,0.0,0.0,28,0.0,0.0,5,0.0,0.0,0.0,28,0.0,0.0,5,0.0,0.0,0.0,28,0.0,0.0,5,0.0,0.857,0.705,28,0.0,0.0,5,0.857
319,6.143,2.289,28,7.4,1.14,5,-1.257,4.714,1.213,28,4.2,0.837,5,0.514,0.857,0.848,28,2.0,0.0,5,-1.143,0.571,0.92,28,1.2,1.095,5,-0.629,0.0,0.0,28,0.0,0.0,5,0.0,0.0,0.0,28,0.0,0.0,5,0.0
320,5.25,1.005,28,5.8,0.447,5,-0.55,5.143,0.932,28,5.8,0.447,5,-0.657,0.036,0.189,28,0.0,0.0,5,0.036,0.071,0.378,28,0.0,0.0,5,0.071,0.0,0.0,28,0.0,0.0,5,0.0,2.321,0.772,28,2.8,0.447,5,-0.479
321,6.0,1.361,28,4.6,2.302,5,1.4,4.214,1.287,28,3.6,1.817,5,0.614,0.286,0.46,28,0.2,0.447,5,0.086,1.5,0.882,28,0.8,1.095,5,0.7,0.0,0.0,28,0.0,0.0,5,0.0,0.0,0.0,28,0.0,0.0,5,0.0
322,5.107,0.875,28,4.8,1.095,5,0.307,5.107,0.875,28,4.8,1.095,5,0.307,0.0,0.0,28,0.0,0.0,5,0.0,0.0,0.0,28,0.0,0.0,5,0.0,0.0,0.0,28,0.0,0.0,5,0.0,1.393,0.685,28,0.8,0.447,5,0.593
323,4.679,1.188,28,5.2,0.837,5,-0.521,4.643,1.129,28,5.2,0.837,5,-0.557,0.036,0.189,28,0.0,0.0,5,0.036,0.0,0.0,28,0.0,0.0,5,0.0,0.0,0.0,28,0.0,0.0,5,0.0,0.0,0.0,28,0.0,0.0,5,0.0
324,5.214,0.686,28,4.4,0.894,5,0.814,5.214,0.686,28,4.4,0.894,5,0.814,0.0,0.0,28,0.0,0.0,5,0.0,0.0,0.0,28,0.0,0.0,5,0.0,0.0,0.0,28,0.0,0.0,5,0.0,1.964,0.189,28,2.0,0.0,5,-0.036
325,5.857,0.756,28,6.0,1.225,5,-0.143,4.964,0.744,28,5.0,1.225,5,-0.036,0.893,0.315,28,1.0,0.0,5,-0.107,0.0,0.0,28,0.0,0.0,5,0.0,0.0,0.0,28,0.0,0.0,5,0.0,1.321,0.476,28,0.2,0.447,5,1.121
326,4.929,1.215,28,5.6,0.548,5,-0.671,4.714,1.117,28,5.6,0.548,5,-0.886,0.214,0.418,28,0.0,0.0,5,0.214,0.0,0.0,28,0.0,0.0,5,0.0,0.0,0.0,28,0.0,0.0,5,0.0,1.536,0.576,28,1.6,0.894,5,-0.064
327,3.75,1.175,28,2.8,0.447,5,0.95,3.643,1.096,28,2.4,0.548,5,1.243,0.107,0.315,28,0.4,0.548,5,-0.293,0.0,0.0,28,0.0,0.0,5,0.0,0.0,0.0,28,0.0,0.0,5,0.0,0.0,0.0,28,0.0,0.0,5,0.0
328,8.893,1.474,28,8.4,1.673,5,0.493,5.179,0.819,28,4.8,0.447,5,0.379,0.107,0.416,28,0.4,0.548,5,-0.293,3.607,1.449,28,3.2,1.483,5,0.407,0.0,0.0,28,0.0,0.0,5,0.0,0.0,0.0,28,0.0,0.0,5,0.0
329,6.0,1.217,28,5.4,0.548,5,0.6,4.893,0.832,28,4.4,0.548,5,0.493,1.107,0.567,28,1.0,0.0,5,0.107,0.0,0.0,28,0.0,0.0,5,0.0,0.0,0.0,28,0.0,0.0,5,0.0,0.0,0.0,28,0.0,0.0,5,0.0
330,5.893,1.315,28,4.4,1.14,5,1.493,4.607,0.956,28,4.0,1.225,5,0.607,0.679,0.548,28,0.2,0.447,5,0.479,0.607,0.737,28,0.2,0.447,5,0.407,0.0,0.0,28,0.0,0.0,5,0.0,0.0,0.0,28,0.0,0.0,5,0.0
331,3.25,1.351,28,3.8,1.095,5,-0.55,1.857,0.932,28,1.8,0.447,5,0.057,0.429,0.504,28,1.2,0.447,5,-0.771,0.964,0.637,28,0.8,0.837,5,0.164,0.0,0.0,28,0.0,0.0,5,0.0,0.0,0.0,28,0.0,0.0,5,0.0
332,3.214,0.568,28,2.0,0.0,5,1.214,3.036,0.508,28,2.0,0.0,5,1.036,0.179,0.39,28,0.0,0.0,5,0.179,0.0,0.0,28,0.0,0.0,5,0.0,0.0,0.0,28,0.0,0.0,5,0.0,0.0,0.0,28,0.0,0.0,5,0.0
333,4.429,0.742,28,3.4,1.517,5,1.029,4.429,0.742,28,3.4,1.517,5,1.029,0.0,0.0,28,0.0,0.0,5,0.0,0.0,0.0,28,0.0,0.0,5,0.0,0.0,0.0,28,0.0,0.0,5,0.0,1.607,0.916,28,1.0,0.707,5,0.607
334,5.143,1.38,28,4.2,0.837,5,0.943,3.714,1.084,28,3.2,0.837,5,0.514,0.571,0.504,28,0.2,0.447,5,0.371,0.857,0.848,28,0.8,0.447,5,0.057,0.0,0.0,28,0.0,0.0,5,0.0,0.0,0.0,28,0.0,0.0,5,0.0
335,3.036,1.201,28,2.4,1.342,5,0.636,3.036,1.201,28,2.4,1.342,5,0.636,0.0,0.0,28,0.0,0.0,5,0.0,0.0,0.0,28,0.0,0.0,5,0.0,0.0,0.0,28,0.0,0.0,5,0.0,1.179,0.548,28,1.0,0.0,5,0.179
336,2.5,1.171,28,3.8,0.837,5,-1.3,2.5,1.171,28,3.8,0.837,5,-1.3,0.0,0.0,28,0.0,0.0,5,0.0,0.0,0.0,28,0.0,0.0,5,0.0,0.0,0.0,28,0.0,0.0,5,0.0,1.429,0.634,28,0.8,0.447,5,0.629
337,2.143,0.591,28,5.0,1.0,5,-2.857,2.143,0.591,28,5.0,1.0,5,-2.857,0.0,0.0,28,0.0,0.0,5,0.0,0.0,0.0,28,0.0,0.0,5,0.0,0.0,0.0,28,0.0,0.0,5,0.0,3.607,0.786,28,2.4,1.517,5,1.207
338,2.0,1.018,28,2.8,1.095,5,-0.8,1.786,0.917,28,2.6,0.894,5,-0.814,0.0,0.0,28,0.0,0.0,5,0.0,0.214,0.63,28,0.2,0.447,5,0.014,0.0,0.0,28,0.0,0.0,5,0.0,0.0,0.0,28,0.0,0.0,5,0.0
339,2.571,0.742,28,3.0,0.0,5,-0.429,2.571,0.742,28,3.0,0.0,5,-0.429,0.0,0.0,28,0.0,0.0,5,0.0,0.0,0.0,28,0.0,0.0,5,0.0,0.0,0.0,28,0.0,0.0,5,0.0,2.393,0.685,28,0.8,0.447,5,1.593
340,1.536,0.693,28,1.8,0.837,5,-0.264,1.393,0.685,28,1.8,0.837,5,-0.407,0.143,0.356,28,0.0,0.0,5,0.143,0.0,0.0,28,0.0,0.0,5,0.0,0.0,0.0,28,0.0,0.0,5,0.0,3.179,1.335,28,0.6,0.548,5,2.579
341,2.0,0.903,28,1.4,0.548,5,0.6,1.821,0.67,28,1.4,0.548,5,0.421,0.179,0.39,28,0.0,0.0,5,0.179,0.0,0.0,28,0.0,0.0,5,0.0,0.0,0.0,28,0.0,0.0,5,0.0,1.286,0.713,28,3.0,0.0,5,-1.714
342,4.679,1.517,28,4.0,1.0,5,0.679,3.929,1.359,28,2.6,0.548,5,1.329,0.679,0.772,28,1.4,0.894,5,-0.721,0.071,0.262,28,0.0,0.0,5,0.071,0.179,0.39,28,0.0,0.0,5,0.179,0.0,0.0,28,0.0,0.0,5,0.0
343,3.571,1.451,28,2.8,0.837,5,0.771,2.286,1.013,28,2.4,0.548,5,-0.114,0.25,0.441,28,0.0,0.0,5,0.25,1.036,0.793,28,0.4,0.894,5,0.636,1.214,0.686,28,0.2,0.447,5,1.014,0.0,0.0,28,0.0,0.0,5,0.0
344,3.679,1.249,28,3.4,0.894,5,0.279,2.786,1.031,28,2.6,1.14,5,0.186,0.464,0.508,28,0.8,0.447,5,-0.336,0.429,0.634,28,0.0,0.0,5,0.429,0.0,0.0,28,0.0,0.0,5,0.0,0.0,0.0,28,0.0,0.0,5,0.0
345,3.536,0.922,28,4.0,1.581,5,-0.464,3.321,0.905,28,3.4,1.517,5,-0.079,0.214,0.418,28,0.6,0.548,5,-0.386,0.0,0.0,28,0.0,0.0,5,0.0,0.0,0.0,28,0.0,0.0,5,0.0,3.5,1.453,28,4.8,0.837,5,-1.3
346,4.536,1.774,28,5.2,0.837,5,-0.664,3.893,1.524,28,4.8,1.304,5,-0.907,0.357,0.559,28,0.0,0.0,5,0.357,0.286,0.535,28,0.4,0.894,5,-0.114,0.5,0.509,28,0.2,0.447,5,0.3,0.0,0.0,28,0.0,0.0,5,0.0
347,3.929,1.676,28,5.0,1.414,5,-1.071,3.321,1.442,28,5.0,1.414,5,-1.679,0.25,0.441,28,0.0,0.0,5,0.25,0.357,0.559,28,0.0,0.0,5,0.357,0.0,0.0,28,0.0,0.0,5,0.0,0.0,0.0,28,0.0,0.0,5,0.0
348,2.773,0.813,22,4.6,1.14,5,-1.827,2.773,0.813,22,4.6,1.14,5,-1.827,0.0,0.0,22,0.0,0.0,5,0.0,0.0,0.0,22,0.0,0.0,5,0.0,0.0,0.0,22,0.0,0.0,5,0.0,0.0,0.0,22,0.0,0.0,5,0.0
349,2.714,1.347,21,4.2,1.643,5,-1.486,2.714,1.347,21,4.2,1.643,5,-1.486,0.0,0.0,21,0.0,0.0,5,0.0,0.0,0.0,21,0.0,0.0,5,0.0,0.0,0.0,21,0.0,0.0,5,0.0,1.571,1.363,21,4.2,1.789,5,-2.629
350,2.267,0.799,15,4.6,1.342,5,-2.333,2.2,0.676,15,4.6,1.342,5,-2.4,0.067,0.258,15,0.0,0.0,5,0.067,0.0,0.0,15,0.0,0.0,5,0.0,0.067,0.258,15,0.0,0.0,5,0.067,0.0,0.0,15,0.0,0.0,5,0.0
351,1.667,0.888,12,2.6,1.517,5,-0.933,1.667,0.888,12,2.6,1.517,5,-0.933,0.0,0.0,12,0.0,0.0,5,0.0,0.0,0.0,12,0.0,0.0,5,0.0,0.083,0.289,12,0.0,0.0,5,0.083,0.0,0.0,12,0.0,0.0,5,0.0
352,1.417,0.515,12,2.6,1.14,5,-1.183,1.417,0.515,12,2.6,1.14,5,-1.183,0.0,0.0,12,0.0,0.0,5,0.0,0.0,0.0,12,0.0,0.0,5,0.0,0.0,0.0,12,0.0,0.0,5,0.0,0.25,0.622,12,1.0,0.707,5,-0.75
353,1.0,0.0,1,2.333,0.577,3,-1.333,1.0,0.0,1,2.333,0.577,3,-1.333,0.0,0.0,1,0.0,0.0,3,0.0,0.0,0.0,1,0.0,0.0,3,0.0,0.0,0.0,1,0.0,0.0,3,0.0,0.0,0.0,1,0.0,0.0,3,0.0
354,,,0,1.75,0.957,4,,,,0,1.75,0.957,4,,,,0,0.0,0.0,4,,,,0,0.0,0.0,4,,,,0,0.0,0.0,4,,,,0,0.0,0.0,4,
1004,,,0,5.0,0.0,1,,,,0,2.0,0.0,1,,,,0,3.0,0.0,1,,,,0,0.0,0.0,1,,,,0,0.0,0.0,1,,,,0,0.0,0.0,1,
1005,,,0,3.0,0.0,1,,,,0,3.0,0.0,1,,,,0,0.0,0.0,1,,,,0,0.0,0.0,1,,,,0,0.0,0.0,1,,,,0,4.0,0.0,1,
1006,,,0,2.0,0.0,1,,,,0,1.0,0.0,1,,,,0,1.0,0.0,1,,,,0,0.0,0.0,1,,,,0,0.0,0.0,1,,,,0,2.0,0.0,1,
1007,,,0,7.0,0.0,1,,,,0,4.0,0.0,1,,,,0,3.0,0.0,1,,,,0,0.0,0.0,1,,,,0,0.0,0.0,1,,,,0,0.0,0.0,1,
1008,,,0,5.0,0.0,1,,,,0,5.0,0.0,1,,,,0,0.0,0.0,1,,,,0,0.0,0.0,1,,,,0,0.0,0.0,1,,,,0,3.0,0.0,1,
1009,,,0,5.0,0.0,1,,,,0,5.0,0.0,1,,,,0,0.0,0.0,1,,,,0,0.0,0.0,1,,,,0,0.0,0.0,1,,,,0,3.0,0.0,1,
1010,,,0,6.0,0.0,1,,,,0,6.0,0.0,1,,,,0,0.0,0.0,1,,,,0,0.0,0.0,1,,,,0,0.0,0.0,1,,,,0,0.0,0.0,1,
1011,,,0,3.0,0.0,1,,,,0,3.0,0.0,1,,,,0,0.0,0.0,1,,,,0,0.0,0.0,1,,,,0,0.0,0.0,1,,,,0,0.0,0.0,1,
1012,,,0,8.0,0.0,1,,,,0,3.0,0.0,1,,,,0,0.0,0.0,1,,,,0,5.0,0.0,1,,,,0,1.0,0.0,1,,,,0,0.0,0.0,1,
1013,,,0,4.0,0.0,1,,,,0,2.0,0.0,1,,,,0,0.0,0.0,1,,,,0,2.0,0.0,1,,,,0,1.0,0.0,1,,,,0,0.0,0.0,1,
1014,,,0,1.0,0.0,1,,,,0,1.0,0.0,1,,,,0,0.0,0.0,1,,,,0,0.0,0.0,1,,,,0,0.0,0.0,1,,,,0,0.0,0.0,1,
1015,,,0,1.0,0.0,1,,,,0,0.0,0.0,1,,,,0,1.0,0.0,1,,,,0,0.0,0.0,1,,,,0,0.0,0.0,1,,,,0,2.0,0.0,1,
1016,,,0,3.0,0.0,1,,,,0,3.0,0.0,1,,,,0,0.0,0.0,1,,,,0,0.0,0.0,1,,,,0,0.0,0.0,1,,,,0,0.0,0.0,1,
1017,,,0,0.0,0.0,1,,,,0,0.0,0.0,1,,,,0,0.0,0.0,1,,,,0,0.0,0.0,1,,,,0,0.0,0.0,1,,,,0,2.0,0.0,1,
1018,,,0,2.0,0.0,1,,,,0,2.0,0.0,1,,,,0,0.0,0.0,1,,,,0,0.0,0.0,1,,,,0,0.0,0.0,1,,,,0,0.0,0.0,1,
1019,,,0,0.0,0.0,1,,,,0,0.0,0.0,1,,,,0,0.0,0.0,1,,,,0,0.0,0.0,1,,,,0,0.0,0.0,1,,,,0,5.0,0.0,1,
1020,,,0,4.0,0.0,1,,,,0,4.0,0.0,1,,,,0,0.0,0.0,1,,,,0,0.0,0.0,1,,,,0,0.0,0.0,1,,,,0,0.0,0.0,1,
1022,,,0,7.0,0.0,1,,,,0,4.0,0.0,1,,,,0,3.0,0.0,1,,,,0,0.0,0.0,1,,,,0,0.0,0.0,1,,,,0,0.0,0.0,1,
1023,,,0,1.0,0.0,1,,,,0,1.0,0.0,1,,,,0,0.0,0.0,1,,,,0,0.0,0.0,1,,,,0,0.0,0.0,1,,,,0,0.0,0.0,1,
1024,,,0,2.0,0.0,1,,,,0,1.0,0.0,1,,,,0,1.0,0.0,1,,,,0,0.0,0.0,1,,,,0,0.0,0.0,1,,,,0,0.0,0.0,1,
1025,,,0,3.0,0.0,1,,,,0,2.0,0.0,1,,,,0,1.0,0.0,1,,,,0,0.0,0.0,1,,,,0,0.0,0.0,1,,,,0,0.0,0.0,1,
1026,,,0,4.0,0.0,1,,,,0,2.0,0.0,1,,,,0,2.0,0.0,1,,,,0,0.0,0.0,1,,,,0,0.0,0.0,1,,,,0,0.0,0.0,1,
1027,,,0,1.0,0.0,1,,,,0,0.0,0.0,1,,,,0,1.0,0.0,1,,,,0,0.0,0.0,1,,,,0,0.0,0.0,1,,,,0,0.0,0.0,1,
1028,,,0,4.0,0.0,1,,,,0,3.0,0.0,1,,,,0,1.0,0.0,1,,,,0,0.0,0.0,1,,,,0,0.0,0.0,1,,,,0,0.0,0.0,1,
1029,,,0,2.0,0.0,1,,,,0,2.0,0.0,1,,,,0,0.0,0.0,1,,,,0,0.0,0.0,1,,,,0,0.0,0.0,1,,,,0,4.0,0.0,1,
1030,,,0,2.0,0.0,1,,,,0,2.0,0.0,1,,,,0,0.0,0.0,1,,,,0,0.0,0.0,1,,,,0,0.0,0.0,1,,,,0,0.0,0.0,1,
1031,,,0,1.0,0.0,1,,,,0,1.0,0.0,1,,,,0,0.0,0.0,1,,,,0,0.0,0.0,1,,,,0,0.0,0.0,1,,,,0,2.0,0.0,1,
1032,,,0,1.0,0.0,1,,,,0,1.0,0.0,1,,,,0,0.0,0.0,1,,,,0,0.0,0.0,1,,,,0,0.0,0.0,1,,,,0,0.0,0.0,1,
1033,,,0,5.0,0.0,1,,,,0,3.0,0.0,1,,,,0,0.0,0.0,1,,,,0,2.0,0.0,1,,,,0,1.0,0.0,1,,,,0,0.0,0.0,1,
1034,,,0,1.0,0.0,1,,,,0,1.0,0.0,1,,,,0,0.0,0.0,1,,,,0,0.0,0.0,1,,,,0,0.0,0.0,1,,,,0,0.0,0.0,1,
1035,,,0,0.0,0.0,1,,,,0,0.0,0.0,1,,,,0,0.0,0.0,1,,,,0,0.0,0.0,1,,,,0,0.0,0.0,1,,,,0,3.0,0.0,1,
1036,,,0,1.0,0.0,1,,,,0,0.0,0.0,1,,,,0,1.0,0.0,1,,,,0,0.0,0.0,1,,,,0,0.0,0.0,1,,,,0,0.0,0.0,1,
1038,,,0,2.0,0.0,1,,,,0,0.0,0.0,1,,,,0,2.0,0.0,1,,,,0,0.0,0.0,1,,,,0,0.0,0.0,1,,,,0,0.0,0.0,1,
1039,,,0,1.0,0.0,1,,,,0,0.0,0.0,1,,,,0,1.0,0.0,1,,,,0,0.0,0.0,1,,,,0,0.0,0.0,1,,,,0,0.0,0.0,1,
1040,,,0,1.0,0.0,1,,,,0,0.0,0.0,1,,,,0,1.0,0.0,1,,,,0,0.0,0.0,1,,,,0,0.0,0.0,1,,,,0,0.0,0.0,1,
1041,,,0,3.0,0.0,1,,,,0,3.0,0.0,1,,,,0,0.0,0.0,1,,,,0,0.0,0.0,1,,,,0,0.0,0.0,1,,,,0,1.0,0.0,1,
1042,,,0,5.0,0.0,1,,,,0,3.0,0.0,1,,,,0,1.0,0.0,1,,,,0,1.0,0.0,1,,,,0,0.0,0.0,1,,,,0,0.0,0.0,1,
1043,,,0,1.0,0.0,1,,,,0,1.0,0.0,1,,,,0,0.0,0.0,1,,,,0,0.0,0.0,1,,,,0,0.0,0.0,1,,,,0,0.0,0.0,1,
1044,,,0,4.0,0.0,1,,,,0,4.0,0.0,1,,,,0,0.0,0.0,1,,,,0,0.0,0.0,1,,,,0,0.0,0.0,1,,,,0,2.0,0.0,1,
1045,,,0,4.0,0.0,1,,,,0,4.0,0.0,1,,,,0,0.0,0.0,1,,,,0,0.0,0.0,1,,,,0,0.0,0.0,1,,,,0,0.0,0.0,1,
1046,,,0,5.0,0.0,1,,,,0,3.0,0.0,1,,,,0,1.0,0.0,1,,,,0,1.0,0.0,1,,,,0,0.0,0.0,1,,,,0,0.0,0.0,1,
1047,,,0,3.0,0.0,1,,,,0,3.0,0.0,1,,,,0,0.0,0.0,1,,,,0,0.0,0.0,1,,,,0,0.0,0.0,1,,,,0,0.0,0.0,1,
1048,,,0,5.0,0.0,1,,,,0,5.0,0.0,1,,,,0,0.0,0.0,1,,,,0,0.0,0.0,1,,,,0,0.0,0.0,1,,,,0,4.0,0.0,1,
1049,,,0,8.0,0.0,1,,,,0,4.0,0.0,1,,,,0,1.0,0.0,1,,,,0,3.0,0.0,1,,,,0,0.0,0.0,1,,,,0,0.0,0.0,1,
1050,,,0,4.0,0.0,1,,,,0,4.0,0.0,1,,,,0,0.0,0.0,1,,,,0,0.0,0.0,1,,,,0,0.0,0.0,1,,,,0,0.0,0.0,1,
1051,,,0,2.0,0.0,1,,,,0,2.0,0.0,1,,,,0,0.0,0.0,1,,,,0,0.0,0.0,1,,,,0,0.0,0.0,1,,,,0,0.0,0.0,1,
1052,,,0,3.0,0.0,1,,,,0,3.0,0.0,1,,,,0,0.0,0.0,1,,,,0,0.0,0.0,1,,,,0,0.0,0.0,1,,,,0,3.0,0.0,1,
1053,,,0,1.0,0.0,1,,,,0,1.0,0.0,1,,,,0,0.0,0.0,1,,,,0,0.0,0.0,1,,,,0,0.0,0.0,1,,,,0,0.0,0.0,1,
1054,,,0,4.0,0.0,1,,,,0,1.0,0.0,1,,,,0,0.0,0.0,1,,,,0,3.0,0.0,1,,,,0,1.0,0.0,1,,,,0,0.0,0.0,1,
1055,,,0,2.0,0.0,1,,,,0,0.0,0.0,1,,,,0,0.0,0.0,1,,,,0,2.0,0.0,1,,,,0,0.0,0.0,1,,,,0,0.0,0.0,1,
1056,,,0,5.0,0.0,1,,,,0,3.0,0.0,1,,,,0,1.0,0.0,1,,,,0,1.0,0.0,1,,,,0,0.0,0.0,1,,,,0,0.0,0.0,1,
1058,,,0,1.0,0.0,1,,,,0,1.0,0.0,1,,,,0,0.0,0.0,1,,,,0,0.0,0.0,1,,,,0,0.0,0.0,1,,,,0,0.0,0.0,1,
1059,,,0,1.0,0.0,1,,,,0,1.0,0.0,1,,,,0,0.0,0.0,1,,,,0,0.0,0.0,1,,,,0,0.0,0.0,1,,,,0,0.0,0.0,1,
1060,,,0,0.0,0.0,1,,,,0,0.0,0.0,1,,,,0,0.0,0.0,1,,,,0,0.0,0.0,1,,,,0,0.0,0.0,1,,,,0,6.0,0.0,1,
1061,,,0,4.0,0.0,1,,,,0,3.0,0.0,1,,,,0,1.0,0.0,1,,,,0,0.0,0.0,1,,,,0,0.0,0.0,1,,,,0,0.0,0.0,1,
1062,,,0,3.0,0.0,1,,,,0,3.0,0.0,1,,,,0,0.0,0.0,1,,,,0,0.0,0.0,1,,,,0,1.0,0.0,1,,,,0,0.0,0.0,1,
1063,,,0,3.0,0.0,1,,,,0,3.0,0.0,1,,,,0,0.0,0.0,1,,,,0,0.0,0.0,1,,,,0,0.0,0.0,1,,,,0,0.0,0.0,1,
1064,,,0,7.0,0.0,1,,,,0,3.0,0.0,1,,,,0,1.0,0.0,1,,,,0,3.0,0.0,1,,,,0,1.0,0.0,1,,,,0,0.0,0.0,1,
1065,,,0,5.0,0.0,1,,,,0,5.0,0.0,1,,,,0,0.0,0.0,1,,,,0,0.0,0.0,1,,,,0,0.0,0.0,1,,,,0,3.0,0.0,1,
1066,,,0,5.0,0.0,1,,,,0,4.0,0.0,1,,,,0,1.0,0.0,1,,,,0,0.0,0.0,1,,,,0,1.0,0.0,1,,,,0,0.0,0.0,1,
1067,,,0,3.0,0.0,1,,,,0,3.0,0.0,1,,,,0,0.0,0.0,1,,,,0,0.0,0.0,1,,,,0,0.0,0.0,1,,,,0,0.0,0.0,1,
1068,,,0,2.0,0.0,1,,,,0,2.0,0.0,1,,,,0,0.0,0.0,1,,,,0,0.0,0.0,1,,,,0,0.0,0.0,1,,,,0,2.0,0.0,1,
1069,,,0,6.0,0.0,1,,,,0,6.0,0.0,1,,,,0,0.0,0.0,1,,,,0,0.0,0.0,1,,,,0,0.0,0.0,1,,,,0,5.0,0.0,1,
1070,,,0,4.0,0.0,1,,,,0,3.0,0.0,1,,,,0,1.0,0.0,1,,,,0,0.0,0.0,1,,,,0,0.0,0.0,1,,,,0,0.0,0.0,1,
1071,,,0,2.0,0.0,1,,,,0,2.0,0.0,1,,,,0,0.0,0.0,1,,,,0,0.0,0.0,1,,,,0,0.0,0.0,1,,,,0,0.0,0.0,1,
1072,,,0,5.0,0.0,1,,,,0,3.0,0.0,1,,,,0,0.0,0.0,1,,,,0,2.0,0.0,1,,,,0,1.0,0.0,1,,,,0,0.0,0.0,1,
1073,,,0,4.0,0.0,1,,,,0,4.0,0.0,1,,,,0,0.0,0.0,1,,,,0,0.0,0.0,1,,,,0,0.0,0.0,1,,,,0,4.0,0.0,1,
1074,,,0,5.0,0.0,1,,,,0,4.0,0.0,1,,,,0,0.0,0.0,1,,,,0,1.0,0.0,1,,,,0,1.0,0.0,1,,,,0,0.0,0.0,1,
1075,,,0,3.0,0.0,1,,,,0,3.0,0.0,1,,,,0,0.0,0.0,1,,,,0,0.0,0.0,1,,,,0,0.0,0.0,1,,,,0,0.0,0.0,1,
1076,,,0,6.0,0.0,1,,,,0,6.0,0.0,1,,,,0,0.0,0.0,1,,,,0,0.0,0.0,1,,,,0,0.0,0.0,1,,,,0,2.0,0.0,1,
1077,,,0,4.0,0.0,1,,,,0,4.0,0.0,1,,,,0,0.0,0.0,1,,,,0,0.0,0.0,1,,,,0,0.0,0.0,1,,,,0,2.0,0.0,1,
1078,,,0,6.0,0.0,1,,,,0,5.0,0.0,1,,,,0,0.0,0.0,1,,,,0,1.0,0.0,1,,,,0,1.0,0.0,1,,,,0,0.0,0.0,1,
1079,,,0,5.0,0.0,1,,,,0,5.0,0.0,1,,,,0,0.0,0.0,1,,,,0,0.0,0.0,1,,,,0,0.0,0.0,1,,,,0,0.0,0.0,1,
1080,,,0,5.0,0.0,1,,,,0,5.0,0.0,1,,,,0,0.0,0.0,1,,,,0,0.0,0.0,1,,,,0,0.0,0.0,1,,,,0,3.0,0.0,1,
1081,,,0,3.0,0.0,1,,,,0,3.0,0.0,1,,,,0,0.0,0.0,1,,,,0,0.0,0.0,1,,,,0,0.0,0.0,1,,,,0,1.0,0.0,1,
1082,,,0,3.0,0.0,1,,,,0,3.0,0.0,1,,,,0,0.0,0.0,1,,,,0,0.0,0.0,1,,,,0,0.0,0.0,1,,,,0,0.0,0.0,1,
1083,,,0,7.0,0.0,1,,,,0,5.0,0.0,1,,,,0,2.0,0.0,1,,,,0,0.0,0.0,1,,,,0,0.0,0.0,1,,,,0,0.0,0.0,1,
1085,,,0,2.0,0.0,1,,,,0,1.0,0.0,1,,,,0,1.0,0.0,1,,,,0,0.0,0.0,1,,,,0,0.0,0.0,1,,,,0,0.0,0.0,1,
1086,,,0,5.0,0.0,1,,,,0,4.0,0.0,1,,,,0,1.0,0.0,1,,,,0,0.0,0.0,1,,,,0,0.0,0.0,1,,,,0,3.0,0.0,1,
1087,,,0,2.0,0.0,1,,,,0,2.0,0.0,1,,,,0,0.0,0.0,1,,,,0,0.0,0.0,1,,,,0,0.0,0.0,1,,,,0,0.0,0.0,1,
1088,,,0,2.0,0.0,1,,,,0,2.0,0.0,1,,,,0,0.0,0.0,1,,,,0,0.0,0.0,1,,,,0,0.0,0.0,1,,,,0,0.0,0.0,1,
1089,,,0,3.0,0.0,1,,,,0,2.0,0.0,1,,,,0,1.0,0.0,1,,,,0,0.0,0.0,1,,,,0,0.0,0.0,1,,,,0,3.0,0.0,1,
1090,,,0,5.0,0.0,1,,,,0,5.0,0.0,1,,,,0,0.0,0.0,1,,,,0,0.0,0.0,1,,,,0,0.0,0.0,1,,,,0,0.0,0.0,1,
1091,,,0,1.0,0.0,1,,,,0,1.0,0.0,1,,,,0,0.0,0.0,1,,,,0,0.0,0.0,1,,,,0,1.0,0.0,1,,,,0,0.0,0.0,1,
1092,,,0,3.0,0.0,1,,,,0,2.0,0.0,1,,,,0,1.0,0.0,1,,,,0,0.0,0.0,1,,,,0,0.0,0.0,1,,,,0,0.0,0.0,1,
1093,,,0,2.0,0.0,1,,,,0,2.0,0.0,1,,,,0,0.0,0.0,1,,,,0,0.0,0.0,1,,,,0,0.0,0.0,1,,,,0,4.0,0.0,1,
1094,,,0,5.0,0.0,1,,,,0,3.0,0.0,1,,,,0,0.0,0.0,1,,,,0,2.0,0.0,1,,,,0,1.0,0.0,1,,,,0,0.0,0.0,1,
1095,,,0,2.0,0.0,1,,,,0,2.0,0.0,1,,,,0,0.0,0.0,1,,,,0,0.0,0.0,1,,,,0,0.0,0.0,1,,,,0,0.0,0.0,1,
1096,,,0,3.0,0.0,1,,,,0,3.0,0.0,1,,,,0,0.0,0.0,1,,,,0,0.0,0.0,1,,,,0,0.0,0.0,1,,,,0,1.0,0.0,1,
1097,,,0,8.0,0.0,1,,,,0,4.0,0.0,1,,,,0,2.0,0.0,1,,,,0,2.0,0.0,1,,,,0,1.0,0.0,1,,,,0,0.0,0.0,1,
1098,,,0,5.0,0.0,1,,,,0,5.0,0.0,1,,,,0,0.0,0.0,1,,,,0,0.0,0.0,1,,,,0,1.0,0.0,1,,,,0,0.0,0.0,1,
1099,,,0,6.0,0.0,1,,,,0,6.0,0.0,1,,,,0,0.0,0.0,1,,,,0,0.0,0.0,1,,,,0,0.0,0.0,1,,,,0,2.0,0.0,1,
1100,,,0,5.0,0.0,1,,,,0,5.0,0.0,1,,,,0,0.0,0.0,1,,,,0,0.0,0.0,1,,,,0,0.0,0.0,1,,,,0,2.0,0.0,1,
1101,,,0,6.0,0.0,1,,,,0,6.0,0.0,1,,,,0,0.0,0.0,1,,,,0,0.0,0.0,1,,,,0,0.0,0.0,1,,,,0,4.0,0.0,1,
1102,,,0,5.0,0.0,1,,,,0,5.0,0.0,1,,,,0,0.0,0.0,1,,,,0,0.0,0.0,1,,,,0,0.0,0.0,1,,,,0,5.0,0.0,1,
1103,,,0,9.0,0.0,1,,,,0,5.0,0.0,1,,,,0,1.0,0.0,1,,,,0,3.0,0.0,1,,,,0,0.0,0.0,1,,,,0,0.0,0.0,1,
1104,,,0,6.0,0.0,1,,,,0,6.0,0.0,1,,,,0,0.0,0.0,1,,,,0,0.0,0.0,1,,,,0,0.0,0.0,1,,,,0,6.0,0.0,1,
1105,,,0,4.0,0.0,1,,,,0,4.0,0.0,1,,,,0,0.0,0.0,1,,,,0,0.0,0.0,1,,,,0,0.0,0.0,1,,,,0,3.0,0.0,1,
1106,,,0,3.0,0.0,1,,,,0,3.0,0.0,1,,,,0,0.0,0.0,1,,,,0,0.0,0.0,1,,,,0,0.0,0.0,1,,,,0,3.0,0.0,1,
1107,,,0,7.0,0.0,1,,,,0,3.0,0.0,1,,,,0,0.0,0.0,1,,,,0,4.0,0.0,1,,,,0,0.0,0.0,1,,,,0,0.0,0.0,1,
1108,,,0,1.0,0.0,1,,,,0,1.0,0.0,1,,,,0,0.0,0.0,1,,,,0,0.0,0.0,1,,,,0,0.0,0.0,1,,,,0,2.0,0.0,1,
1109,,,0,4.0,0.0,1,,,,0,4.0,0.0,1,,,,0,0.0,0.0,1,,,,0,0.0,0.0,1,,,,0,0.0,0.0,1,,,,0,0.0,0.0,1,
1110,,,0,1.0,0.0,1,,,,0,1.0,0.0,1,,,,0,0.0,0.0,1,,,,0,0.0,0.0,1,,,,0,0.0,0.0,1,,,,0,0.0,0.0,1,
1111,,,0,2.0,0.0,1,,,,0,2.0,0.0,1,,,,0,0.0,0.0,1,,,,0,0.0,0.0,1,,,,0,0.0,0.0,1,,,,0,0.0,0.0,1,
1112,,,0,3.0,0.0,1,,,,0,3.0,0.0,1,,,,0,0.0,0.0,1,,,,0,0.0,0.0,1,,,,0,0.0,0.0,1,,,,0,0.0,0.0,1,
1113,,,0,1.0,0.0,1,,,,0,1.0,0.0,1,,,,0,0.0,0.0,1,,,,0,0.0,0.0,1,,,,0,0.0,0.0,1,,,,0,6.0,0.0,1,
1114,,,0,4.0,0.0,1,,,,0,4.0,0.0,1,,,,0,0.0,0.0,1,,,,0,0.0,0.0,1,,,,0,0.0,0.0,1,,,,0,0.0,0.0,1,
1115,,,0,1.0,0.0,1,,,,0,1.0,0.0,1,,,,0,0.0,0.0,1,,,,0,0.0,0.0,1,,,,0,0.0,0.0,1,,,,0,0.0,0.0,1,
1116,,,0,4.0,0.0,1,,,,0,4.0,0.0,1,,,,0,0.0,0.0,1,,,,0,0.0,0.0,1,,,,0,0.0,0.0,1,,,,0,3.0,0.0,1,
1117,,,0,2.0,0.0,1,,,,0,2.0,0.0,1,,,,0,0.0,0.0,1,,,,0,0.0,0.0,1,,,,0,0.0,0.0,1,,,,0,0.0,0.0,1,
1118,,,0,4.0,0.0,1,,,,0,3.0,0.0,1,,,,0,0.0,0.0,1,,,,0,1.0,0.0,1,,,,0,0.0,0.0,1,,,,0,0.0,0.0,1,
1119,,,0,5.0,0.0,1,,,,0,4.0,0.0,1,,,,0,0.0,0.0,1,,,,0,1.0,0.0,1,,,,0,0.0,0.0,1,,,,0,0.0,0.0,1,
1120,,,0,4.0,0.0,1,,,,0,4.0,0.0,1,,,,0,0.0,0.0,1,,,,0,0.0,0.0,1,,,,0,0.0,0.0,1,,,,0,4.0,0.0,1,
1121,,,0,7.0,0.0,1,,,,0,6.0,0.0,1,,,,0,0.0,0.0,1,,,,0,1.0,0.0,1,,,,0,0.0,0.0,1,,,,0,0.0,0.0,1,
1122,,,0,4.0,0.0,1,,,,0,4.0,0.0,1,,,,0,0.0,0.0,1,,,,0,0.0,0.0,1,,,,0,0.0,0.0,1,,,,0,1.0,0.0,1,
1123,,,0,5.0,0.0,1,,,,0,5.0,0.0,1,,,,0,0.0,0.0,1,,,,0,0.0,0.0,1,,,,0,0.0,0.0,1,,,,0,4.0,0.0,1,
1124,,,0,3.0,0.0,1,,,,0,3.0,0.0,1,,,,0,0.0,0.0,1,,,,0,0.0,0.0,1,,,,0,0.0,0.0,1,,,,0,0.0,0.0,1,
1125,,,0,2.0,0.0,1,,,,0,2.0,0.0,1,,,,0,0.0,0.0,1,,,,0,0.0,0.0,1,,,,0,0.0,0.0,1,,,,0,0.0,0.0,1,
1126,,,0,4.0,0.0,1,,,,0,4.0,0.0,1,,,,0,0.0,0.0,1,,,,0,0.0,0.0,1,,,,0,0.0,0.0,1,,,,0,0.0,0.0,1,
1127,,,0,4.0,0.0,1,,,,0,2.0,0.0,1,,,,0,0.0,0.0,1,,,,0,2.0,0.0,1,,,,0,1.0,0.0,1,,,,0,0.0,0.0,1,
1128,,,0,4.0,0.0,1,,,,0,4.0,0.0,1,,,,0,0.0,0.0,1,,,,0,0.0,0.0,1,,,,0,0.0,0.0,1,,,,0,2.0,0.0,1,
1129,,,0,2.0,0.0,1,,,,0,2.0,0.0,1,,,,0,0.0,0.0,1,,,,0,0.0,0.0,1,,,,0,0.0,0.0,1,,,,0,0.0,0.0,1,
1130,,,0,6.0,0.0,1,,,,0,4.0,0.0,1,,,,0,0.0,0.0,1,,,,0,2.0,0.0,1,,,,0,1.0,0.0,1,,,,0,0.0,0.0,1,
1131,,,0,5.0,0.0,1,,,,0,5.0,0.0,1,,,,0,0.0,0.0,1,,,,0,0.0,0.0,1,,,,0,0.0,0.0,1,,,,0,2.0,0.0,1,
1132,,,0,5.0,0.0,1,,,,0,5.0,0.0,1,,,,0,0.0,0.0,1,,,,0,0.0,0.0,1,,,,0,0.0,0.0,1,,,,0,1.0,0.0,1,
1133,,,0,5.0,0.0,1,,,,0,5.0,0.0,1,,,,0,0.0,0.0,1,,,,0,0.0,0.0,1,,,,0,0.0,0.0,1,,,,0,0.0,0.0,1,
1134,,,0,5.0,0.0,1,,,,0,4.0,0.0,1,,,,0,0.0,0.0,1,,,,0,1.0,0.0,1,,,,0,0.0,0.0,1,,,,0,0.0,0.0,1,
1135,,,0,6.0,0.0,1,,,,0,5.0,0.0,1,,,,0,1.0,0.0,1,,,,0,0.0,0.0,1,,,,0,0.0,0.0,1,,,,0,4.0,0.0,1,
1136,,,0,3.0,0.0,1,,,,0,3.0,0.0,1,,,,0,0.0,0.0,1,,,,0,0.0,0.0,1,,,,0,0.0,0.0,1,,,,0,1.0,0.0,1,
1137,,,0,2.0,0.0,1,,,,0,2.0,0.0,1,,,,0,0.0,0.0,1,,,,0,0.0,0.0,1,,,,0,0.0,0.0,1,,,,0,0.0,0.0,1,
1138,,,0,6.0,0.0,1,,,,0,4.0,0.0,1,,,,0,2.0,0.0,1,,,,0,0.0,0.0,1,,,,0,0.0,0.0,1,,,,0,0.0,0.0,1,
1139,,,0,2.0,0.0,1,,,,0,2.0,0.0,1,,,,0,0.0,0.0,1,,,,0,0.0,0.0,1,,,,0,0.0,0.0,1,,,,0,0.0,0.0,1,
1140,,,0,5.0,0.0,1,,,,0,4.0,0.0,1,,,,0,0.0,0.0,1,,,,0,1.0,0.0,1,,,,0,0.0,0.0,1,,,,0,6.0,0.0,1,
1141,,,0,4.0,0.0,1,,,,0,3.0,0.0,1,,,,0,1.0,0.0,1,,,,0,0.0,0.0,1,,,,0,0.0,0.0,1,,,,0,0.0,0.0,1,
1142,,,0,3.0,0.0,1,,,,0,3.0,0.0,1,,,,0,0.0,0.0,1,,,,0,0.0,0.0,1,,,,0,0.0,0.0,1,,,,0,0.0,0.0,1,
1143,,,0,3.0,0.0,1,,,,0,3.0,0.0,1,,,,0,0.0,0.0,1,,,,0,0.0,0.0,1,,,,0,0.0,0.0,1,,,,0,0.0,0.0,1,
1144,,,0,4.0,0.0,1,,,,0,2.0,0.0,1,,,,0,0.0,0.0,1,,,,0,2.0,0.0,1,,,,0,0.0,0.0,1,,,,0,0.0,0.0,1,
1145,,,0,3.0,0.0,1,,,,0,3.0,0.0,1,,,,0,0.0,0.0,1,,,,0,0.0,0.0,1,,,,0,0.0,0.0,1,,,,0,0.0,0.0,1,
1146,,,0,2.0,0.0,1,,,,0,2.0,0.0,1,,,,0,0.0,0.0,1,,,,0,0.0,0.0,1,,,,0,0.0,0.0,1,,,,0,0.0,0.0,1,
1147,,,0,9.0,0.0,1,,,,0,3.0,0.0,1,,,,0,1.0,0.0,1,,,,0,5.0,0.0,1,,,,0,1.0,0.0,1,,,,0,0.0,0.0,1,
1148,,,0,5.0,0.0,1,,,,0,5.0,0.0,1,,,,0,0.0,0.0,1,,,,0,0.0,0.0,1,,,,0,0.0,0.0,1,,,,0,1.0,0.0,1,
1149,,,0,5.0,0.0,1,,,,0,4.0,0.0,1,,,,0,1.0,0.0,1,,,,0,0.0,0.0,1,,,,0,0.0,0.0,1,,,,0,0.0,0.0,1,
1150,,,0,8.0,0.0,1,,,,0,5.0,0.0,1,,,,0,1.0,0.0,1,,,,0,2.0,0.0,1,,,,0,1.0,0.0,1,,,,0,0.0,0.0,1,
1151,,,0,5.0,0.0,1,,,,0,5.0,0.0,1,,,,0,0.0,0.0,1,,,,0,0.0,0.0,1,,,,0,0.0,0.0,1,,,,0,4.0,0.0,1,
1152,,,0,4.0,0.0,1,,,,0,4.0,0.0,1,,,,0,0.0,0.0,1,,,,0,0.0,0.0,1,,,,0,0.0,0.0,1,,,,0,4.0,0.0,1,
1153,,,0,7.0,0.0,1,,,,0,5.0,0.0,1,,,,0,2.0,0.0,1,,,,0,0.0,0.0,1,,,,0,0.0,0.0,1,,,,0,0.0,0.0,1,
1154,,,0,5.0,0.0,1,,,,0,4.0,0.0,1,,,,0,1.0,0.0,1,,,,0,0.0,0.0,1,,,,0,0.0,0.0,1,,,,0,0.0,0.0,1,
1155,,,0,3.0,0.0,1,,,,0,2.0,0.0,1,,,,0,1.0,0.0,1,,,,0,0.0,0.0,1,,,,0,0.0,0.0,1,,,,0,7.0,0.0,1,
1156,,,0,3.0,0.0,1,,,,0,2.0,0.0,1,,,,0,1.0,0.0,1,,,,0,0.0,0.0,1,,,,0,0.0,0.0,1,,,,0,0.0,0.0,1,
1157,,,0,7.0,0.0,1,,,,0,2.0,0.0,1,,,,0,3.0,0.0,1,,,,0,2.0,0.0,1,,,,0,0.0,0.0,1,,,,0,0.0,0.0,1,
1158,,,0,1.0,0.0,1,,,,0,1.0,0.0,1,,,,0,0.0,0.0,1,,,,0,0.0,0.0,1,,,,0,0.0,0.0,1,,,,0,0.0,0.0,1,
1159,,,0,6.0,0.0,1,,,,0,2.0,0.0,1,,,,0,2.0,0.0,1,,,,0,2.0,0.0,1,,,,0,0.0,0.0,1,,,,0,0.0,0.0,1,
1160,,,0,4.0,0.0,1,,,,0,3.0,0.0,1,,,,0,1.0,0.0,1,,,,0,0.0,0.0,1,,,,0,0.0,0.0,1,,,,0,4.0,0.0,1,
1161,,,0,2.0,0.0,1,,,,0,2.0,0.0,1,,,,0,0.0,0.0,1,,,,0,0.0,0.0,1,,,,0,0.0,0.0,1,,,,0,0.0,0.0,1,
1162,,,0,1.0,0.0,1,,,,0,1.0,0.0,1,,,,0,0.0,0.0,1,,,,0,0.0,0.0,1,,,,0,0.0,0.0,1,,,,0,0.0,0.0,1,
1163,,,0,6.0,0.0,1,,,,0,4.0,0.0,1,,,,0,0.0,0.0,1,,,,0,2.0,0.0,1,,,,0,0.0,0.0,1,,,,0,0.0,0.0,1,
