residue_number_human,n_structures,hbond_total_mean,hbond_total_std,hbond_total_cv,hbond_bb_bb_mean,hbond_bb_bb_std,hbond_bb_bb_cv,hbond_bb_sc_mean,hbond_bb_sc_std,hbond_bb_sc_cv,hbond_sc_sc_mean,hbond_sc_sc_std,hbond_sc_sc_cv,salt_bridge_mean,salt_bridge_std,salt_bridge_cv,hydrophobic_mean,hydrophobic_std,hydrophobic_cv
54,2,1.0,0.0,0.0,0.0,0.0,,1.0,0.0,0.0,0.0,0.0,,0.0,0.0,,0.0,0.0,
55,2,1.0,0.0,0.0,0.0,0.0,,1.0,0.0,0.0,0.0,0.0,,0.0,0.0,,0.0,0.0,
56,1,1.0,0.0,0.0,0.0,0.0,,1.0,0.0,0.0,0.0,0.0,,0.0,0.0,,0.0,0.0,
57,2,4.5,0.707,0.157,0.0,0.0,,3.5,0.707,0.202,1.0,0.0,0.0,0.0,0.0,,0.0,0.0,
58,2,2.0,0.0,0.0,0.0,0.0,,2.0,0.0,0.0,0.0,0.0,,0.0,0.0,,0.0,0.0,
61,1,4.0,0.0,0.0,1.0,0.0,0.0,0.0,0.0,,3.0,0.0,0.0,0.0,0.0,,0.0,0.0,
63,1,1.0,0.0,0.0,1.0,0.0,0.0,0.0,0.0,,0.0,0.0,,0.0,0.0,,0.0,0.0,
65,2,0.0,0.0,,0.0,0.0,,0.0,0.0,,0.0,0.0,,0.0,0.0,,1.0,0.0,0.0
66,10,2.9,2.331,0.804,1.8,0.919,0.511,0.7,1.059,1.513,0.4,0.843,2.107,0.0,0.0,,0.0,0.0,
67,23,2.478,0.73,0.295,2.478,0.73,0.295,0.0,0.0,,0.0,0.0,,0.0,0.0,,0.565,0.507,0.897
68,26,3.231,0.951,0.294,2.577,0.945,0.367,0.654,0.485,0.742,0.0,0.0,,0.0,0.0,,0.077,0.272,3.532
69,28,4.036,1.753,0.434,3.357,0.78,0.232,0.536,0.838,1.563,0.143,0.525,3.671,0.0,0.0,,0.107,0.416,3.888
70,27,4.37,1.214,0.278,4.296,1.103,0.257,0.074,0.267,3.608,0.0,0.0,,0.0,0.0,,0.444,0.506,1.14
71,27,4.37,1.214,0.278,4.37,1.214,0.278,0.0,0.0,,0.0,0.0,,0.0,0.0,,0.667,0.555,0.832
72,28,5.893,1.1,0.187,5.036,0.881,0.175,0.857,0.705,0.823,0.0,0.0,,0.0,0.0,,0.0,0.0,
73,28,4.964,1.105,0.223,4.964,1.105,0.223,0.0,0.0,,0.0,0.0,,0.0,0.0,,0.679,0.612,0.901
74,28,5.607,1.257,0.224,4.5,1.291,0.287,1.0,0.544,0.544,0.107,0.315,2.944,0.0,0.0,,0.786,0.418,0.532
75,28,5.536,0.922,0.167,5.214,0.686,0.132,0.321,0.476,1.483,0.0,0.0,,0.0,0.0,,0.071,0.262,3.69
76,28,4.929,1.274,0.258,4.929,1.274,0.258,0.0,0.0,,0.0,0.0,,0.0,0.0,,2.107,1.1,0.522
77,28,5.821,1.565,0.269,4.179,1.219,0.292,0.143,0.356,2.49,1.5,0.882,0.588,0.0,0.0,,0.0,0.0,
78,28,6.607,1.1,0.166,5.393,0.685,0.127,1.214,0.63,0.519,0.0,0.0,,0.0,0.0,,0.0,0.0,
79,28,4.786,1.134,0.237,4.786,1.134,0.237,0.0,0.0,,0.0,0.0,,0.0,0.0,,0.893,0.786,0.88
80,28,4.25,1.531,0.36,4.25,1.531,0.36,0.0,0.0,,0.0,0.0,,0.0,0.0,,1.75,0.645,0.369
81,28,4.929,1.016,0.206,4.893,0.956,0.195,0.036,0.189,5.25,0.0,0.0,,0.0,0.0,,0.0,0.0,
82,28,5.071,1.016,0.2,5.071,1.016,0.2,0.0,0.0,,0.0,0.0,,0.0,0.0,,0.25,0.585,2.34
83,28,3.75,1.076,0.287,3.75,1.076,0.287,0.0,0.0,,0.0,0.0,,0.0,0.0,,0.536,0.508,0.948
84,28,5.929,1.052,0.177,4.964,0.962,0.194,0.964,0.637,0.661,0.0,0.0,,0.0,0.0,,0.0,0.0,
85,28,3.821,1.307,0.342,3.821,1.307,0.342,0.0,0.0,,0.0,0.0,,0.0,0.0,,1.25,0.518,0.414
86,28,4.25,1.351,0.318,4.25,1.351,0.318,0.0,0.0,,0.0,0.0,,0.0,0.0,,0.75,0.441,0.588
87,28,4.429,1.168,0.264,4.429,1.168,0.264,0.0,0.0,,0.0,0.0,,0.0,0.0,,0.0,0.0,
88,28,5.857,1.353,0.231,4.393,1.257,0.286,1.393,0.567,0.407,0.071,0.262,3.69,0.0,0.0,,0.0,0.0,
89,28,4.357,1.393,0.32,4.357,1.393,0.32,0.0,0.0,,0.0,0.0,,0.0,0.0,,1.893,0.875,0.462
90,28,5.179,0.723,0.14,5.179,0.723,0.14,0.0,0.0,,0.0,0.0,,0.0,0.0,,2.036,0.881,0.433
91,28,5.357,0.731,0.136,5.357,0.731,0.136,0.0,0.0,,0.0,0.0,,0.0,0.0,,5.714,0.937,0.164
92,28,4.464,1.427,0.32,4.464,1.427,0.32,0.0,0.0,,0.0,0.0,,0.0,0.0,,3.5,0.745,0.213
93,28,5.643,1.062,0.188,5.393,0.916,0.17,0.0,0.0,,0.25,0.441,1.764,0.0,0.0,,0.0,0.0,
94,28,4.679,1.442,0.308,4.679,1.442,0.308,0.0,0.0,,0.0,0.0,,0.0,0.0,,1.929,0.94,0.487
95,28,4.643,1.446,0.311,4.321,1.124,0.26,0.321,0.476,1.483,0.0,0.0,,0.0,0.0,,4.393,1.066,0.243
96,28,2.286,0.854,0.374,2.143,0.756,0.353,0.143,0.356,2.49,0.0,0.0,,0.0,0.0,,0.714,0.659,0.923
97,28,2.5,1.262,0.505,1.893,0.832,0.44,0.357,0.488,1.367,0.25,0.441,1.764,0.0,0.0,,0.0,0.0,
98,28,1.429,0.504,0.353,1.393,0.497,0.357,0.036,0.189,5.25,0.0,0.0,,0.0,0.0,,0.0,0.0,
99,27,2.407,1.152,0.479,1.778,0.892,0.502,0.407,0.572,1.405,0.222,0.424,1.91,0.0,0.0,,0.0,0.0,
100,28,2.5,1.232,0.493,1.75,0.844,0.482,0.75,0.752,1.003,0.0,0.0,,0.0,0.0,,0.0,0.0,
101,28,0.75,0.518,0.691,0.714,0.46,0.644,0.036,0.189,5.25,0.0,0.0,,0.0,0.0,,2.571,0.79,0.307
102,18,1.111,0.323,0.291,1.056,0.416,0.394,0.056,0.236,4.214,0.0,0.0,,0.0,0.0,,0.0,0.0,
103,25,3.64,1.287,0.354,2.36,0.757,0.321,0.48,0.586,1.221,0.8,0.5,0.625,0.0,0.0,,0.0,0.0,
104,28,2.607,0.786,0.301,2.607,0.786,0.301,0.0,0.0,,0.0,0.0,,0.0,0.0,,1.071,0.262,0.245
105,28,3.679,0.67,0.182,3.357,0.678,0.202,0.071,0.262,3.69,0.25,0.441,1.764,0.0,0.0,,0.0,0.0,
106,28,5.321,2.127,0.4,3.75,1.206,0.322,0.643,0.87,1.353,0.929,0.716,0.771,0.0,0.0,,0.0,0.0,
107,28,5.429,0.997,0.184,5.0,0.816,0.163,0.429,0.504,1.175,0.0,0.0,,0.0,0.0,,2.393,0.737,0.308
108,28,4.714,1.117,0.237,4.714,1.117,0.237,0.0,0.0,,0.0,0.0,,0.0,0.0,,0.0,0.0,
109,28,4.964,0.962,0.194,4.964,0.962,0.194,0.0,0.0,,0.0,0.0,,0.0,0.0,,3.929,1.052,0.268
110,28,5.036,0.793,0.157,5.036,0.793,0.157,0.0,0.0,,0.0,0.0,,0.0,0.0,,3.607,0.832,0.231
111,28,6.929,1.824,0.263,4.929,1.052,0.213,0.321,0.476,1.483,1.679,1.219,0.726,0.0,0.0,,0.0,0.0,
112,28,5.071,0.94,0.185,5.071,0.94,0.185,0.0,0.0,,0.0,0.0,,0.0,0.0,,1.393,0.567,0.407
113,28,4.464,0.999,0.224,4.357,0.911,0.209,0.107,0.315,2.944,0.0,0.0,,0.0,0.0,,2.0,0.0,0.0
114,28,5.393,0.629,0.117,5.393,0.629,0.117,0.0,0.0,,0.0,0.0,,0.0,0.0,,2.714,0.763,0.281
115,28,4.0,1.186,0.296,3.929,1.184,0.301,0.071,0.262,3.69,0.0,0.0,,0.0,0.0,,0.75,0.441,0.588
116,28,7.571,1.26,0.166,4.464,0.999,0.224,1.036,0.744,0.718,2.071,1.052,0.508,0.0,0.0,,0.0,0.0,
117,28,5.5,1.171,0.213,4.893,0.956,0.195,0.607,0.737,1.214,0.0,0.0,,0.0,0.0,,1.214,0.995,0.82
118,28,4.143,1.604,0.387,3.107,1.423,0.458,1.036,0.576,0.556,0.0,0.0,,0.0,0.0,,1.393,0.786,0.564
119,28,4.75,1.624,0.342,3.821,1.249,0.327,0.929,0.716,0.771,0.0,0.0,,0.0,0.0,,0.071,0.262,3.69
120,28,5.429,1.23,0.227,4.143,0.705,0.17,1.107,0.786,0.71,0.179,0.548,3.061,0.0,0.0,,0.0,0.0,
121,28,3.857,0.97,0.251,2.929,0.766,0.262,0.929,0.604,0.65,0.0,0.0,,0.0,0.0,,0.0,0.0,
122,28,5.786,1.729,0.299,3.679,1.056,0.287,1.036,0.576,0.556,1.071,1.386,1.294,0.0,0.0,,0.0,0.0,
123,28,4.929,0.813,0.165,4.536,0.637,0.14,0.393,0.497,1.265,0.0,0.0,,0.0,0.0,,1.0,0.0,0.0
124,28,3.071,1.052,0.343,2.571,0.92,0.358,0.5,0.509,1.018,0.0,0.0,,0.0,0.0,,0.0,0.0,
125,28,3.964,1.071,0.27,3.929,1.052,0.268,0.036,0.189,5.25,0.0,0.0,,0.0,0.0,,3.571,0.69,0.193
126,28,6.75,2.287,0.339,4.0,1.054,0.264,0.107,0.315,2.944,2.643,1.66,0.628,0.0,0.0,,0.0,0.0,
127,28,6.107,1.227,0.201,5.036,1.071,0.213,0.964,0.744,0.772,0.107,0.315,2.944,0.0,0.0,,0.0,0.0,
128,28,4.607,0.956,0.208,4.607,0.956,0.208,0.0,0.0,,0.0,0.0,,0.0,0.0,,2.107,0.916,0.435
129,28,4.107,1.166,0.284,3.857,1.177,0.305,0.214,0.499,2.332,0.036,0.189,5.25,0.0,0.0,,0.0,0.0,
130,28,3.321,1.307,0.394,3.25,1.206,0.371,0.071,0.378,5.324,0.0,0.0,,0.0,0.0,,0.0,0.0,
131,28,2.179,0.67,0.307,2.179,0.67,0.307,0.0,0.0,,0.0,0.0,,0.0,0.0,,1.143,0.848,0.742
132,27,2.037,0.706,0.347,1.963,0.649,0.331,0.074,0.267,3.608,0.0,0.0,,0.0,0.0,,1.222,0.698,0.571
133,27,1.852,0.989,0.534,1.667,0.784,0.47,0.185,0.396,2.141,0.0,0.0,,0.0,0.0,,0.0,0.0,
134,27,2.259,1.196,0.529,1.111,0.801,0.721,1.0,0.877,0.877,0.148,0.534,3.608,0.0,0.0,,0.0,0.0,
135,28,2.321,0.772,0.333,1.179,0.612,0.519,0.964,0.429,0.445,0.179,0.39,2.179,0.0,0.0,,2.75,0.844,0.307
136,24,0.583,0.504,0.864,0.583,0.504,0.864,0.0,0.0,,0.0,0.0,,0.0,0.0,,0.917,0.584,0.637
137,28,0.393,0.497,1.265,0.393,0.497,1.265,0.0,0.0,,0.0,0.0,,0.0,0.0,,2.857,0.448,0.157
138,28,2.714,1.084,0.399,1.75,1.143,0.653,0.964,0.331,0.343,0.0,0.0,,0.0,0.0,,0.0,0.0,
139,27,3.407,1.118,0.328,2.037,0.759,0.373,0.259,0.447,1.726,1.111,0.801,0.721,0.0,0.0,,0.0,0.0,
140,27,2.556,0.974,0.381,2.556,0.974,0.381,0.0,0.0,,0.0,0.0,,0.0,0.0,,0.593,0.501,0.845
141,28,3.143,0.97,0.309,3.143,0.97,0.309,0.0,0.0,,0.0,0.0,,0.0,0.0,,3.214,0.995,0.31
142,28,4.714,1.117,0.237,4.5,1.291,0.287,0.0,0.0,,0.214,0.499,2.332,0.0,0.0,,0.0,0.0,
143,28,5.857,2.223,0.38,3.964,1.774,0.448,1.714,1.182,0.69,0.179,0.39,2.179,0.0,0.0,,0.0,0.0,
144,28,4.214,1.031,0.245,4.179,1.02,0.244,0.036,0.189,5.25,0.0,0.0,,0.0,0.0,,2.286,1.013,0.443
145,28,5.071,1.016,0.2,5.071,1.016,0.2,0.0,0.0,,0.0,0.0,,0.0,0.0,,2.321,0.67,0.289
146,28,4.0,0.981,0.245,4.0,0.981,0.245,0.0,0.0,,0.0,0.0,,0.0,0.0,,2.714,0.46,0.169
147,28,5.857,1.008,0.172,4.964,0.793,0.16,0.893,0.629,0.704,0.0,0.0,,0.0,0.0,,0.0,0.0,
148,28,4.571,1.136,0.249,4.107,1.031,0.251,0.464,0.508,1.095,0.0,0.0,,0.0,0.0,,1.143,0.756,0.661
149,28,7.321,1.467,0.2,5.0,0.981,0.196,0.0,0.0,,2.321,0.945,0.407,0.0,0.0,,0.0,0.0,
150,28,3.143,1.484,0.472,3.143,1.484,0.472,0.0,0.0,,0.0,0.0,,0.0,0.0,,0.0,0.0,
151,28,6.821,1.219,0.179,4.679,0.819,0.175,1.643,0.488,0.297,0.5,0.882,1.764,0.0,0.0,,0.0,0.0,
152,28,5.0,2.373,0.475,3.786,1.595,0.421,1.214,1.067,0.879,0.0,0.0,,0.0,0.0,,0.0,0.0,
153,28,4.429,1.23,0.278,4.214,1.197,0.284,0.143,0.356,2.49,0.071,0.262,3.69,0.0,0.0,,2.964,0.962,0.325
154,28,4.286,1.301,0.304,4.179,1.362,0.326,0.107,0.315,2.944,0.0,0.0,,0.0,0.0,,4.536,0.744,0.164
155,28,7.964,2.333,0.293,4.179,1.492,0.357,2.643,0.989,0.374,1.143,1.008,0.882,0.0,0.0,,0.0,0.0,
156,28,5.536,1.644,0.297,4.357,1.224,0.281,0.464,0.881,1.899,0.714,0.46,0.644,0.0,0.0,,0.0,0.0,
157,28,5.143,0.651,0.127,5.143,0.651,0.127,0.0,0.0,,0.0,0.0,,0.0,0.0,,4.429,0.836,0.189
158,28,5.357,1.062,0.198,4.321,0.983,0.227,1.036,0.508,0.49,0.0,0.0,,0.0,0.0,,2.25,0.928,0.412
159,28,6.786,1.258,0.185,5.357,0.678,0.127,0.857,0.356,0.415,0.571,0.742,1.299,0.0,0.0,,0.0,0.0,
160,28,4.857,0.891,0.183,4.714,0.763,0.162,0.143,0.356,2.49,0.0,0.0,,0.0,0.0,,2.679,0.723,0.27
161,28,5.214,1.031,0.198,5.071,0.9,0.177,0.143,0.356,2.49,0.0,0.0,,0.0,0.0,,0.0,0.0,
162,28,7.0,1.247,0.178,5.357,0.678,0.127,0.821,0.39,0.475,0.821,0.67,0.816,0.0,0.0,,0.0,0.0,
163,28,4.786,0.995,0.208,4.786,0.995,0.208,0.0,0.0,,0.0,0.0,,0.0,0.0,,1.429,0.504,0.353
164,28,6.143,1.353,0.22,5.321,0.723,0.136,0.321,0.476,1.483,0.5,0.839,1.678,0.0,0.0,,0.0,0.0,
165,28,4.893,0.956,0.195,4.893,0.956,0.195,0.0,0.0,,0.0,0.0,,0.0,0.0,,1.964,0.508,0.259
166,28,7.679,1.219,0.159,5.464,0.744,0.136,0.179,0.39,2.179,2.036,0.922,0.453,1.0,0.0,0.0,0.0,0.0,
167,28,5.786,1.449,0.25,4.929,1.331,0.27,0.0,0.0,,0.857,0.356,0.415,0.179,0.39,2.179,0.0,0.0,
168,28,6.071,1.152,0.19,5.143,0.848,0.165,0.0,0.0,,0.929,1.016,1.094,0.0,0.0,,0.0,0.0,
169,28,4.464,0.744,0.167,4.464,0.744,0.167,0.0,0.0,,0.0,0.0,,0.0,0.0,,2.429,0.634,0.261
170,28,2.536,0.508,0.2,2.536,0.508,0.2,0.0,0.0,,0.0,0.0,,0.0,0.0,,0.0,0.0,
171,28,2.679,0.772,0.288,2.679,0.772,0.288,0.0,0.0,,0.0,0.0,,0.0,0.0,,2.0,0.0,0.0
172,28,1.143,0.448,0.392,1.0,0.0,0.0,0.143,0.448,3.133,0.0,0.0,,0.0,0.0,,0.0,0.0,
173,28,4.179,1.389,0.332,3.25,0.701,0.216,0.0,0.0,,0.929,1.016,1.094,0.0,0.0,,0.0,0.0,
174,25,2.08,0.909,0.437,2.08,0.909,0.437,0.0,0.0,,0.0,0.0,,0.0,0.0,,0.0,0.0,
175,26,2.115,0.952,0.45,2.115,0.952,0.45,0.0,0.0,,0.0,0.0,,0.0,0.0,,0.0,0.0,
176,28,3.607,0.916,0.254,3.607,0.916,0.254,0.0,0.0,,0.0,0.0,,0.036,0.189,5.25,0.0,0.0,
177,28,4.429,1.069,0.241,4.429,1.069,0.241,0.0,0.0,,0.0,0.0,,0.0,0.0,,0.893,0.315,0.353
178,28,2.214,0.738,0.333,2.214,0.738,0.333,0.0,0.0,,0.0,0.0,,0.0,0.0,,0.0,0.0,
179,28,1.786,0.738,0.413,1.607,0.629,0.391,0.179,0.39,2.179,0.0,0.0,,0.036,0.189,5.25,0.0,0.0,
180,28,3.107,0.994,0.32,2.286,0.713,0.312,0.821,0.67,0.816,0.0,0.0,,0.0,0.0,,1.0,0.981,0.981
181,28,3.5,1.453,0.415,1.036,0.331,0.319,0.179,0.39,2.179,2.286,1.182,0.517,1.0,0.0,0.0,0.0,0.0,
182,28,5.393,1.1,0.204,3.786,0.568,0.15,1.0,0.471,0.471,0.607,0.497,0.819,0.0,0.0,,0.0,0.0,
183,26,2.231,0.765,0.343,2.192,0.694,0.317,0.038,0.196,5.158,0.0,0.0,,0.0,0.0,,0.885,0.516,0.583
184,28,3.643,0.78,0.214,3.643,0.78,0.214,0.0,0.0,,0.0,0.0,,0.0,0.0,,0.0,0.0,
185,28,6.143,1.38,0.225,3.893,0.875,0.225,1.643,0.621,0.378,0.607,0.497,0.819,0.0,0.0,,0.0,0.0,
186,28,5.214,1.166,0.224,4.857,1.177,0.242,0.357,0.488,1.367,0.0,0.0,,0.0,0.0,,1.714,0.46,0.268
187,28,4.929,1.152,0.234,4.893,1.133,0.232,0.036,0.189,5.25,0.0,0.0,,0.0,0.0,,0.0,0.0,
188,28,5.357,0.731,0.136,5.357,0.731,0.136,0.0,0.0,,0.0,0.0,,0.0,0.0,,0.0,0.0,
189,28,5.107,1.257,0.246,4.643,1.193,0.257,0.464,0.508,1.095,0.0,0.0,,0.0,0.0,,0.321,0.476,1.483
190,28,6.857,1.239,0.181,5.429,0.836,0.154,0.464,0.508,1.095,0.964,0.793,0.823,0.0,0.0,,0.0,0.0,
191,28,5.214,0.787,0.151,5.214,0.787,0.151,0.0,0.0,,0.0,0.0,,0.0,0.0,,0.821,0.39,0.475
192,28,4.964,0.693,0.14,4.964,0.693,0.14,0.0,0.0,,0.0,0.0,,0.0,0.0,,0.0,0.0,
193,28,8.357,1.193,0.143,5.607,0.737,0.131,1.679,0.476,0.284,1.071,0.663,0.619,0.0,0.0,,0.0,0.0,
194,28,6.071,1.359,0.224,4.107,1.031,0.251,1.25,0.645,0.516,0.714,0.763,1.069,0.0,0.0,,1.857,0.803,0.432
195,28,5.429,1.069,0.197,5.286,0.976,0.185,0.143,0.356,2.49,0.0,0.0,,0.0,0.0,,0.821,0.39,0.475
196,28,3.607,0.832,0.231,3.607,0.832,0.231,0.0,0.0,,0.0,0.0,,0.0,0.0,,0.857,0.803,0.937
197,28,8.679,1.307,0.151,5.607,0.567,0.101,1.821,0.548,0.301,1.25,1.005,0.804,0.0,0.0,,0.0,0.0,
198,28,6.321,1.492,0.236,5.321,0.548,0.103,0.5,0.509,1.018,0.5,0.882,1.764,0.0,0.0,,0.0,0.0,
199,28,2.464,0.576,0.234,2.464,0.576,0.234,0.0,0.0,,0.0,0.0,,0.0,0.0,,0.107,0.315,2.944
200,28,2.821,0.819,0.29,2.821,0.819,0.29,0.0,0.0,,0.0,0.0,,0.0,0.0,,2.25,1.266,0.563
201,28,3.786,0.499,0.132,3.25,0.701,0.216,0.536,0.508,0.948,0.0,0.0,,0.0,0.0,,0.0,0.0,
202,28,4.286,0.535,0.125,4.286,0.535,0.125,0.0,0.0,,0.0,0.0,,0.0,0.0,,0.393,0.567,1.443
203,27,2.593,0.694,0.268,2.593,0.694,0.268,0.0,0.0,,0.0,0.0,,0.0,0.0,,0.333,0.48,1.441
204,28,3.929,1.303,0.332,3.929,1.303,0.332,0.0,0.0,,0.0,0.0,,0.0,0.0,,2.75,1.076,0.391
205,28,3.321,0.819,0.247,2.786,0.787,0.282,0.536,0.637,1.188,0.0,0.0,,0.0,0.0,,0.643,0.559,0.869
206,28,2.821,1.056,0.374,2.464,0.881,0.358,0.357,0.488,1.367,0.0,0.0,,0.0,0.0,,0.179,0.39,2.179
207,28,3.607,1.031,0.286,3.25,0.752,0.231,0.357,0.488,1.367,0.0,0.0,,0.0,0.0,,2.179,1.492,0.685
208,28,1.893,0.685,0.362,1.286,0.535,0.416,0.607,0.497,0.819,0.0,0.0,,0.0,0.0,,1.643,0.678,0.413
209,26,3.423,1.501,0.439,2.385,0.752,0.315,0.192,0.402,2.094,0.846,0.967,1.143,0.0,0.0,,0.0,0.0,
210,20,1.75,0.639,0.365,0.0,0.0,,0.35,0.489,1.397,1.4,0.754,0.539,0.0,0.0,,0.0,0.0,
211,25,2.32,0.9,0.388,2.24,0.723,0.323,0.04,0.2,5.0,0.04,0.2,5.0,0.0,0.0,,0.0,0.0,
213,28,3.5,1.599,0.457,2.464,1.29,0.524,0.536,0.508,0.948,0.5,0.839,1.678,0.464,0.508,1.095,0.0,0.0,
214,15,1.0,0.0,0.0,1.0,0.0,0.0,0.0,0.0,,0.0,0.0,,0.0,0.0,,0.0,0.0,
215,22,1.0,0.0,0.0,1.0,0.0,0.0,0.0,0.0,,0.0,0.0,,0.0,0.0,,0.0,0.0,
216,23,3.261,1.738,0.533,2.348,0.982,0.418,0.652,0.573,0.879,0.261,0.619,2.372,0.0,0.0,,0.0,0.0,
217,25,1.72,1.061,0.617,0.88,0.332,0.377,0.84,0.943,1.123,0.0,0.0,,0.0,0.0,,0.76,0.436,0.574
218,27,2.852,1.262,0.442,2.0,0.877,0.439,0.296,0.724,2.446,0.556,0.847,1.523,0.481,0.509,1.058,0.0,0.0,
219,6,1.333,0.516,0.387,0.167,0.408,2.443,0.667,1.033,1.549,0.5,0.548,1.096,0.0,0.0,,0.0,0.0,
220,25,2.36,0.907,0.384,2.0,0.764,0.382,0.2,0.408,2.04,0.16,0.473,2.956,0.0,0.0,,0.0,0.0,
221,28,0.036,0.189,5.25,0.036,0.189,5.25,0.0,0.0,,0.0,0.0,,0.0,0.0,,3.964,1.17,0.295
222,23,2.13,1.29,0.606,0.913,0.417,0.457,0.348,0.487,1.399,0.87,1.014,1.166,0.0,0.0,,0.0,0.0,
223,26,0.269,0.452,1.68,0.154,0.368,2.39,0.115,0.326,2.835,0.0,0.0,,0.0,0.0,,2.385,1.023,0.429
224,20,1.35,0.587,0.435,1.2,0.616,0.513,0.1,0.308,3.08,0.05,0.224,4.48,0.0,0.0,,0.0,0.0,
225,12,1.167,0.389,0.333,0.917,0.515,0.562,0.25,0.452,1.808,0.0,0.0,,0.0,0.0,,0.0,0.0,
226,27,2.222,1.311,0.59,2.185,1.36,0.622,0.037,0.192,5.189,0.0,0.0,,0.0,0.0,,0.63,0.492,0.781
227,27,3.037,1.315,0.433,2.852,1.064,0.373,0.185,0.483,2.611,0.0,0.0,,0.0,0.0,,0.0,0.0,
228,23,2.652,1.027,0.387,2.217,1.043,0.47,0.435,0.507,1.166,0.0,0.0,,0.0,0.0,,0.043,0.209,4.86
229,28,3.179,1.249,0.393,3.179,1.249,0.393,0.0,0.0,,0.0,0.0,,0.0,0.0,,0.0,0.0,
230,28,3.321,1.416,0.426,3.214,1.315,0.409,0.071,0.262,3.69,0.036,0.189,5.25,0.0,0.0,,2.286,0.897,0.392
231,28,4.357,1.496,0.343,4.143,1.38,0.333,0.0,0.0,,0.214,0.418,1.953,0.536,0.508,0.948,0.0,0.0,
232,28,4.357,1.224,0.281,3.964,1.138,0.287,0.357,0.488,1.367,0.036,0.189,5.25,0.0,0.0,,0.0,0.0,
233,28,4.607,1.066,0.231,4.607,1.066,0.231,0.0,0.0,,0.0,0.0,,0.0,0.0,,0.5,0.509,1.018
234,28,5.143,0.803,0.156,5.143,0.803,0.156,0.0,0.0,,0.0,0.0,,0.0,0.0,,3.107,1.166,0.375
235,28,4.679,1.249,0.267,4.429,1.168,0.264,0.0,0.0,,0.25,0.441,1.764,0.536,0.508,0.948,0.0,0.0,
236,28,5.036,1.232,0.245,5.036,1.232,0.245,0.0,0.0,,0.0,0.0,,0.0,0.0,,0.893,0.416,0.466
237,28,4.786,1.134,0.237,4.786,1.134,0.237,0.0,0.0,,0.0,0.0,,0.0,0.0,,0.0,0.0,
238,28,3.786,1.197,0.316,3.714,1.182,0.318,0.071,0.262,3.69,0.0,0.0,,0.0,0.0,,3.143,1.177,0.374
239,28,4.464,0.744,0.167,4.464,0.744,0.167,0.0,0.0,,0.0,0.0,,0.0,0.0,,2.786,0.63,0.226
240,28,4.429,1.372,0.31,4.429,1.372,0.31,0.0,0.0,,0.0,0.0,,0.0,0.0,,1.5,0.745,0.497
241,27,1.148,0.362,0.315,1.074,0.267,0.249,0.074,0.267,3.608,0.0,0.0,,0.0,0.0,,1.259,0.712,0.566
242,28,1.464,0.576,0.393,1.464,0.576,0.393,0.0,0.0,,0.0,0.0,,0.0,0.0,,2.643,0.87,0.329
243,28,2.25,0.645,0.287,2.25,0.645,0.287,0.0,0.0,,0.0,0.0,,0.0,0.0,,2.929,0.539,0.184
244,28,3.25,1.175,0.362,3.25,1.175,0.362,0.0,0.0,,0.0,0.0,,0.0,0.0,,2.071,0.813,0.393
245,28,3.5,0.694,0.198,3.5,0.694,0.198,0.0,0.0,,0.0,0.0,,0.0,0.0,,1.286,0.937,0.729
246,28,3.036,0.922,0.304,3.036,0.922,0.304,0.0,0.0,,0.0,0.0,,0.0,0.0,,2.0,0.272,0.136
247,28,5.0,1.491,0.298,4.143,1.484,0.358,0.857,0.356,0.415,0.0,0.0,,0.0,0.0,,2.821,0.39,0.138
248,28,4.714,1.357,0.288,4.393,1.166,0.265,0.321,0.476,1.483,0.0,0.0,,0.0,0.0,,0.679,0.476,0.701
249,28,4.75,1.236,0.26,4.714,1.243,0.264,0.036,0.189,5.25,0.0,0.0,,0.0,0.0,,1.536,0.637,0.415
250,28,3.393,1.499,0.442,3.393,1.499,0.442,0.0,0.0,,0.0,0.0,,0.0,0.0,,1.893,0.832,0.44
251,28,4.821,1.565,0.325,3.643,1.283,0.352,1.179,0.67,0.568,0.0,0.0,,0.0,0.0,,0.0,0.0,
252,28,4.286,1.243,0.29,4.286,1.243,0.29,0.0,0.0,,0.0,0.0,,0.0,0.0,,0.929,0.378,0.407
253,28,3.393,1.449,0.427,3.321,1.541,0.464,0.0,0.0,,0.071,0.262,3.69,0.0,0.0,,0.0,0.0,
254,28,4.964,1.503,0.303,3.464,0.793,0.229,0.0,0.0,,1.5,1.171,0.781,0.0,0.0,,0.0,0.0,
255,28,5.25,0.518,0.099,5.25,0.518,0.099,0.0,0.0,,0.0,0.0,,0.0,0.0,,0.0,0.0,
256,28,3.964,1.036,0.261,3.964,1.036,0.261,0.0,0.0,,0.0,0.0,,0.0,0.0,,1.321,0.67,0.507
257,28,5.25,0.645,0.123,5.25,0.645,0.123,0.0,0.0,,0.0,0.0,,0.0,0.0,,2.75,0.844,0.307
258,28,5.286,0.659,0.125,5.286,0.659,0.125,0.0,0.0,,0.0,0.0,,0.0,0.0,,1.571,0.742,0.472
259,28,3.607,1.397,0.387,3.571,1.372,0.384,0.036,0.189,5.25,0.0,0.0,,0.0,0.0,,0.429,0.504,1.175
260,28,5.786,1.197,0.207,5.179,0.612,0.118,0.5,0.839,1.678,0.107,0.315,2.944,0.0,0.0,,0.0,0.0,
261,28,3.857,0.651,0.169,3.857,0.651,0.169,0.0,0.0,,0.0,0.0,,0.0,0.0,,5.286,0.937,0.177
262,28,3.036,1.105,0.364,2.75,0.844,0.307,0.286,0.6,2.098,0.0,0.0,,0.0,0.0,,0.0,0.0,
263,28,3.214,1.258,0.391,2.714,0.937,0.345,0.393,0.629,1.601,0.107,0.315,2.944,0.0,0.0,,0.0,0.0,
264,28,3.607,1.031,0.286,3.107,1.133,0.365,0.5,0.509,1.018,0.0,0.0,,0.0,0.0,,1.214,0.738,0.608
265,26,1.885,0.993,0.527,1.423,0.809,0.569,0.462,0.508,1.1,0.0,0.0,,0.0,0.0,,0.0,0.0,
266,23,1.217,0.422,0.347,1.174,0.388,0.33,0.0,0.0,,0.043,0.209,4.86,0.0,0.0,,0.0,0.0,
267,26,1.654,1.018,0.615,1.654,1.018,0.615,0.0,0.0,,0.0,0.0,,0.0,0.0,,2.923,0.796,0.272
268,25,2.2,1.118,0.508,1.16,0.554,0.478,1.04,1.02,0.981,0.0,0.0,,0.0,0.0,,0.0,0.0,
269,8,1.25,0.707,0.566,1.0,0.926,0.926,0.25,0.463,1.852,0.0,0.0,,0.0,0.0,,0.0,0.0,
270,27,2.556,1.013,0.396,2.222,0.892,0.401,0.259,0.447,1.726,0.074,0.267,3.608,0.0,0.0,,0.0,0.0,
271,27,2.259,0.764,0.338,2.259,0.764,0.338,0.0,0.0,,0.0,0.0,,0.074,0.267,3.608,0.0,0.0,
272,28,3.607,1.227,0.34,2.643,0.731,0.277,0.357,0.559,1.566,0.607,0.685,1.129,0.571,0.504,0.883,0.0,0.0,
273,28,4.5,1.374,0.305,3.714,0.976,0.263,0.714,0.763,1.069,0.071,0.262,3.69,0.0,0.0,,0.0,0.0,
274,28,5.071,1.359,0.268,4.893,1.133,0.232,0.143,0.356,2.49,0.036,0.189,5.25,0.036,0.189,5.25,0.0,0.0,
275,28,5.214,1.031,0.198,4.786,0.917,0.192,0.0,0.0,,0.429,0.573,1.336,0.5,0.509,1.018,0.0,0.0,
276,28,6.25,1.236,0.198,5.357,0.731,0.136,0.25,0.441,1.764,0.643,0.826,1.285,0.0,0.0,,0.0,0.0,
277,28,5.893,0.685,0.116,5.071,0.663,0.131,0.821,0.39,0.475,0.0,0.0,,0.0,0.0,,1.821,0.39,0.214
278,28,5.25,1.143,0.218,5.0,0.903,0.181,0.214,0.499,2.332,0.036,0.189,5.25,0.036,0.189,5.25,0.0,0.0,
279,28,6.179,1.056,0.171,4.929,0.813,0.165,0.0,0.0,,1.25,1.005,0.804,0.714,0.46,0.644,0.0,0.0,
280,28,5.429,0.504,0.093,5.429,0.504,0.093,0.0,0.0,,0.0,0.0,,0.0,0.0,,2.321,1.09,0.47
281,28,5.286,1.213,0.229,4.393,0.994,0.226,0.893,0.497,0.557,0.0,0.0,,0.0,0.0,,0.0,0.0,
282,28,5.786,0.499,0.086,5.714,0.46,0.081,0.071,0.262,3.69,0.0,0.0,,0.0,0.0,,0.0,0.0,
283,28,4.857,1.044,0.215,4.857,1.044,0.215,0.0,0.0,,0.0,0.0,,0.0,0.0,,0.964,0.693,0.719
284,28,5.679,0.476,0.084,5.679,0.476,0.084,0.0,0.0,,0.0,0.0,,0.0,0.0,,2.0,1.054,0.527
285,28,4.5,1.171,0.26,4.5,1.171,0.26,0.0,0.0,,0.0,0.0,,0.0,0.0,,0.143,0.356,2.49
286,28,5.357,0.559,0.104,5.357,0.559,0.104,0.0,0.0,,0.0,0.0,,0.0,0.0,,1.821,0.39,0.214
287,28,4.964,0.999,0.201,4.964,0.999,0.201,0.0,0.0,,0.0,0.0,,0.0,0.0,,1.036,0.576,0.556
288,28,4.714,1.013,0.215,4.714,1.013,0.215,0.0,0.0,,0.0,0.0,,0.0,0.0,,1.964,0.693,0.353
289,28,5.393,0.737,0.137,5.393,0.737,0.137,0.0,0.0,,0.0,0.0,,0.0,0.0,,0.0,0.0,
290,28,4.821,1.219,0.253,4.821,1.219,0.253,0.0,0.0,,0.0,0.0,,0.0,0.0,,2.714,0.6,0.221
291,28,4.5,1.072,0.238,4.5,1.072,0.238,0.0,0.0,,0.0,0.0,,0.0,0.0,,5.643,0.731,0.13
292,28,6.321,0.819,0.13,5.429,0.634,0.117,0.893,0.315,0.353,0.0,0.0,,0.0,0.0,,1.821,0.39,0.214
293,28,1.964,0.793,0.404,1.964,0.793,0.404,0.0,0.0,,0.0,0.0,,0.0,0.0,,0.036,0.189,5.25
294,28,2.821,0.723,0.256,2.714,0.6,0.221,0.107,0.315,2.944,0.0,0.0,,0.0,0.0,,0.0,0.0,
295,28,3.107,0.832,0.268,2.179,0.67,0.307,0.607,0.497,0.819,0.321,0.476,1.483,0.0,0.0,,4.536,0.744,0.164
296,28,4.714,0.659,0.14,3.821,0.612,0.16,0.893,0.315,0.353,0.0,0.0,,0.0,0.0,,0.0,0.0,
297,28,2.429,0.879,0.362,2.429,0.879,0.362,0.0,0.0,,0.0,0.0,,0.0,0.0,,0.929,0.262,0.282
298,28,3.036,0.962,0.317,3.0,0.943,0.314,0.036,0.189,5.25,0.0,0.0,,0.0,0.0,,3.107,0.916,0.295
299,28,4.786,1.067,0.223,4.179,0.983,0.235,0.607,0.567,0.934,0.0,0.0,,0.0,0.0,,0.0,0.0,
300,28,4.607,1.031,0.224,4.607,1.031,0.224,0.0,0.0,,0.0,0.0,,0.0,0.0,,1.0,0.471,0.471
301,28,6.75,1.713,0.254,4.929,1.12,0.227,0.429,0.573,1.336,1.393,1.166,0.837,0.0,0.0,,0.0,0.0,
302,28,4.75,1.323,0.279,4.75,1.323,0.279,0.0,0.0,,0.0,0.0,,0.0,0.0,,1.643,0.678,0.413
303,28,5.071,0.858,0.169,5.071,0.858,0.169,0.0,0.0,,0.0,0.0,,0.0,0.0,,1.536,0.744,0.484
304,28,5.036,1.071,0.213,5.036,1.071,0.213,0.0,0.0,,0.0,0.0,,0.0,0.0,,1.464,0.793,0.542
305,28,3.071,1.052,0.343,2.893,0.875,0.302,0.0,0.0,,0.179,0.39,2.179,0.0,0.0,,0.0,0.0,
306,28,2.714,0.46,0.169,2.714,0.46,0.169,0.0,0.0,,0.0,0.0,,0.0,0.0,,0.0,0.0,
307,28,2.143,0.705,0.329,2.143,0.705,0.329,0.0,0.0,,0.0,0.0,,0.0,0.0,,0.75,0.441,0.588
308,28,1.536,0.508,0.331,1.536,0.508,0.331,0.0,0.0,,0.0,0.0,,0.0,0.0,,0.464,0.508,1.095
309,3,1.0,0.0,0.0,1.0,0.0,0.0,0.0,0.0,,0.0,0.0,,0.0,0.0,,0.0,0.0,
310,20,1.3,0.47,0.362,1.25,0.444,0.355,0.05,0.224,4.48,0.0,0.0,,0.0,0.0,,0.15,0.366,2.44
311,22,1.409,0.59,0.419,1.136,0.351,0.309,0.273,0.456,1.67,0.0,0.0,,0.0,0.0,,0.0,0.0,
312,14,1.429,0.646,0.452,0.643,0.497,0.773,0.286,0.469,1.64,0.5,0.941,1.882,0.0,0.0,,0.0,0.0,
313,28,4.25,1.404,0.33,2.929,1.016,0.347,1.321,0.945,0.715,0.0,0.0,,0.0,0.0,,0.0,0.0,
314,23,3.0,0.674,0.225,2.739,0.689,0.252,0.261,0.449,1.72,0.0,0.0,,0.0,0.0,,0.0,0.0,
315,28,3.464,1.374,0.397,2.821,0.983,0.348,0.643,0.621,0.966,0.0,0.0,,0.0,0.0,,0.214,0.418,1.953
316,28,6.071,1.464,0.241,3.679,0.819,0.223,1.25,1.005,0.804,1.143,1.268,1.109,0.0,0.0,,0.0,0.0,
317,28,5.75,1.838,0.32,4.536,1.374,0.303,1.0,0.667,0.667,0.214,0.63,2.944,0.0,0.0,,0.0,0.0,
318,28,4.357,0.951,0.218,4.357,0.951,0.218,0.0,0.0,,0.0,0.0,,0.0,0.0,,0.857,0.705,0.823
319,28,6.143,2.289,0.373,4.714,1.213,0.257,0.857,0.848,0.989,0.571,0.92,1.611,0.0,0.0,,0.0,0.0,
320,28,5.25,1.005,0.191,5.143,0.932,0.181,0.036,0.189,5.25,0.071,0.378,5.324,0.0,0.0,,2.321,0.772,0.333
321,28,6.0,1.361,0.227,4.214,1.287,0.305,0.286,0.46,1.608,1.5,0.882,0.588,0.0,0.0,,0.0,0.0,
322,28,5.107,0.875,0.171,5.107,0.875,0.171,0.0,0.0,,0.0,0.0,,0.0,0.0,,1.393,0.685,0.492
323,28,4.679,1.188,0.254,4.643,1.129,0.243,0.036,0.189,5.25,0.0,0.0,,0.0,0.0,,0.0,0.0,
324,28,5.214,0.686,0.132,5.214,0.686,0.132,0.0,0.0,,0.0,0.0,,0.0,0.0,,1.964,0.189,0.096
325,28,5.857,0.756,0.129,4.964,0.744,0.15,0.893,0.315,0.353,0.0,0.0,,0.0,0.0,,1.321,0.476,0.36
326,28,4.929,1.215,0.247,4.714,1.117,0.237,0.214,0.418,1.953,0.0,0.0,,0.0,0.0,,1.536,0.576,0.375
327,28,3.75,1.175,0.313,3.643,1.096,0.301,0.107,0.315,2.944,0.0,0.0,,0.0,0.0,,0.0,0.0,
328,28,8.893,1.474,0.166,5.179,0.819,0.158,0.107,0.416,3.888,3.607,1.449,0.402,0.0,0.0,,0.0,0.0,
329,28,6.0,1.217,0.203,4.893,0.832,0.17,1.107,0.567,0.512,0.0,0.0,,0.0,0.0,,0.0,0.0,
330,28,5.893,1.315,0.223,4.607,0.956,0.208,0.679,0.548,0.807,0.607,0.737,1.214,0.0,0.0,,0.0,0.0,
331,28,3.25,1.351,0.416,1.857,0.932,0.502,0.429,0.504,1.175,0.964,0.637,0.661,0.0,0.0,,0.0,0.0,
332,28,3.214,0.568,0.177,3.036,0.508,0.167,0.179,0.39,2.179,0.0,0.0,,0.0,0.0,,0.0,0.0,
333,28,4.429,0.742,0.168,4.429,0.742,0.168,0.0,0.0,,0.0,0.0,,0.0,0.0,,1.607,0.916,0.57
334,28,5.143,1.38,0.268,3.714,1.084,0.292,0.571,0.504,0.883,0.857,0.848,0.989,0.0,0.0,,0.0,0.0,
335,28,3.036,1.201,0.396,3.036,1.201,0.396,0.0,0.0,,0.0,0.0,,0.0,0.0,,1.179,0.548,0.465
336,28,2.5,1.171,0.468,2.5,1.171,0.468,0.0,0.0,,0.0,0.0,,0.0,0.0,,1.429,0.634,0.444
337,28,2.143,0.591,0.276,2.143,0.591,0.276,0.0,0.0,,0.0,0.0,,0.0,0.0,,3.607,0.786,0.218
338,28,2.0,1.018,0.509,1.786,0.917,0.513,0.0,0.0,,0.214,0.63,2.944,0.0,0.0,,0.0,0.0,
339,28,2.571,0.742,0.289,2.571,0.742,0.289,0.0,0.0,,0.0,0.0,,0.0,0.0,,2.393,0.685,0.286
340,28,1.536,0.693,0.451,1.393,0.685,0.492,0.143,0.356,2.49,0.0,0.0,,0.0,0.0,,3.179,1.335,0.42
341,28,2.0,0.903,0.452,1.821,0.67,0.368,0.179,0.39,2.179,0.0,0.0,,0.0,0.0,,1.286,0.713,0.554
342,28,4.679,1.517,0.324,3.929,1.359,0.346,0.679,0.772,1.137,0.071,0.262,3.69,0.179,0.39,2.179,0.0,0.0,
343,28,3.571,1.451,0.406,2.286,1.013,0.443,0.25,0.441,1.764,1.036,0.793,0.765,1.214,0.686,0.565,0.0,0.0,
344,28,3.679,1.249,0.339,2.786,1.031,0.37,0.464,0.508,1.095,0.429,0.634,1.478,0.0,0.0,,0.0,0.0,
345,28,3.536,0.922,0.261,3.321,0.905,0.273,0.214,0.418,1.953,0.0,0.0,,0.0,0.0,,3.5,1.453,0.415
346,28,4.536,1.774,0.391,3.893,1.524,0.391,0.357,0.559,1.566,0.286,0.535,1.871,0.5,0.509,1.018,0.0,0.0,
347,28,3.929,1.676,0.427,3.321,1.442,0.434,0.25,0.441,1.764,0.357,0.559,1.566,0.0,0.0,,0.0,0.0,
348,22,2.773,0.813,0.293,2.773,0.813,0.293,0.0,0.0,,0.0,0.0,,0.0,0.0,,0.0,0.0,
349,21,2.714,1.347,0.496,2.714,1.347,0.496,0.0,0.0,,0.0,0.0,,0.0,0.0,,1.571,1.363,0.868
350,15,2.267,0.799,0.352,2.2,0.676,0.307,0.067,0.258,3.851,0.0,0.0,,0.067,0.258,3.851,0.0,0.0,
351,12,1.667,0.888,0.533,1.667,0.888,0.533,0.0,0.0,,0.0,0.0,,0.083,0.289,3.482,0.0,0.0,
352,12,1.417,0.515,0.363,1.417,0.515,0.363,0.0,0.0,,0.0,0.0,,0.0,0.0,,0.25,0.622,2.488
353,1,1.0,0.0,0.0,1.0,0.0,0.0,0.0,0.0,,0.0,0.0,,0.0,0.0,,0.0,0.0,
