pdb_id,state,res1_num,res1_name,res1_atom,res2_num,res2_name,res2_atom,distance
4dkl,inactive,167,ARG,NH1,166,ASP,OD2,3.744
4dkl,inactive,181,ARG,NH2,166,ASP,OD2,2.541
4dkl,inactive,235,LYS,NZ,231,GLU,OE2,3.272
4dkl,inactive,1033,HIS,ND1,1072,ASP,OD2,2.381
4dkl,inactive,1054,ARG,NE,1064,GLU,OE2,2.817
4dkl,inactive,1062,LYS,NZ,1066,GLU,OE2,3.641
4dkl,inactive,1078,ARG,NH1,1074,ASP,OD2,3.17
4dkl,inactive,1097,ARG,NH1,1094,ASP,OD2,2.904
4dkl,inactive,1098,ARG,NH1,1091,ASP,OD1,3.992
4dkl,inactive,1127,ARG,NH2,1130,GLU,OE1,2.826
4dkl,inactive,1147,ARG,NH1,1013,GLU,OE2,2.48
4dkl,inactive,1150,ARG,NH2,1012,ASP,OD2,2.708
4dkl,inactive,346,LYS,NZ,343,GLU,OE2,2.87
5c1m,active,181,ARG,NE,166,ASP,OD1,2.876
5c1m,active,235,LYS,NZ,231,GLU,OE2,3.772
5c1m,active,346,LYS,NZ,343,GLU,OE2,3.631
6dde,active,181,ARG,NE,166,ASP,OD1,2.898
6dde,active,213,ARG,NE,218,ASP,OD2,2.907
6ddf,active,181,ARG,NE,166,ASP,OD1,2.924
6ddf,active,213,ARG,NE,218,ASP,OD2,2.856
6ddf,active,279,ARG,NH2,343,GLU,OE2,3.246
7sbf,active,181,ARG,NE,166,ASP,OD1,2.65
7sbf,active,279,ARG,NH1,343,GLU,OE2,2.897
7scg,active,181,ARG,NH2,166,ASP,OD2,3.071
7scg,active,235,LYS,NZ,231,GLU,OE2,3.722
7scg,active,279,ARG,NH1,343,GLU,OE1,2.474
7scg,active,346,LYS,NZ,343,GLU,OE2,3.978
7t2g,active,181,ARG,NH2,166,ASP,OD2,2.869
7t2g,active,275,ARG,NH2,272,GLU,OE1,3.775
7t2g,active,279,ARG,NE,343,GLU,OE2,3.371
7t2g,active,346,LYS,NZ,343,GLU,OE1,3.562
7t2h,active,181,ARG,NE,166,ASP,OD1,2.408
7t2h,active,235,LYS,NZ,231,GLU,OE2,3.045
7t2h,active,275,ARG,NH2,272,GLU,OE2,3.649
7t2h,active,279,ARG,NH2,343,GLU,OE2,2.676
7u2k,active,181,ARG,NE,166,ASP,OD2,2.724
7u2l,active,181,ARG,NH1,166,ASP,OD1,2.694
7u2l,active,235,LYS,NZ,231,GLU,OE2,3.651
7u2l,active,279,ARG,NH1,343,GLU,OE2,3.082
7ul4,inactive,181,ARG,NH2,166,ASP,OD2,2.803
7ul4,inactive,278,ARG,NE,274,ASP,OD2,3.141
8Y72,active,167,ARG,NH2,342,ASP,OD1,3.943
8Y72,active,181,ARG,NH1,166,ASP,OD2,2.49
8Y72,active,213,ARG,NH1,218,ASP,OD2,3.627
8Y72,active,235,LYS,NZ,231,GLU,OE2,2.929
8Y72,active,275,ARG,NH1,272,GLU,OE1,3.02
8Y72,active,279,ARG,NH1,343,GLU,OE2,3.033
8Y72,active,346,LYS,NZ,343,GLU,OE2,3.124
8Y73,active,181,ARG,NH1,166,ASP,OD2,2.356
8Y73,active,213,ARG,NE,218,ASP,OD2,2.89
8Y73,active,235,LYS,NZ,231,GLU,OE1,3.21
8Y73,active,271,LYS,NZ,272,GLU,OE2,3.386
8Y73,active,279,ARG,NH1,343,GLU,OE2,2.559
8e0g,active,181,ARG,NE,166,ASP,OD1,2.875
8e0g,active,346,LYS,NZ,343,GLU,OE2,3.843
8ef5,active,181,ARG,NE,166,ASP,OD1,2.645
8ef5,active,275,ARG,NH1,272,GLU,OE2,2.432
8ef5,active,279,ARG,NH1,343,GLU,OE2,3.28
8ef5,active,346,LYS,NZ,343,GLU,OE2,3.999
8ef6,active,181,ARG,NH2,166,ASP,OD1,2.929
8ef6,active,235,LYS,NZ,231,GLU,OE2,3.345
8ef6,active,275,ARG,NH2,272,GLU,OE1,2.616
8ef6,active,279,ARG,NH2,343,GLU,OE2,3.998
8ef6,active,346,LYS,NZ,343,GLU,OE2,3.651
8efb,active,181,ARG,NE,166,ASP,OD1,3.037
8efb,active,235,LYS,NZ,231,GLU,OE2,3.81
8efb,active,275,ARG,NH1,272,GLU,OE2,3.447
8efb,active,279,ARG,NH2,343,GLU,OE2,3.848
8efb,active,346,LYS,NZ,343,GLU,OE2,3.201
8efl,active,181,ARG,NE,166,ASP,OD1,3.521
8efl,active,235,LYS,NZ,231,GLU,OE2,3.661
8efl,active,275,ARG,NH1,272,GLU,OE2,2.403
8efl,active,279,ARG,NH1,343,GLU,OE2,3.672
8efl,active,346,LYS,NZ,343,GLU,OE2,3.398
8efl,active,350,ARG,NE,351,GLU,OE2,3.944
8efo,active,167,ARG,NH2,342,ASP,OD1,3.849
8efo,active,181,ARG,NH2,166,ASP,OD1,2.608
8efo,active,213,ARG,NH1,218,ASP,OD2,2.403
8efo,active,275,ARG,NH1,272,GLU,OE2,2.531
8efo,active,279,ARG,NH2,343,GLU,OE2,2.63
8efo,active,346,LYS,NZ,343,GLU,OE2,3.573
8efq,active,167,ARG,NH2,342,ASP,OD1,3.863
8efq,active,181,ARG,NE,166,ASP,OD1,3.161
8efq,active,213,ARG,NH1,218,ASP,OD2,3.811
8efq,active,279,ARG,NH2,343,GLU,OE2,2.673
8f7q,active,181,ARG,NE,166,ASP,OD1,3.393
8f7q,active,235,LYS,NZ,231,GLU,OE2,3.705
8f7q,active,275,ARG,NH1,272,GLU,OE2,2.401
8f7q,active,346,LYS,NZ,343,GLU,OE2,3.073
8f7r,active,181,ARG,NH2,166,ASP,OD1,2.885
8f7r,active,213,ARG,NH2,218,ASP,OD2,2.786
8f7r,active,235,LYS,NZ,231,GLU,OE2,3.612
8f7r,active,275,ARG,NH1,272,GLU,OE2,2.431
8f7r,active,346,LYS,NZ,343,GLU,OE2,3.028
8k9k,active,176,LYS,NZ,179,ASP,OD1,3.926
8k9k,active,181,ARG,NE,166,ASP,OD1,2.455
8k9k,active,213,ARG,NE,218,ASP,OD2,3.959
8k9k,active,235,LYS,NZ,231,GLU,OE2,3.799
8k9k,active,279,ARG,NH2,343,GLU,OE2,3.627
8k9l,active,181,ARG,NE,166,ASP,OD1,2.449
8k9l,active,213,ARG,NE,218,ASP,OD2,3.814
8k9l,active,235,LYS,NZ,231,GLU,OE1,3.441
8k9l,active,275,ARG,NH1,272,GLU,OE1,3.58
8k9l,active,279,ARG,NH1,343,GLU,OE1,3.652
8k9l,active,346,LYS,NZ,343,GLU,OE2,2.66
9MQI,inactive,167,ARG,NH1,166,ASP,OD2,3.446
9MQI,inactive,181,ARG,NE,166,ASP,OD1,2.471
9MQI,inactive,278,ARG,NE,274,ASP,OD1,2.404
9PXU,inactive,181,ARG,NE,166,ASP,OD1,3.022
9PXU,inactive,278,ARG,NH1,274,ASP,OD1,2.945
9PY2,active,167,ARG,NH2,342,ASP,OD1,3.815
9PY2,active,181,ARG,NE,166,ASP,OD1,2.954
9PY2,active,271,LYS,NZ,272,GLU,OE1,2.989
9PY2,active,279,ARG,NH1,343,GLU,OE2,2.932
9PY3,active,181,ARG,NE,166,ASP,OD1,2.935
9PY3,active,213,ARG,NE,218,ASP,OD2,3.067
9PY4,active,167,ARG,NH2,342,ASP,OD1,3.859
9PY4,active,181,ARG,NE,166,ASP,OD1,3.006
9PY4,active,213,ARG,NE,218,ASP,OD1,3.813
9PY4,active,235,LYS,NZ,231,GLU,OE2,3.403
9PY4,active,275,ARG,NH1,272,GLU,OE2,3.288
9PY4,active,279,ARG,NH1,343,GLU,OE2,2.84
9WST,active,181,ARG,NE,166,ASP,OD2,3.117
9WST,active,213,ARG,NE,218,ASP,OD2,3.555
9WST,active,275,ARG,NH2,272,GLU,OE2,2.751
9WST,active,278,ARG,NE,274,ASP,OD1,2.926
9WST,active,279,ARG,NH1,343,GLU,OE2,3.136
9WST,active,346,LYS,NZ,343,GLU,OE2,3.331
9WSW,active,181,ARG,NE,166,ASP,OD1,2.898
9WSW,active,213,ARG,NE,218,ASP,OD2,2.97
9WSW,active,235,LYS,NZ,231,GLU,OE1,3.67
9WSW,active,275,ARG,NH2,272,GLU,OE2,2.435
9WSW,active,279,ARG,NH1,343,GLU,OE2,2.275
9bjk,inactive,181,ARG,NE,166,ASP,OD1,3.626
9bjk,inactive,278,ARG,NH1,274,ASP,OD1,2.445
9bqj,active,181,ARG,NH1,166,ASP,OD1,2.518
