pdb_id,state,res1_num,res1_name,res2_num,res2_name
4dkl,inactive,162,THR,189,VAL
4dkl,inactive,162,THR,190,ASN
4dkl,inactive,162,THR,193,ASN
4dkl,inactive,189,VAL,193,ASN
4dkl,inactive,190,ASN,193,ASN
4dkl,inactive,88,ASN,113,ALA
4dkl,inactive,88,ASN,116,ASP
4dkl,inactive,88,ASN,334,ASN
4dkl,inactive,88,ASN,338,TYR
4dkl,inactive,113,ALA,116,ASP
4dkl,inactive,113,ALA,334,ASN
4dkl,inactive,113,ALA,338,TYR
4dkl,inactive,116,ASP,334,ASN
4dkl,inactive,116,ASP,338,TYR
4dkl,inactive,334,ASN,338,TYR
4dkl,inactive,295,TRP,330,ASN
4dkl,inactive,327,GLY,331,SER
4dkl,inactive,116,ASP,152,ASN
4dkl,inactive,116,ASP,156,SER
4dkl,inactive,152,ASN,156,SER
4dkl,inactive,153,MET,242,ALA
4dkl,inactive,153,MET,299,HIS
4dkl,inactive,242,ALA,299,HIS
4dkl,inactive,279,ARG,282,ARG
4dkl,inactive,279,ARG,341,LEU
4dkl,inactive,282,ARG,341,LEU
4dkl,inactive,106,ASN,344,ASN
4dkl,inactive,149,ASP,152,ASN
4dkl,inactive,223,PHE,225,HIS
4dkl,inactive,223,PHE,227,THR
4dkl,inactive,225,HIS,227,THR
4dkl,inactive,287,VAL,291,PHE
4dkl,inactive,287,VAL,330,ASN
4dkl,inactive,287,VAL,334,ASN
4dkl,inactive,291,PHE,330,ASN
4dkl,inactive,291,PHE,334,ASN
4dkl,inactive,330,ASN,334,ASN
4dkl,inactive,311,PRO,313,THR
4dkl,inactive,340,PHE,343,GLU
4dkl,inactive,222,THR,227,THR
5c1m,active,242,ALA,299,HIS
5c1m,active,137,PHE,140,ILE
5c1m,active,137,PHE,141,LEU
5c1m,active,135,TRP,137,PHE
5c1m,active,135,TRP,138,GLY
5c1m,active,172,CYS,260,ARG
5c1m,active,126,GLN,129,ASN
5c1m,active,61,GLN,321,HIS
5c1m,active,327,GLY,331,SER
5c1m,active,99,THR,101,MET
5c1m,active,99,THR,102,LYS
5c1m,active,99,THR,106,ASN
5c1m,active,101,MET,106,ASN
5c1m,active,102,LYS,106,ASN
5c1m,active,88,ASN,116,ASP
5c1m,active,88,ASN,335,PRO
5c1m,active,116,ASP,335,PRO
5c1m,active,182,THR,185,ASN
5c1m,active,330,ASN,334,ASN
5c1m,active,287,VAL,338,TYR
5c1m,active,139,ASN,209,THR
5c1m,active,232,ASN,235,LYS
5c1m,active,235,LYS,302,VAL
5c1m,active,235,LYS,306,ALA
5c1m,active,302,VAL,306,ALA
5c1m,active,77,TYR,126,GLN
5c1m,active,108,TYR,180,PHE
5c1m,active,206,PHE,222,THR
5c1m,active,207,MET,222,THR
5c1m,active,111,ASN,159,THR
5c1m,active,111,ASN,190,ASN
5c1m,active,111,ASN,193,ASN
5c1m,active,159,THR,190,ASN
5c1m,active,159,THR,193,ASN
5c1m,active,190,ASN,193,ASN
5c1m,active,129,ASN,217,ILE
5c1m,active,294,CYS,298,ILE
5c1m,active,294,CYS,323,CYS
5c1m,active,298,ILE,323,CYS
5c1m,active,342,ASP,344,ASN
5c1m,active,160,LEU,254,TYR
5c1m,active,160,LEU,338,TYR
5c1m,active,254,TYR,338,TYR
5c1m,active,156,SER,295,TRP
5c1m,active,156,SER,330,ASN
5c1m,active,295,TRP,330,ASN
5c1m,active,149,ASP,153,MET
5c1m,active,171,VAL,260,ARG
5c1m,active,83,VAL,332,CYS
5c1m,active,129,ASN,134,THR
5c1m,active,105,THR,166,ASP
5c1m,active,104,ALA,181,ARG
5c1m,active,105,THR,181,ARG
7t2g,active,160,LEU,254,TYR
7t2g,active,160,LEU,338,TYR
7t2g,active,254,TYR,338,TYR
7t2g,active,330,ASN,334,ASN
7t2g,active,287,VAL,338,TYR
7t2g,active,105,THR,166,ASP
7t2g,active,295,TRP,330,ASN
7t2g,active,327,GLY,331,SER
8e0g,active,61,GLN,321,HIS
8e0g,active,135,TRP,137,PHE
8e0g,active,135,TRP,138,GLY
8e0g,active,139,ASN,209,THR
8e0g,active,330,ASN,334,ASN
8e0g,active,129,ASN,217,ILE
8e0g,active,137,PHE,140,ILE
8e0g,active,137,PHE,141,LEU
8e0g,active,287,VAL,338,TYR
8e0g,active,172,CYS,260,ARG
8e0g,active,173,HIS,260,ARG
8e0g,active,108,TYR,180,PHE
8e0g,active,232,ASN,235,LYS
8e0g,active,182,THR,185,ASN
8e0g,active,294,CYS,298,ILE
8e0g,active,294,CYS,323,CYS
8e0g,active,298,ILE,323,CYS
8e0g,active,111,ASN,159,THR
8e0g,active,111,ASN,190,ASN
8e0g,active,111,ASN,193,ASN
8e0g,active,159,THR,190,ASN
8e0g,active,159,THR,193,ASN
8e0g,active,190,ASN,193,ASN
8e0g,active,327,GLY,331,SER
8e0g,active,171,VAL,260,ARG
8e0g,active,88,ASN,116,ASP
8e0g,active,126,GLN,129,ASN
8e0g,active,126,GLN,130,TYR
8e0g,active,99,THR,101,MET
8e0g,active,99,THR,102,LYS
8e0g,active,99,THR,106,ASN
8e0g,active,101,MET,106,ASN
8e0g,active,102,LYS,106,ASN
8e0g,active,160,LEU,254,TYR
8e0g,active,160,LEU,338,TYR
8e0g,active,254,TYR,338,TYR
8e0g,active,235,LYS,302,VAL
8e0g,active,235,LYS,306,ALA
8e0g,active,302,VAL,306,ALA
8e0g,active,149,ASP,153,MET
8e0g,active,77,TYR,126,GLN
8e0g,active,156,SER,295,TRP
8e0g,active,156,SER,330,ASN
8e0g,active,295,TRP,330,ASN
8e0g,active,206,PHE,222,THR
8e0g,active,207,MET,222,THR
8e0g,active,83,VAL,332,CYS
8e0g,active,104,ALA,181,ARG
8e0g,active,105,THR,181,ARG
