res1_num,res2_num,active_count,active_freq,inactive_count,inactive_freq,delta_freq,conservation
93,97,16,0.571,0,0.0,0.571,active_specific
97,98,15,0.536,1,0.2,0.336,variable
98,100,0,0.0,1,0.2,-0.2,rare
98,347,0,0.0,1,0.2,-0.2,rare
110,187,0,0.0,1,0.2,-0.2,rare
143,206,1,0.036,0,0.0,0.036,rare
167,254,28,1.0,0,0.0,1.0,active_specific
167,338,28,1.0,0,0.0,1.0,active_specific
168,260,0,0.0,1,0.2,-0.2,rare
173,176,9,0.321,1,0.2,0.121,rare
173,260,1,0.036,2,0.4,-0.364,variable
173,1010,0,0.0,1,0.2,-0.2,rare
176,180,3,0.107,0,0.0,0.107,rare
301,305,9,0.321,2,0.4,-0.079,rare
305,320,27,0.964,5,1.0,-0.036,conserved
340,346,2,0.071,0,0.0,0.071,rare
1021,1027,0,0.0,1,0.2,-0.2,rare
1090,1098,0,0.0,1,0.2,-0.2,rare
1097,1128,0,0.0,1,0.2,-0.2,rare
1106,1147,0,0.0,1,0.2,-0.2,rare
1141,1149,0,0.0,1,0.2,-0.2,rare
1150,1163,0,0.0,1,0.2,-0.2,rare
