res1_num,res2_num,active_count,active_freq,inactive_count,inactive_freq,delta_freq,conservation
91,339,28,1.0,0,0.0,1.0,active_specific
109,283,0,0.0,5,1.0,-1.0,inactive_specific
160,287,0,0.0,5,1.0,-1.0,inactive_specific
160,288,0,0.0,5,1.0,-1.0,inactive_specific
163,284,0,0.0,5,1.0,-1.0,inactive_specific
247,291,28,1.0,0,0.0,1.0,active_specific
261,280,28,1.0,0,0.0,1.0,active_specific
286,341,0,0.0,5,1.0,-1.0,inactive_specific
90,349,1,0.036,5,1.0,-0.964,inactive_specific
246,291,27,0.964,0,0.0,0.964,active_specific
261,277,27,0.964,0,0.0,0.964,active_specific
101,107,26,0.929,0,0.0,0.929,active_specific
157,295,25,0.893,0,0.0,0.893,active_specific
258,284,25,0.893,0,0.0,0.893,active_specific
257,261,24,0.857,0,0.0,0.857,active_specific
109,339,23,0.821,0,0.0,0.821,active_specific
91,349,0,0.0,4,0.8,-0.8,inactive_specific
92,113,28,1.0,1,0.2,0.8,variable
112,287,0,0.0,4,0.8,-0.8,inactive_specific
125,145,28,1.0,1,0.2,0.8,variable
171,267,0,0.0,4,0.8,-0.8,inactive_specific
171,277,0,0.0,4,0.8,-0.8,inactive_specific
339,349,0,0.0,4,0.8,-0.8,inactive_specific
90,340,22,0.786,0,0.0,0.786,active_specific
91,340,22,0.786,0,0.0,0.786,active_specific
153,157,22,0.786,0,0.0,0.786,active_specific
90,352,1,0.036,4,0.8,-0.764,inactive_specific
104,186,27,0.964,1,0.2,0.764,variable
250,291,21,0.75,0,0.0,0.75,active_specific
101,110,20,0.714,0,0.0,0.714,active_specific
76,322,19,0.679,0,0.0,0.679,active_specific
337,341,9,0.321,5,1.0,-0.679,variable
76,325,24,0.857,1,0.2,0.657,variable
243,295,24,0.857,1,0.2,0.657,variable
257,284,18,0.643,0,0.0,0.643,active_specific
95,101,23,0.821,1,0.2,0.621,variable
118,194,5,0.179,4,0.8,-0.621,inactive_specific
171,257,28,1.0,2,0.4,0.6,variable
345,349,6,0.214,4,0.8,-0.586,variable
261,264,16,0.571,0,0.0,0.571,active_specific
339,345,16,0.571,0,0.0,0.571,active_specific
85,89,27,0.964,2,0.4,0.564,variable
165,249,27,0.964,2,0.4,0.564,variable
286,337,27,0.964,2,0.4,0.564,variable
115,194,21,0.75,1,0.2,0.55,variable
128,132,21,0.75,1,0.2,0.55,variable
154,241,21,0.75,1,0.2,0.55,variable
284,288,7,0.25,4,0.8,-0.55,variable
73,318,15,0.536,0,0.0,0.536,active_specific
79,83,15,0.536,0,0.0,0.536,active_specific
112,163,14,0.5,0,0.0,0.5,active_specific
204,234,3,0.107,3,0.6,-0.493,inactive_specific
135,141,9,0.321,4,0.8,-0.479,variable
200,204,13,0.464,0,0.0,0.464,active_specific
267,280,13,0.464,0,0.0,0.464,active_specific
221,234,24,0.857,2,0.4,0.457,variable
286,290,24,0.857,2,0.4,0.457,variable
287,337,24,0.857,2,0.4,0.457,variable
86,90,18,0.643,1,0.2,0.443,variable
80,325,12,0.429,0,0.0,0.429,active_specific
92,117,12,0.429,0,0.0,0.429,active_specific
91,345,5,0.179,3,0.6,-0.421,inactive_specific
160,163,11,0.393,4,0.8,-0.407,variable
226,230,17,0.607,1,0.2,0.407,variable
94,101,0,0.0,2,0.4,-0.4,inactive_specific
101,345,0,0.0,2,0.4,-0.4,inactive_specific
170,277,0,0.0,2,0.4,-0.4,inactive_specific
283,345,0,0.0,2,0.4,-0.4,inactive_specific
290,337,28,1.0,3,0.6,0.4,conserved
67,71,11,0.393,0,0.0,0.393,active_specific
89,92,11,0.393,0,0.0,0.393,active_specific
144,205,11,0.393,0,0.0,0.393,active_specific
258,280,11,0.393,0,0.0,0.393,active_specific
333,337,11,0.393,0,0.0,0.393,active_specific
340,349,11,0.393,0,0.0,0.393,active_specific
141,145,16,0.571,1,0.2,0.371,variable
158,246,1,0.036,2,0.4,-0.364,inactive_specific
158,245,10,0.357,0,0.0,0.357,active_specific
202,205,7,0.25,3,0.6,-0.35,variable
89,117,15,0.536,1,0.2,0.336,variable
230,233,13,0.464,4,0.8,-0.336,variable
298,320,13,0.464,4,0.8,-0.336,variable
68,71,2,0.071,2,0.4,-0.329,inactive_specific
71,74,2,0.071,2,0.4,-0.329,inactive_specific
114,194,26,0.929,3,0.6,0.329,conserved
165,169,26,0.929,3,0.6,0.329,conserved
109,345,19,0.679,5,1.0,-0.321,conserved
125,141,19,0.679,5,1.0,-0.321,conserved
158,196,19,0.679,5,1.0,-0.321,conserved
180,189,9,0.321,0,0.0,0.321,active_specific
208,221,19,0.679,5,1.0,-0.321,conserved
74,131,20,0.714,2,0.4,0.314,variable
92,114,20,0.714,2,0.4,0.314,variable
94,349,14,0.5,4,0.8,-0.3,conserved
200,234,14,0.5,1,0.2,0.3,variable
245,249,14,0.5,1,0.2,0.3,variable
95,109,25,0.893,3,0.6,0.293,conserved
146,221,25,0.893,3,0.6,0.293,conserved
154,242,25,0.893,3,0.6,0.293,conserved
169,177,25,0.893,3,0.6,0.293,conserved
239,300,3,0.107,2,0.4,-0.293,inactive_specific
252,256,25,0.893,3,0.6,0.293,conserved
304,310,3,0.107,2,0.4,-0.293,inactive_specific
200,238,8,0.286,0,0.0,0.286,variable
76,80,9,0.321,3,0.6,-0.279,variable
135,217,19,0.679,2,0.4,0.279,variable
160,250,9,0.321,3,0.6,-0.279,variable
247,292,24,0.857,3,0.6,0.257,conserved
267,277,24,0.857,3,0.6,0.257,conserved
107,186,21,0.75,5,1.0,-0.25,conserved
135,145,21,0.75,5,1.0,-0.25,conserved
204,207,7,0.25,0,0.0,0.25,variable
239,303,21,0.75,5,1.0,-0.25,conserved
257,280,7,0.25,0,0.0,0.25,variable
283,341,21,0.75,5,1.0,-0.25,conserved
335,340,7,0.25,0,0.0,0.25,variable
141,144,18,0.643,2,0.4,0.243,variable
132,136,12,0.429,1,0.2,0.229,variable
153,242,12,0.429,1,0.2,0.229,variable
244,248,16,0.571,4,0.8,-0.229,conserved
336,340,23,0.821,3,0.6,0.221,conserved
250,288,22,0.786,5,1.0,-0.214,conserved
315,318,6,0.214,0,0.0,0.214,variable
336,341,6,0.214,0,0.0,0.214,variable
207,221,17,0.607,2,0.4,0.207,variable
70,74,0,0.0,1,0.2,-0.2,variable
80,123,28,1.0,4,0.8,0.2,conserved
86,352,0,0.0,1,0.2,-0.2,variable
95,107,0,0.0,1,0.2,-0.2,variable
157,247,0,0.0,1,0.2,-0.2,variable
157,250,0,0.0,1,0.2,-0.2,variable
157,292,0,0.0,1,0.2,-0.2,variable
158,242,0,0.0,1,0.2,-0.2,variable
188,191,0,0.0,1,0.2,-0.2,variable
223,226,0,0.0,1,0.2,-0.2,variable
243,300,0,0.0,1,0.2,-0.2,variable
264,1008,0,0.0,1,0.2,-0.2,variable
264,1160,0,0.0,1,0.2,-0.2,variable
280,283,0,0.0,1,0.2,-0.2,variable
1005,1008,0,0.0,1,0.2,-0.2,variable
1005,1009,0,0.0,1,0.2,-0.2,variable
1005,1099,0,0.0,1,0.2,-0.2,variable
1005,1102,0,0.0,1,0.2,-0.2,variable
1006,1069,0,0.0,1,0.2,-0.2,variable
1006,1073,0,0.0,1,0.2,-0.2,variable
1008,1160,0,0.0,1,0.2,-0.2,variable
1009,1069,0,0.0,1,0.2,-0.2,variable
1009,1106,0,0.0,1,0.2,-0.2,variable
1015,1031,0,0.0,1,0.2,-0.2,variable
1015,1065,0,0.0,1,0.2,-0.2,variable
1017,1060,0,0.0,1,0.2,-0.2,variable
1017,1065,0,0.0,1,0.2,-0.2,variable
1019,1029,0,0.0,1,0.2,-0.2,variable
1019,1035,0,0.0,1,0.2,-0.2,variable
1019,1041,0,0.0,1,0.2,-0.2,variable
1019,1044,0,0.0,1,0.2,-0.2,variable
1019,1048,0,0.0,1,0.2,-0.2,variable
1029,1035,0,0.0,1,0.2,-0.2,variable
1029,1048,0,0.0,1,0.2,-0.2,variable
1029,1060,0,0.0,1,0.2,-0.2,variable
1031,1069,0,0.0,1,0.2,-0.2,variable
1035,1044,0,0.0,1,0.2,-0.2,variable
1048,1052,0,0.0,1,0.2,-0.2,variable
1048,1060,0,0.0,1,0.2,-0.2,variable
1052,1060,0,0.0,1,0.2,-0.2,variable
1052,1068,0,0.0,1,0.2,-0.2,variable
1060,1065,0,0.0,1,0.2,-0.2,variable
1060,1068,0,0.0,1,0.2,-0.2,variable
1069,1073,0,0.0,1,0.2,-0.2,variable
1069,1106,0,0.0,1,0.2,-0.2,variable
1073,1102,0,0.0,1,0.2,-0.2,variable
1073,1106,0,0.0,1,0.2,-0.2,variable
1076,1102,0,0.0,1,0.2,-0.2,variable
1076,1105,0,0.0,1,0.2,-0.2,variable
1077,1081,0,0.0,1,0.2,-0.2,variable
1077,1102,0,0.0,1,0.2,-0.2,variable
1080,1086,0,0.0,1,0.2,-0.2,variable
1080,1102,0,0.0,1,0.2,-0.2,variable
1080,1105,0,0.0,1,0.2,-0.2,variable
1086,1113,0,0.0,1,0.2,-0.2,variable
1086,1120,0,0.0,1,0.2,-0.2,variable
1089,1093,0,0.0,1,0.2,-0.2,variable
1089,1120,0,0.0,1,0.2,-0.2,variable
1089,1123,0,0.0,1,0.2,-0.2,variable
1093,1101,0,0.0,1,0.2,-0.2,variable
1093,1128,0,0.0,1,0.2,-0.2,variable
1093,1155,0,0.0,1,0.2,-0.2,variable
1096,1160,0,0.0,1,0.2,-0.2,variable
1099,1160,0,0.0,1,0.2,-0.2,variable
1100,1151,0,0.0,1,0.2,-0.2,variable
1100,1155,0,0.0,1,0.2,-0.2,variable
1101,1113,0,0.0,1,0.2,-0.2,variable
1101,1120,0,0.0,1,0.2,-0.2,variable
1101,1155,0,0.0,1,0.2,-0.2,variable
1104,1113,0,0.0,1,0.2,-0.2,variable
1104,1116,0,0.0,1,0.2,-0.2,variable
1104,1135,0,0.0,1,0.2,-0.2,variable
1104,1140,0,0.0,1,0.2,-0.2,variable
1104,1151,0,0.0,1,0.2,-0.2,variable
1104,1155,0,0.0,1,0.2,-0.2,variable
1105,1113,0,0.0,1,0.2,-0.2,variable
1108,1113,0,0.0,1,0.2,-0.2,variable
1108,1140,0,0.0,1,0.2,-0.2,variable
1113,1116,0,0.0,1,0.2,-0.2,variable
1116,1120,0,0.0,1,0.2,-0.2,variable
1122,1131,0,0.0,1,0.2,-0.2,variable
1123,1128,0,0.0,1,0.2,-0.2,variable
1123,1131,0,0.0,1,0.2,-0.2,variable
1123,1155,0,0.0,1,0.2,-0.2,variable
1132,1152,0,0.0,1,0.2,-0.2,variable
1135,1140,0,0.0,1,0.2,-0.2,variable
1135,1152,0,0.0,1,0.2,-0.2,variable
1135,1155,0,0.0,1,0.2,-0.2,variable
1136,1152,0,0.0,1,0.2,-0.2,variable
1140,1148,0,0.0,1,0.2,-0.2,variable
1140,1151,0,0.0,1,0.2,-0.2,variable
1140,1152,0,0.0,1,0.2,-0.2,variable
1151,1155,0,0.0,1,0.2,-0.2,variable
207,223,17,0.607,4,0.8,-0.193,conserved
322,326,17,0.607,4,0.8,-0.193,conserved
333,336,11,0.393,1,0.2,0.193,variable
280,284,6,0.214,2,0.4,-0.186,variable
76,79,5,0.179,0,0.0,0.179,variable
236,240,23,0.821,5,1.0,-0.179,conserved
240,244,16,0.571,2,0.4,0.171,variable
154,158,27,0.964,4,0.8,0.164,conserved
236,303,1,0.036,1,0.2,-0.164,variable
243,247,27,0.964,4,0.8,0.164,conserved
128,136,10,0.357,1,0.2,0.157,variable
234,238,18,0.643,4,0.8,-0.157,conserved
264,267,18,0.643,4,0.8,-0.157,conserved
241,245,7,0.25,2,0.4,-0.15,variable
261,267,21,0.75,3,0.6,0.15,conserved
146,208,24,0.857,5,1.0,-0.143,conserved
157,291,24,0.857,5,1.0,-0.143,conserved
158,241,4,0.143,0,0.0,0.143,variable
202,206,4,0.143,0,0.0,0.143,variable
204,221,24,0.857,5,1.0,-0.143,conserved
223,230,24,0.857,5,1.0,-0.143,conserved
258,261,4,0.143,0,0.0,0.143,variable
258,285,4,0.143,0,0.0,0.143,variable
283,287,4,0.143,0,0.0,0.143,variable
340,345,4,0.143,0,0.0,0.143,variable
90,94,15,0.536,2,0.4,0.136,variable
109,163,15,0.536,2,0.4,0.136,variable
118,148,13,0.464,3,0.6,-0.136,variable
238,242,15,0.536,2,0.4,0.136,variable
304,308,13,0.464,3,0.6,-0.136,variable
67,70,2,0.071,1,0.2,-0.129,variable
239,244,26,0.929,4,0.8,0.129,conserved
288,292,26,0.929,4,0.8,0.129,conserved
297,326,26,0.929,4,0.8,0.129,conserved
144,148,19,0.679,4,0.8,-0.121,conserved
107,183,20,0.714,3,0.6,0.114,conserved
79,82,3,0.107,0,0.0,0.107,variable
82,86,3,0.107,0,0.0,0.107,variable
96,101,3,0.107,0,0.0,0.107,variable
104,183,3,0.107,0,0.0,0.107,variable
153,295,25,0.893,5,1.0,-0.107,conserved
154,238,25,0.893,5,1.0,-0.107,conserved
196,199,3,0.107,0,0.0,0.107,variable
204,208,3,0.107,0,0.0,0.107,variable
240,245,3,0.107,0,0.0,0.107,variable
295,298,25,0.893,5,1.0,-0.107,conserved
300,304,25,0.893,5,1.0,-0.107,conserved
302,320,25,0.893,5,1.0,-0.107,conserved
71,131,3,0.107,1,0.2,-0.093,variable
112,160,25,0.893,4,0.8,0.093,conserved
70,131,8,0.286,1,0.2,0.086,variable
203,207,8,0.286,1,0.2,0.086,variable
223,234,20,0.714,4,0.8,-0.086,conserved
110,114,9,0.321,2,0.4,-0.079,variable
65,70,2,0.071,0,0.0,0.071,variable
69,73,2,0.071,0,0.0,0.071,variable
73,76,2,0.071,0,0.0,0.071,variable
75,79,2,0.071,0,0.0,0.071,variable
91,335,26,0.929,5,1.0,-0.071,conserved
119,153,2,0.071,0,0.0,0.071,variable
125,137,26,0.929,5,1.0,-0.071,conserved
128,137,26,0.929,5,1.0,-0.071,conserved
157,160,2,0.071,0,0.0,0.071,variable
158,249,2,0.071,0,0.0,0.071,variable
165,180,2,0.071,0,0.0,0.071,variable
196,241,2,0.071,0,0.0,0.071,variable
221,230,2,0.071,0,0.0,0.071,variable
230,234,2,0.071,0,0.0,0.071,variable
243,291,2,0.071,0,0.0,0.071,variable
245,248,2,0.071,0,0.0,0.071,variable
283,337,2,0.071,0,0.0,0.071,variable
318,322,2,0.071,0,0.0,0.071,variable
94,345,24,0.857,4,0.8,0.057,conserved
95,345,24,0.857,4,0.8,0.057,conserved
85,117,7,0.25,1,0.2,0.05,variable
114,118,21,0.75,4,0.8,-0.05,conserved
298,302,21,0.75,4,0.8,-0.05,conserved
303,307,21,0.75,4,0.8,-0.05,conserved
69,318,1,0.036,0,0.0,0.036,variable
82,85,1,0.036,0,0.0,0.036,variable
92,110,27,0.964,5,1.0,-0.036,conserved
94,352,1,0.036,0,0.0,0.036,variable
125,135,27,0.964,5,1.0,-0.036,conserved
128,131,1,0.036,0,0.0,0.036,variable
128,135,1,0.036,0,0.0,0.036,variable
146,204,27,0.964,5,1.0,-0.036,conserved
154,157,1,0.036,0,0.0,0.036,variable
203,206,1,0.036,0,0.0,0.036,variable
223,228,1,0.036,0,0.0,0.036,variable
233,236,1,0.036,0,0.0,0.036,variable
243,292,1,0.036,0,0.0,0.036,variable
248,252,1,0.036,0,0.0,0.036,variable
250,287,1,0.036,0,0.0,0.036,variable
290,293,1,0.036,0,0.0,0.036,variable
320,324,27,0.964,5,1.0,-0.036,conserved
322,325,1,0.036,0,0.0,0.036,variable
349,352,1,0.036,0,0.0,0.036,variable
140,144,16,0.571,3,0.6,-0.029,conserved
256,259,12,0.429,2,0.4,0.029,variable
91,95,23,0.821,4,0.8,0.021,conserved
191,195,23,0.821,4,0.8,0.021,conserved
290,333,23,0.821,4,0.8,0.021,conserved
153,238,22,0.786,4,0.8,-0.014,conserved
157,242,22,0.786,4,0.8,-0.014,conserved
207,230,6,0.214,1,0.2,0.014,variable
207,234,6,0.214,1,0.2,0.014,variable
96,110,17,0.607,3,0.6,0.007,conserved
169,180,17,0.607,3,0.6,0.007,conserved
91,109,28,1.0,5,1.0,0.0,conserved
91,113,28,1.0,5,1.0,0.0,conserved
95,110,28,1.0,5,1.0,0.0,conserved
137,141,28,1.0,5,1.0,0.0,conserved
154,200,28,1.0,5,1.0,0.0,conserved
157,246,28,1.0,5,1.0,0.0,conserved
160,291,28,1.0,5,1.0,0.0,conserved
171,261,28,1.0,5,1.0,0.0,conserved
239,243,28,1.0,5,1.0,0.0,conserved
291,295,28,1.0,5,1.0,0.0,conserved
298,324,28,1.0,5,1.0,0.0,conserved
