res1_num,res1_name,res1_atom,res2_num,res2_name,res2_atom,distance,hb_type
69,LEU,N,67,LEU,O,3.146,bb-bb
70,ALA,N,67,LEU,O,2.866,bb-bb
71,ILE,N,67,LEU,O,2.945,bb-bb
70,ALA,N,68,ALA,O,3.473,bb-bb
71,ILE,N,68,ALA,O,3.354,bb-bb
72,ALA,N,68,ALA,O,2.793,bb-bb
71,ILE,N,69,LEU,O,3.407,bb-bb
72,ALA,N,69,LEU,O,3.059,bb-bb
73,ILE,N,69,LEU,O,2.651,bb-bb
72,ALA,N,70,ALA,O,3.491,bb-bb
73,ILE,N,70,ALA,O,3.346,bb-bb
74,THR,N,70,ALA,O,2.699,bb-bb
74,THR,OG1,70,ALA,O,2.496,bb-sc
73,ILE,N,71,ILE,O,3.462,bb-bb
74,THR,N,71,ILE,O,3.211,bb-bb
75,ALA,N,71,ILE,O,2.597,bb-bb
75,ALA,N,72,ALA,O,3.324,bb-bb
76,LEU,N,72,ALA,O,2.794,bb-bb
75,ALA,N,73,ILE,O,3.452,bb-bb
76,LEU,N,73,ILE,O,3.287,bb-bb
77,TYR,N,73,ILE,O,2.964,bb-bb
76,LEU,N,74,THR,O,3.49,bb-bb
77,TYR,N,74,THR,O,3.183,bb-bb
78,SER,N,74,THR,O,2.762,bb-bb
78,SER,OG,74,THR,O,2.935,bb-sc
127,SER,OG,74,THR,O,3.303,bb-sc
77,TYR,N,75,ALA,O,3.263,bb-bb
78,SER,N,75,ALA,O,3.031,bb-bb
79,ILE,N,75,ALA,O,2.772,bb-bb
80,VAL,N,76,LEU,O,3.259,bb-bb
80,VAL,N,77,TYR,O,3.488,bb-bb
81,CYS,N,77,TYR,O,2.878,bb-bb
77,TYR,OH,321,HIS,O,3.25,bb-sc
77,TYR,OH,321,HIS,ND1,3.166,sc-sc
321,HIS,ND1,77,TYR,OH,3.166,sc-sc
80,VAL,N,78,SER,O,3.276,bb-bb
81,CYS,N,78,SER,O,2.83,bb-bb
82,VAL,N,78,SER,O,2.662,bb-bb
81,CYS,N,79,ILE,O,3.298,bb-bb
82,VAL,N,79,ILE,O,3.206,bb-bb
83,VAL,N,79,ILE,O,2.725,bb-bb
84,GLY,N,80,VAL,O,2.909,bb-bb
83,VAL,N,81,CYS,O,3.439,bb-bb
84,GLY,N,81,CYS,O,3.224,bb-bb
85,LEU,N,81,CYS,O,2.865,bb-bb
120,THR,OG1,81,CYS,O,3.324,bb-sc
84,GLY,N,82,VAL,O,3.442,bb-bb
86,PHE,N,82,VAL,O,2.906,bb-bb
85,LEU,N,83,VAL,O,3.497,bb-bb
87,GLY,N,83,VAL,O,2.872,bb-bb
88,ASN,N,84,GLY,O,2.92,bb-bb
88,ASN,ND2,84,GLY,O,2.419,bb-sc
87,GLY,N,85,LEU,O,3.385,bb-bb
88,ASN,N,85,LEU,O,3.286,bb-bb
89,PHE,N,85,LEU,O,2.705,bb-bb
90,LEU,N,86,PHE,O,3.052,bb-bb
90,LEU,N,87,GLY,O,3.449,bb-bb
91,VAL,N,87,GLY,O,3.067,bb-bb
90,LEU,N,88,ASN,O,3.368,bb-bb
91,VAL,N,88,ASN,O,3.141,bb-bb
92,MET,N,88,ASN,O,2.925,bb-bb
88,ASN,ND2,331,SER,O,3.05,bb-sc
91,VAL,N,89,PHE,O,3.482,bb-bb
92,MET,N,89,PHE,O,3.429,bb-bb
93,TYR,N,89,PHE,O,2.78,bb-bb
92,MET,N,90,LEU,O,3.494,bb-bb
93,TYR,N,90,LEU,O,3.245,bb-bb
94,VAL,N,90,LEU,O,2.888,bb-bb
93,TYR,N,91,VAL,O,3.41,bb-bb
94,VAL,N,91,VAL,O,3.342,bb-bb
95,ILE,N,91,VAL,O,2.91,bb-bb
95,ILE,N,92,MET,O,3.294,bb-bb
96,VAL,N,92,MET,O,2.824,bb-bb
95,ILE,N,93,TYR,O,3.335,bb-bb
96,VAL,N,93,TYR,O,3.227,bb-bb
97,ARG,N,93,TYR,O,3.066,bb-bb
97,ARG,NH1,93,TYR,OH,3.325,sc-sc
96,VAL,N,94,VAL,O,3.498,bb-bb
97,ARG,N,94,VAL,O,3.452,bb-bb
98,TYR,N,94,VAL,O,2.64,bb-bb
99,THR,N,94,VAL,O,2.879,bb-bb
97,ARG,N,95,ILE,O,3.375,bb-bb
100,LYS,N,95,ILE,O,3.269,bb-bb
100,LYS,NZ,97,ARG,O,2.728,bb-sc
100,LYS,N,98,TYR,O,3.249,bb-bb
106,ASN,ND2,99,THR,O,3.314,bb-sc
102,LYS,N,100,LYS,O,2.872,bb-bb
106,ASN,ND2,100,LYS,O,2.688,bb-sc
105,THR,N,103,THR,O,3.271,bb-bb
105,THR,N,103,THR,OG1,3.349,bb-sc
103,THR,OG1,106,ASN,OD1,3.479,sc-sc
106,ASN,N,103,THR,O,3.285,bb-bb
106,ASN,N,103,THR,OG1,3.016,bb-sc
107,ILE,N,103,THR,O,3.265,bb-bb
106,ASN,N,104,ALA,O,3.426,bb-bb
107,ILE,N,104,ALA,O,3.157,bb-bb
108,TYR,N,104,ALA,O,3.057,bb-bb
107,ILE,N,105,THR,O,3.177,bb-bb
108,TYR,N,105,THR,O,2.98,bb-bb
109,ILE,N,105,THR,O,2.685,bb-bb
108,TYR,N,106,ASN,O,3.48,bb-bb
109,ILE,N,106,ASN,O,3.204,bb-bb
110,PHE,N,106,ASN,O,2.688,bb-bb
110,PHE,N,107,ILE,O,3.481,bb-bb
111,ASN,N,107,ILE,O,2.883,bb-bb
190,ASN,ND2,107,ILE,O,2.895,bb-sc
110,PHE,N,108,TYR,O,3.432,bb-bb
111,ASN,N,108,TYR,O,3.199,bb-bb
112,LEU,N,108,TYR,O,2.669,bb-bb
111,ASN,N,109,ILE,O,3.422,bb-bb
112,LEU,N,109,ILE,O,3.296,bb-bb
113,ALA,N,109,ILE,O,2.762,bb-bb
113,ALA,N,110,PHE,O,3.345,bb-bb
114,LEU,N,110,PHE,O,2.739,bb-bb
113,ALA,N,111,ASN,O,3.426,bb-bb
114,LEU,N,111,ASN,O,3.27,bb-bb
115,ALA,N,111,ASN,O,2.732,bb-bb
111,ASN,ND2,159,THR,OG1,3.055,sc-sc
111,ASN,ND2,190,ASN,OD1,2.919,sc-sc
194,TRP,NE1,111,ASN,OD1,2.676,sc-sc
114,LEU,N,112,LEU,O,3.498,bb-bb
115,ALA,N,112,LEU,O,3.449,bb-bb
116,ASP,N,112,LEU,O,2.694,bb-bb
116,ASP,N,113,ALA,O,3.403,bb-bb
117,ALA,N,113,ALA,O,2.719,bb-bb
116,ASP,N,114,LEU,O,3.435,bb-bb
117,ALA,N,114,LEU,O,3.281,bb-bb
118,LEU,N,114,LEU,O,2.851,bb-bb
117,ALA,N,115,ALA,O,3.481,bb-bb
118,LEU,N,115,ALA,O,3.373,bb-bb
119,ALA,N,115,ALA,O,2.847,bb-bb
156,SER,OG,115,ALA,O,3.429,bb-sc
119,ALA,N,116,ASP,O,3.364,bb-bb
120,THR,N,116,ASP,O,2.965,bb-bb
116,ASP,N,156,SER,OG,3.466,bb-sc
156,SER,OG,116,ASP,OD1,3.029,sc-sc
331,SER,OG,116,ASP,OD1,2.886,sc-sc
334,ASN,ND2,116,ASP,OD1,2.959,sc-sc
334,ASN,ND2,116,ASP,OD2,3.082,sc-sc
119,ALA,N,117,ALA,O,3.44,bb-bb
120,THR,N,117,ALA,O,3.257,bb-bb
121,SER,N,117,ALA,O,2.866,bb-bb
120,THR,N,118,LEU,O,3.414,bb-bb
121,SER,N,118,LEU,O,3.198,bb-bb
121,SER,OG,118,LEU,O,2.591,bb-sc
121,SER,N,119,ALA,O,3.397,bb-bb
122,THR,N,119,ALA,O,3.386,bb-bb
122,THR,OG1,119,ALA,O,2.403,bb-sc
122,THR,N,120,THR,O,3.484,bb-bb
123,LEU,N,120,THR,O,3.395,bb-bb
123,LEU,N,121,SER,O,3.492,bb-bb
125,PHE,N,122,THR,O,3.397,bb-bb
126,GLN,N,122,THR,O,3.217,bb-bb
122,THR,OG1,149,ASP,OD2,3.477,sc-sc
125,PHE,N,123,LEU,O,3.362,bb-bb
126,GLN,N,123,LEU,O,3.27,bb-bb
127,SER,N,123,LEU,O,2.581,bb-bb
127,SER,N,124,PRO,O,3.231,bb-bb
128,VAL,N,124,PRO,O,2.846,bb-bb
127,SER,N,125,PHE,O,3.487,bb-bb
128,VAL,N,125,PHE,O,3.409,bb-bb
129,ASN,N,125,PHE,O,2.78,bb-bb
129,ASN,N,126,GLN,O,3.303,bb-bb
130,TYR,N,126,GLN,O,3.036,bb-bb
130,TYR,N,127,SER,O,3.384,bb-bb
131,LEU,N,127,SER,O,3.116,bb-bb
130,TYR,N,128,VAL,O,3.02,bb-bb
131,LEU,N,128,VAL,O,3.315,bb-bb
132,MET,N,128,VAL,O,3.325,bb-bb
135,TRP,N,129,ASN,OD1,3.218,bb-sc
132,MET,N,130,TYR,O,3.429,bb-bb
133,GLY,N,130,TYR,O,3.412,bb-bb
134,THR,N,132,MET,O,3.237,bb-bb
134,THR,OG1,217,ILE,O,3.424,bb-sc
217,ILE,N,134,THR,OG1,3.018,bb-sc
137,PHE,N,135,TRP,O,3.464,bb-bb
135,TRP,NE1,138,GLY,O,2.83,bb-sc
135,TRP,N,217,ILE,O,2.853,bb-bb
142,CYS,N,138,GLY,O,3.386,bb-bb
141,LEU,N,139,ASN,O,3.417,bb-bb
142,CYS,N,139,ASN,O,3.146,bb-bb
143,LYS,N,139,ASN,O,3.25,bb-bb
210,THR,N,139,ASN,OD1,3.016,bb-sc
142,CYS,N,140,ILE,O,3.294,bb-bb
143,LYS,N,140,ILE,O,3.21,bb-bb
144,ILE,N,140,ILE,O,3.244,bb-bb
143,LYS,N,141,LEU,O,3.31,bb-bb
144,ILE,N,141,LEU,O,2.914,bb-bb
145,VAL,N,141,LEU,O,2.605,bb-bb
144,ILE,N,142,CYS,O,3.361,bb-bb
145,VAL,N,142,CYS,O,3.425,bb-bb
146,ILE,N,142,CYS,O,3.086,bb-bb
210,THR,OG1,142,CYS,SG,3.439,sc-sc
147,SER,N,143,LYS,O,3.067,bb-bb
143,LYS,NZ,205,MET,O,3.424,bb-sc
143,LYS,NZ,206,PHE,O,3.167,bb-sc
143,LYS,NZ,208,ALA,O,3.408,bb-sc
146,ILE,N,144,ILE,O,3.071,bb-bb
147,SER,N,144,ILE,O,3.199,bb-bb
148,ILE,N,144,ILE,O,2.771,bb-bb
149,ASP,N,145,VAL,O,3.353,bb-bb
150,TYR,N,146,ILE,O,2.91,bb-bb
150,TYR,N,147,SER,O,3.401,bb-bb
151,TYR,N,147,SER,O,2.581,bb-bb
147,SER,OG,201,GLY,O,2.839,bb-sc
151,TYR,N,148,ILE,O,3.414,bb-bb
152,ASN,N,148,ILE,O,2.709,bb-bb
152,ASN,ND2,148,ILE,O,2.711,bb-sc
151,TYR,N,149,ASP,O,3.234,bb-bb
152,ASN,N,149,ASP,O,3.262,bb-bb
153,MET,N,149,ASP,O,2.985,bb-bb
328,TYR,OH,149,ASP,OD1,2.549,sc-sc
328,TYR,OH,149,ASP,OD2,2.314,sc-sc
154,PHE,N,150,TYR,O,3.397,bb-bb
154,PHE,N,151,TYR,O,3.337,bb-bb
155,THR,N,151,TYR,O,2.883,bb-bb
155,THR,OG1,151,TYR,O,2.906,bb-sc
151,TYR,OH,194,TRP,O,2.573,bb-sc
156,SER,N,152,ASN,O,2.898,bb-bb
156,SER,OG,152,ASN,O,2.621,bb-sc
155,THR,N,153,MET,O,3.439,bb-bb
156,SER,N,153,MET,O,3.348,bb-bb
157,ILE,N,153,MET,O,2.784,bb-bb
158,PHE,N,154,PHE,O,2.842,bb-bb
157,ILE,N,155,THR,O,3.469,bb-bb
158,PHE,N,155,THR,O,3.451,bb-bb
159,THR,N,155,THR,O,2.913,bb-bb
159,THR,OG1,155,THR,O,2.46,bb-sc
193,ASN,ND2,155,THR,O,2.74,bb-sc
155,THR,N,197,SER,OG,3.423,bb-sc
155,THR,OG1,197,SER,OG,3.227,sc-sc
197,SER,OG,155,THR,OG1,3.227,sc-sc
159,THR,N,156,SER,O,3.46,bb-bb
160,LEU,N,156,SER,O,3.169,bb-bb
159,THR,N,157,ILE,O,3.358,bb-bb
160,LEU,N,157,ILE,O,3.162,bb-bb
161,CYS,N,157,ILE,O,2.788,bb-bb
161,CYS,N,158,PHE,O,3.446,bb-bb
162,THR,N,158,PHE,O,2.784,bb-bb
161,CYS,N,159,THR,O,3.415,bb-bb
162,THR,N,159,THR,O,3.134,bb-bb
163,MET,N,159,THR,O,2.62,bb-bb
193,ASN,ND2,159,THR,OG1,2.843,sc-sc
162,THR,N,160,LEU,O,3.449,bb-bb
163,MET,N,160,LEU,O,3.345,bb-bb
164,SER,N,160,LEU,O,2.794,bb-bb
165,VAL,N,161,CYS,O,3.038,bb-bb
164,SER,N,162,THR,O,3.351,bb-bb
165,VAL,N,162,THR,O,3.282,bb-bb
166,ASP,N,162,THR,O,2.615,bb-bb
167,ARG,N,163,MET,O,3.082,bb-bb
166,ASP,N,164,SER,O,3.426,bb-bb
167,ARG,N,164,SER,O,3.292,bb-bb
168,TYR,N,164,SER,O,2.852,bb-bb
168,TYR,N,165,VAL,O,3.255,bb-bb
169,ILE,N,165,VAL,O,2.883,bb-bb
168,TYR,N,166,ASP,O,3.418,bb-bb
170,ALA,N,166,ASP,O,3.058,bb-bb
181,ARG,NE,166,ASP,O,3.432,bb-sc
181,ARG,NE,166,ASP,OD1,2.924,sc-sc
181,ARG,NE,166,ASP,OD2,3.321,sc-sc
181,ARG,NH2,166,ASP,OD2,2.869,sc-sc
171,VAL,N,167,ARG,O,3.419,bb-bb
167,ARG,NH1,254,TYR,OH,3.356,sc-sc
170,ALA,N,168,TYR,O,3.457,bb-bb
171,VAL,N,168,TYR,O,3.297,bb-bb
172,CYS,N,168,TYR,O,2.765,bb-bb
168,TYR,OH,173,HIS,NE2,3.493,sc-sc
173,HIS,NE2,168,TYR,OH,3.493,sc-sc
171,VAL,N,169,ILE,O,3.317,bb-bb
173,HIS,N,169,ILE,O,2.912,bb-bb
174,PRO,N,169,ILE,O,3.409,bb-bb
175,VAL,N,173,HIS,O,3.195,bb-bb
176,LYS,N,173,HIS,O,3.134,bb-bb
177,ALA,N,173,HIS,O,2.602,bb-bb
177,ALA,N,174,PRO,O,3.318,bb-bb
178,LEU,N,174,PRO,O,3.432,bb-bb
177,ALA,N,175,VAL,O,3.439,bb-bb
178,LEU,N,175,VAL,O,3.462,bb-bb
178,LEU,N,176,LYS,O,3.233,bb-bb
179,ASP,N,176,LYS,O,3.119,bb-bb
180,PHE,N,176,LYS,O,3.092,bb-bb
179,ASP,N,177,ALA,O,3.385,bb-bb
180,PHE,N,177,ALA,O,3.223,bb-bb
181,ARG,N,177,ALA,O,2.557,bb-bb
182,THR,N,180,PHE,O,3.101,bb-bb
184,ARG,N,182,THR,O,3.226,bb-bb
182,THR,OG1,185,ASN,OD1,2.652,sc-sc
185,ASN,N,182,THR,O,3.183,bb-bb
185,ASN,N,182,THR,OG1,3.243,bb-sc
186,ALA,N,182,THR,O,3.243,bb-bb
185,ASN,N,183,PRO,O,3.431,bb-bb
186,ALA,N,183,PRO,O,3.215,bb-bb
187,LYS,N,183,PRO,O,3.011,bb-bb
187,LYS,NZ,183,PRO,O,3.393,bb-sc
186,ALA,N,184,ARG,O,3.39,bb-bb
187,LYS,N,184,ARG,O,3.079,bb-bb
188,ILE,N,184,ARG,O,2.973,bb-bb
187,LYS,N,185,ASN,O,3.33,bb-bb
188,ILE,N,185,ASN,O,3.038,bb-bb
189,VAL,N,185,ASN,O,2.76,bb-bb
190,ASN,N,186,ALA,O,2.996,bb-bb
190,ASN,N,187,LYS,O,3.448,bb-bb
191,VAL,N,187,LYS,O,3.021,bb-bb
190,ASN,N,188,ILE,O,3.177,bb-bb
191,VAL,N,188,ILE,O,3.11,bb-bb
192,CYS,N,188,ILE,O,2.779,bb-bb
192,CYS,N,189,VAL,O,3.367,bb-bb
193,ASN,N,189,VAL,O,2.833,bb-bb
192,CYS,N,190,ASN,O,3.349,bb-bb
193,ASN,N,190,ASN,O,2.963,bb-bb
194,TRP,N,190,ASN,O,3.14,bb-bb
193,ASN,N,191,VAL,O,3.352,bb-bb
194,TRP,N,191,VAL,O,3.158,bb-bb
195,ILE,N,191,VAL,O,2.813,bb-bb
195,ILE,N,192,CYS,O,3.378,bb-bb
196,LEU,N,192,CYS,O,2.852,bb-bb
195,ILE,N,193,ASN,O,3.334,bb-bb
196,LEU,N,193,ASN,O,3.323,bb-bb
197,SER,N,193,ASN,O,2.832,bb-bb
197,SER,OG,193,ASN,O,2.72,bb-sc
197,SER,OG,193,ASN,OD1,2.869,sc-sc
197,SER,N,194,TRP,O,3.372,bb-bb
198,SER,N,194,TRP,O,3.283,bb-bb
197,SER,N,195,ILE,O,3.205,bb-bb
198,SER,N,195,ILE,O,2.792,bb-bb
198,SER,OG,195,ILE,O,2.433,bb-sc
198,SER,N,196,LEU,O,2.954,bb-bb
199,ALA,N,196,LEU,O,2.726,bb-bb
201,GLY,N,197,SER,O,3.047,bb-bb
200,ILE,N,198,SER,O,3.127,bb-bb
202,LEU,N,198,SER,O,2.987,bb-bb
202,LEU,N,200,ILE,O,3.474,bb-bb
204,VAL,N,200,ILE,O,2.886,bb-bb
204,VAL,N,201,GLY,O,3.323,bb-bb
205,MET,N,201,GLY,O,2.709,bb-bb
204,VAL,N,202,LEU,O,3.208,bb-bb
205,MET,N,202,LEU,O,2.898,bb-bb
206,PHE,N,202,LEU,O,2.939,bb-bb
205,MET,N,203,PRO,O,3.443,bb-bb
206,PHE,N,203,PRO,O,3.354,bb-bb
207,MET,N,203,PRO,O,3.008,bb-bb
206,PHE,N,204,VAL,O,3.461,bb-bb
207,MET,N,204,VAL,O,3.297,bb-bb
208,ALA,N,204,VAL,O,2.75,bb-bb
207,MET,N,205,MET,O,3.487,bb-bb
209,THR,N,207,MET,O,2.789,bb-bb
222,THR,N,207,MET,O,2.804,bb-bb
209,THR,N,220,THR,O,3.341,bb-bb
209,THR,OG1,222,THR,OG1,2.812,sc-sc
222,THR,OG1,209,THR,OG1,2.812,sc-sc
211,LYS,N,218,ASP,O,2.964,bb-bb
218,ASP,N,211,LYS,O,2.816,bb-bb
215,GLY,N,213,ARG,O,3.079,bb-bb
213,ARG,N,216,SER,O,2.807,bb-bb
216,SER,N,213,ARG,O,2.841,bb-bb
216,SER,N,214,GLN,O,3.278,bb-bb
226,PRO,N,224,SER,O,3.395,bb-bb
227,THR,N,224,SER,O,3.406,bb-bb
228,TRP,N,226,PRO,O,3.357,bb-bb
229,TYR,N,226,PRO,O,3.257,bb-bb
229,TYR,N,227,THR,O,3.491,bb-bb
231,GLU,N,227,THR,O,3.145,bb-bb
232,ASN,N,228,TRP,O,3.058,bb-bb
232,ASN,ND2,228,TRP,O,3.24,bb-sc
233,LEU,N,229,TYR,O,2.969,bb-bb
232,ASN,N,230,TRP,O,3.468,bb-bb
233,LEU,N,230,TRP,O,3.334,bb-bb
234,LEU,N,230,TRP,O,2.968,bb-bb
235,LYS,N,231,GLU,O,3.282,bb-bb
234,LEU,N,232,ASN,O,3.387,bb-bb
235,LYS,N,232,ASN,O,3.125,bb-bb
236,ILE,N,232,ASN,O,2.614,bb-bb
236,ILE,N,233,LEU,O,3.432,bb-bb
237,CYS,N,233,LEU,O,2.804,bb-bb
236,ILE,N,234,LEU,O,3.418,bb-bb
237,CYS,N,234,LEU,O,3.275,bb-bb
238,VAL,N,234,LEU,O,2.629,bb-bb
238,VAL,N,235,LYS,O,3.296,bb-bb
239,PHE,N,235,LYS,O,2.716,bb-bb
238,VAL,N,236,ILE,O,3.476,bb-bb
239,PHE,N,236,ILE,O,2.986,bb-bb
240,ILE,N,236,ILE,O,2.744,bb-bb
239,PHE,N,237,CYS,O,3.342,bb-bb
240,ILE,N,237,CYS,O,3.404,bb-bb
241,PHE,N,237,CYS,O,2.906,bb-bb
242,ALA,N,238,VAL,O,3.26,bb-bb
299,HIS,NE2,238,VAL,O,3.261,bb-sc
243,PHE,N,239,PHE,O,3.213,bb-bb
244,ILE,N,239,PHE,O,2.946,bb-bb
244,ILE,N,240,ILE,O,3.15,bb-bb
245,MET,N,240,ILE,O,2.601,bb-bb
247,VAL,N,243,PHE,O,2.905,bb-bb
246,PRO,N,244,ILE,O,3.336,bb-bb
247,VAL,N,244,ILE,O,3.194,bb-bb
248,LEU,N,244,ILE,O,2.945,bb-bb
248,LEU,N,245,MET,O,3.452,bb-bb
249,ILE,N,245,MET,O,2.947,bb-bb
248,LEU,N,246,PRO,O,3.348,bb-bb
249,ILE,N,246,PRO,O,3.168,bb-bb
250,ILE,N,246,PRO,O,2.633,bb-bb
249,ILE,N,247,VAL,O,3.453,bb-bb
250,ILE,N,247,VAL,O,3.452,bb-bb
251,THR,N,247,VAL,O,2.739,bb-bb
251,THR,OG1,247,VAL,O,2.615,bb-sc
252,VAL,N,248,LEU,O,2.832,bb-bb
251,THR,N,249,ILE,O,3.335,bb-bb
252,VAL,N,249,ILE,O,3.369,bb-bb
253,CYS,N,249,ILE,O,2.745,bb-bb
254,TYR,N,250,ILE,O,3.038,bb-bb
255,GLY,N,251,THR,O,2.725,bb-bb
255,GLY,N,252,VAL,O,3.436,bb-bb
256,LEU,N,252,VAL,O,2.831,bb-bb
257,MET,N,253,CYS,O,2.883,bb-bb
257,MET,N,254,TYR,O,3.176,bb-bb
258,ILE,N,254,TYR,O,2.932,bb-bb
257,MET,N,255,GLY,O,3.312,bb-bb
258,ILE,N,255,GLY,O,3.276,bb-bb
259,LEU,N,255,GLY,O,3.198,bb-bb
259,LEU,N,256,LEU,O,3.342,bb-bb
260,ARG,N,256,LEU,O,3.21,bb-bb
259,LEU,N,257,MET,O,3.36,bb-bb
260,ARG,N,257,MET,O,3.255,bb-bb
261,LEU,N,257,MET,O,2.991,bb-bb
260,ARG,N,258,ILE,O,3.443,bb-bb
261,LEU,N,258,ILE,O,3.187,bb-bb
262,LYS,N,258,ILE,O,2.868,bb-bb
262,LYS,N,259,LEU,O,3.32,bb-bb
262,LYS,N,260,ARG,O,3.18,bb-bb
263,SER,N,260,ARG,O,2.916,bb-bb
263,SER,OG,260,ARG,O,2.991,bb-sc
264,VAL,N,260,ARG,O,3.432,bb-bb
263,SER,N,261,LEU,O,3.119,bb-bb
264,VAL,N,261,LEU,O,3.312,bb-bb
266,MET,N,264,VAL,O,3.316,bb-bb
267,LEU,N,264,VAL,O,3.259,bb-bb
268,SER,N,264,VAL,O,3.141,bb-bb
267,LEU,N,265,ARG,O,3.308,bb-bb
273,LYS,NZ,265,ARG,O,2.509,bb-sc
273,LYS,NZ,268,SER,O,2.597,bb-sc
272,GLU,N,270,SER,OG,3.419,bb-sc
274,ASP,N,270,SER,O,2.995,bb-bb
273,LYS,N,271,LYS,O,3.449,bb-bb
274,ASP,N,271,LYS,O,3.188,bb-bb
275,ARG,N,271,LYS,O,2.978,bb-bb
274,ASP,N,272,GLU,O,3.391,bb-bb
275,ARG,N,272,GLU,O,2.914,bb-bb
276,ASN,N,272,GLU,O,3.084,bb-bb
275,ARG,N,273,LYS,O,3.284,bb-bb
276,ASN,N,273,LYS,O,3.022,bb-bb
277,LEU,N,273,LYS,O,2.958,bb-bb
276,ASN,N,274,ASP,O,3.421,bb-bb
277,LEU,N,274,ASP,O,3.21,bb-bb
278,ARG,N,274,ASP,O,2.852,bb-bb
279,ARG,N,275,ARG,O,3.086,bb-bb
278,ARG,N,276,ASN,O,3.374,bb-bb
279,ARG,N,276,ASN,O,3.006,bb-bb
279,ARG,NH1,276,ASN,OD1,3.118,sc-sc
280,ILE,N,276,ASN,O,2.829,bb-bb
279,ARG,N,277,LEU,O,3.365,bb-bb
280,ILE,N,277,LEU,O,3.253,bb-bb
281,THR,N,277,LEU,O,2.805,bb-bb
281,THR,OG1,277,LEU,O,2.735,bb-sc
281,THR,N,278,ARG,O,3.43,bb-bb
282,ARG,N,278,ARG,O,2.803,bb-bb
281,THR,N,279,ARG,O,3.48,bb-bb
282,ARG,N,279,ARG,O,3.352,bb-bb
283,MET,N,279,ARG,O,2.968,bb-bb
279,ARG,NE,343,GLU,OE2,3.371,sc-sc
282,ARG,N,280,ILE,O,3.448,bb-bb
283,MET,N,280,ILE,O,3.189,bb-bb
284,VAL,N,280,ILE,O,2.887,bb-bb
283,MET,N,281,THR,O,3.344,bb-bb
284,VAL,N,281,THR,O,3.149,bb-bb
285,LEU,N,281,THR,O,2.762,bb-bb
284,VAL,N,282,ARG,O,3.453,bb-bb
285,LEU,N,282,ARG,O,3.388,bb-bb
286,VAL,N,282,ARG,O,2.831,bb-bb
285,LEU,N,283,MET,O,3.482,bb-bb
286,VAL,N,283,MET,O,3.246,bb-bb
287,VAL,N,283,MET,O,3.005,bb-bb
286,VAL,N,284,VAL,O,3.365,bb-bb
287,VAL,N,284,VAL,O,3.372,bb-bb
288,VAL,N,284,VAL,O,3.154,bb-bb
288,VAL,N,285,LEU,O,3.472,bb-bb
289,ALA,N,285,LEU,O,2.628,bb-bb
289,ALA,N,286,VAL,O,3.332,bb-bb
290,VAL,N,286,VAL,O,2.697,bb-bb
289,ALA,N,287,VAL,O,3.448,bb-bb
290,VAL,N,287,VAL,O,3.448,bb-bb
291,PHE,N,287,VAL,O,3.023,bb-bb
290,VAL,N,288,VAL,O,3.432,bb-bb
291,PHE,N,288,VAL,O,3.29,bb-bb
292,ILE,N,288,VAL,O,2.889,bb-bb
291,PHE,N,289,ALA,O,3.43,bb-bb
292,ILE,N,289,ALA,O,3.266,bb-bb
293,VAL,N,289,ALA,O,2.791,bb-bb
292,ILE,N,290,VAL,O,3.436,bb-bb
293,VAL,N,290,VAL,O,3.318,bb-bb
294,CYS,N,290,VAL,O,2.788,bb-bb
294,CYS,N,291,PHE,O,3.45,bb-bb
295,TRP,N,291,PHE,O,2.972,bb-bb
294,CYS,N,292,ILE,O,3.408,bb-bb
296,THR,N,292,ILE,O,3.072,bb-bb
296,THR,OG1,292,ILE,O,2.533,bb-sc
327,GLY,N,294,CYS,O,3.209,bb-bb
297,PRO,N,295,TRP,O,3.235,bb-bb
298,ILE,N,295,TRP,O,3.179,bb-bb
299,HIS,N,295,TRP,O,2.98,bb-bb
299,HIS,ND1,295,TRP,O,3.124,bb-sc
298,ILE,N,296,THR,O,3.25,bb-bb
299,HIS,N,296,THR,O,3.217,bb-bb
300,ILE,N,296,THR,O,2.931,bb-bb
301,TYR,N,297,PRO,O,2.953,bb-bb
300,ILE,N,298,ILE,O,3.383,bb-bb
301,TYR,N,298,ILE,O,3.263,bb-bb
302,VAL,N,298,ILE,O,2.802,bb-bb
303,ILE,N,299,HIS,O,3.133,bb-bb
302,VAL,N,300,ILE,O,3.33,bb-bb
303,ILE,N,300,ILE,O,3.0,bb-bb
304,ILE,N,300,ILE,O,2.745,bb-bb
303,ILE,N,301,TYR,O,3.423,bb-bb
304,ILE,N,301,TYR,O,3.352,bb-bb
305,LYS,N,301,TYR,O,2.924,bb-bb
301,TYR,OH,316,GLN,O,2.776,bb-sc
301,TYR,OH,316,GLN,NE2,3.261,sc-sc
316,GLN,NE2,301,TYR,OH,3.261,sc-sc
301,TYR,OH,319,SER,OG,3.068,sc-sc
319,SER,OG,301,TYR,OH,3.068,sc-sc
306,ALA,N,302,VAL,O,3.049,bb-bb
306,ALA,N,303,ILE,O,3.312,bb-bb
307,LEU,N,303,ILE,O,3.139,bb-bb
306,ALA,N,304,ILE,O,3.404,bb-bb
307,LEU,N,304,ILE,O,3.083,bb-bb
308,ILE,N,304,ILE,O,2.9,bb-bb
307,LEU,N,305,LYS,O,3.218,bb-bb
305,LYS,NZ,316,GLN,NE2,3.163,sc-sc
310,ILE,N,308,ILE,O,3.444,bb-bb
312,GLU,N,310,ILE,O,3.395,bb-bb
313,THR,N,311,PRO,O,3.352,bb-bb
315,PHE,N,313,THR,O,3.149,bb-bb
316,GLN,N,313,THR,O,3.378,bb-bb
316,GLN,N,313,THR,OG1,3.224,bb-sc
317,THR,N,313,THR,O,3.135,bb-bb
317,THR,OG1,313,THR,O,3.029,bb-sc
317,THR,N,315,PHE,O,3.37,bb-bb
318,VAL,N,315,PHE,O,3.392,bb-bb
319,SER,N,315,PHE,O,2.945,bb-bb
319,SER,OG,315,PHE,O,2.664,bb-sc
319,SER,OG,316,GLN,O,3.035,bb-sc
320,TRP,N,316,GLN,O,3.095,bb-bb
319,SER,N,317,THR,O,3.401,bb-bb
320,TRP,N,317,THR,O,3.196,bb-bb
321,HIS,N,317,THR,O,3.019,bb-bb
320,TRP,N,318,VAL,O,3.376,bb-bb
321,HIS,N,318,VAL,O,3.38,bb-bb
322,PHE,N,318,VAL,O,2.822,bb-bb
322,PHE,N,319,SER,O,3.355,bb-bb
323,CYS,N,319,SER,O,2.733,bb-bb
322,PHE,N,320,TRP,O,3.43,bb-bb
323,CYS,N,320,TRP,O,3.06,bb-bb
324,ILE,N,320,TRP,O,2.896,bb-bb
323,CYS,N,321,HIS,O,3.341,bb-bb
324,ILE,N,321,HIS,O,3.165,bb-bb
325,ALA,N,321,HIS,O,2.708,bb-bb
324,ILE,N,322,PHE,O,3.443,bb-bb
325,ALA,N,322,PHE,O,3.227,bb-bb
326,LEU,N,322,PHE,O,2.861,bb-bb
327,GLY,N,323,CYS,O,3.354,bb-bb
326,LEU,N,324,ILE,O,3.178,bb-bb
327,GLY,N,324,ILE,O,3.098,bb-bb
328,TYR,N,324,ILE,O,3.229,bb-bb
328,TYR,N,325,ALA,O,3.306,bb-bb
329,THR,N,325,ALA,O,2.939,bb-bb
329,THR,OG1,325,ALA,O,2.792,bb-sc
328,TYR,N,326,LEU,O,3.41,bb-bb
329,THR,N,326,LEU,O,3.176,bb-bb
330,ASN,N,328,TYR,O,3.324,bb-bb
331,SER,N,328,TYR,O,3.084,bb-bb
332,CYS,N,328,TYR,O,3.351,bb-bb
331,SER,N,329,THR,O,3.458,bb-bb
332,CYS,N,329,THR,O,3.122,bb-bb
333,LEU,N,329,THR,O,2.796,bb-bb
330,ASN,ND2,334,ASN,OD1,3.449,sc-sc
334,ASN,N,330,ASN,O,2.888,bb-bb
334,ASN,ND2,330,ASN,O,2.732,bb-sc
335,PRO,N,333,LEU,O,3.287,bb-bb
336,VAL,N,333,LEU,O,3.018,bb-bb
337,LEU,N,333,LEU,O,2.821,bb-bb
336,VAL,N,334,ASN,O,3.392,bb-bb
337,LEU,N,334,ASN,O,3.416,bb-bb
338,TYR,N,334,ASN,O,3.118,bb-bb
339,ALA,N,335,PRO,O,3.076,bb-bb
340,PHE,N,335,PRO,O,3.06,bb-bb
341,LEU,N,336,VAL,O,2.947,bb-bb
341,LEU,N,339,ALA,O,3.104,bb-bb
342,ASP,N,339,ALA,O,2.826,bb-bb
346,LYS,NZ,341,LEU,O,3.498,bb-sc
344,ASN,N,342,ASP,OD1,2.357,bb-sc
345,PHE,N,342,ASP,OD1,3.272,bb-sc
346,LYS,N,342,ASP,O,3.161,bb-bb
345,PHE,N,343,GLU,O,3.41,bb-bb
346,LYS,N,343,GLU,O,3.336,bb-bb
347,ARG,NE,343,GLU,O,3.36,bb-sc
346,LYS,N,344,ASN,O,3.464,bb-bb
347,ARG,N,344,ASN,O,3.441,bb-bb
347,ARG,NH1,344,ASN,OD1,2.964,sc-sc
347,ARG,NH2,344,ASN,OD1,3.386,sc-sc
347,ARG,N,345,PHE,O,3.192,bb-bb
348,CYS,N,345,PHE,O,3.13,bb-bb
349,PHE,N,345,PHE,O,2.465,bb-bb
350,ARG,N,346,LYS,O,3.064,bb-bb
350,ARG,NH2,346,LYS,O,3.4,bb-sc
350,ARG,N,347,ARG,O,3.32,bb-bb
350,ARG,N,348,CYS,O,3.322,bb-bb
351,GLU,N,348,CYS,O,3.052,bb-bb
351,GLU,N,349,PHE,O,3.048,bb-bb
352,PHE,N,349,PHE,O,2.835,bb-bb
353,CYS,N,351,GLU,O,3.291,bb-bb
