res1_num,res1_name,res1_atom,res2_num,res2_name,res2_atom,distance
68,ILE,CD1,71,ILE,CD1,4.417
76,LEU,CD1,80,VAL,CG2,3.793
89,PHE,CD1,117,ALA,CB,4.46
90,LEU,CD1,94,VAL,CG1,3.627
90,LEU,CD2,349,PHE,CD1,3.592
90,LEU,CD1,352,PHE,CD2,3.634
91,VAL,CG1,95,ILE,CD1,3.609
91,VAL,CG1,109,ILE,CG2,4.222
91,VAL,CG1,113,ALA,CB,3.818
91,VAL,CG2,335,PRO,CB,4.159
91,VAL,CG2,349,PHE,CZ,3.75
92,MET,CB,110,PHE,CE1,3.486
94,VAL,CG2,345,PHE,CE1,4.042
94,VAL,CG2,349,PHE,CE1,3.778
95,ILE,CD1,109,ILE,CG2,3.618
95,ILE,CG2,110,PHE,CD1,3.589
95,ILE,CG1,345,PHE,CE1,4.195
96,VAL,CB,110,PHE,CE1,4.375
107,ILE,CD1,183,PRO,CB,3.742
107,ILE,CD1,186,ALA,CB,3.576
109,ILE,CD1,283,MET,CE,3.802
109,ILE,CD1,345,PHE,CE2,4.124
110,PHE,CE2,114,LEU,CD1,4.461
112,LEU,CD2,160,LEU,CD2,3.753
112,LEU,CD2,287,VAL,CG1,3.937
114,LEU,CD2,118,LEU,CD1,3.545
114,LEU,CD1,194,TRP,CZ2,4.296
118,LEU,CD2,148,ILE,CD1,3.659
118,LEU,CD2,194,TRP,CH2,4.349
125,PHE,CB,135,TRP,CH2,3.825
125,PHE,CD2,137,PHE,CD1,3.737
125,PHE,CE2,141,LEU,CD1,4.139
128,VAL,CB,137,PHE,CZ,4.099
135,TRP,CZ2,141,LEU,CB,4.121
135,TRP,CH2,145,VAL,CG2,4.3
137,PHE,CB,141,LEU,CD1,3.603
141,LEU,CD2,144,ILE,CD1,4.204
146,ILE,CG2,204,VAL,CG1,3.595
146,ILE,CG2,208,ALA,CB,3.831
146,ILE,CG2,221,LEU,CD2,3.959
153,MET,CG,295,TRP,CZ3,3.281
154,PHE,CD2,158,PHE,CE2,3.45
154,PHE,CE2,200,ILE,CB,3.529
154,PHE,CE1,238,VAL,CG2,3.459
154,PHE,CE1,242,ALA,CB,3.605
157,ILE,CG2,242,ALA,CB,4.191
157,ILE,CG1,246,PRO,CG,3.525
157,ILE,CD1,291,PHE,CE1,3.528
158,PHE,CE2,196,LEU,CD2,3.539
158,PHE,CZ,242,ALA,CB,4.303
160,LEU,CD2,163,MET,CE,4.044
160,LEU,CB,250,ILE,CD1,4.269
160,LEU,CD2,287,VAL,CG1,4.025
160,LEU,CD2,288,VAL,CG2,3.982
160,LEU,CD1,291,PHE,CG,3.332
163,MET,CE,284,VAL,CG1,3.646
170,ALA,CB,277,LEU,CD1,4.413
171,VAL,CB,257,MET,CG,3.722
171,VAL,CG1,261,LEU,CD1,3.691
171,VAL,CG1,267,LEU,CD2,3.93
171,VAL,CG2,277,LEU,CD1,4.188
191,VAL,CG1,195,ILE,CD1,4.01
202,LEU,CB,205,MET,CE,3.968
204,VAL,CG1,221,LEU,CD2,3.623
204,VAL,CG2,234,LEU,CD2,4.015
207,MET,CB,223,PHE,CE1,4.307
208,ALA,CB,221,LEU,CD2,3.673
223,PHE,CD1,230,TRP,CB,3.776
223,PHE,CZ,234,LEU,CD2,3.981
234,LEU,CD1,238,VAL,CG2,3.898
236,ILE,CG2,240,ILE,CG1,4.378
236,ILE,CD1,303,ILE,CD1,4.452
238,VAL,CG1,242,ALA,CB,4.203
239,PHE,CE2,243,PHE,CD2,4.173
239,PHE,CE1,244,ILE,CG1,3.641
239,PHE,CE2,300,ILE,CD1,3.79
239,PHE,CD2,303,ILE,CG1,3.614
243,PHE,CE1,247,VAL,CG2,3.495
243,PHE,CE2,300,ILE,CD1,4.122
244,ILE,CG2,248,LEU,CD2,4.434
247,VAL,CG2,292,ILE,CD1,4.288
250,ILE,CG2,288,VAL,CG1,3.862
261,LEU,CD1,267,LEU,CD1,3.521
264,VAL,CG1,267,LEU,CD2,4.476
267,LEU,CD1,277,LEU,CD2,3.637
280,ILE,CD1,283,MET,CE,3.681
283,MET,CG,341,LEU,CB,3.709
283,MET,CE,345,PHE,CE2,4.41
284,VAL,CG1,288,VAL,CG2,4.491
286,VAL,CG1,290,VAL,CG2,4.351
286,VAL,CG1,341,LEU,CD1,3.465
288,VAL,CG1,292,ILE,CD1,3.84
291,PHE,CE2,295,TRP,CD1,3.257
295,TRP,CE3,298,ILE,CG2,3.356
297,PRO,CG,326,LEU,CD2,4.29
298,ILE,CD1,302,VAL,CG2,3.853
298,ILE,CD1,320,TRP,CZ3,4.458
298,ILE,CD1,324,ILE,CG1,4.28
300,ILE,CG2,304,ILE,CG1,4.099
302,VAL,CG2,320,TRP,CH2,3.519
303,ILE,CG2,307,LEU,CD1,3.95
304,ILE,CG2,308,VAL,CG2,3.772
304,ILE,CG2,310,ILE,CD1,3.879
320,TRP,CD1,324,ILE,CD1,3.639
322,PHE,CZ,326,LEU,CD1,3.825
336,VAL,CG1,340,PHE,CE2,3.671
337,LEU,CB,341,LEU,CD1,4.444
339,ALA,CB,349,PHE,CD2,3.466
345,PHE,CD1,349,PHE,CZ,4.042
