sample_id,assay,date,replicate,replicate_display,ligand_or_condition,log10_conc_M,sort_bin,mean_coverage,median_coverage,n_variants,variant_counts_filename
R1_DAMGO_-9M,damgo_drc,20230825,1,1,DAMGO,-9.0,a,132.1367142306209,106.0,10372,MOR_5_R1_B0.csv
R1_DAMGO_-9M,damgo_drc,20230825,1,1,DAMGO,-9.0,b,213.10441573467023,164.0,10372,MOR_5_R1_B1.csv
R1_DAMGO_-9M,damgo_drc,20230825,1,1,DAMGO,-9.0,c,230.7137485537987,196.0,10372,MOR_5_R1_B2.csv
R1_DAMGO_-9M,damgo_drc,20230825,1,1,DAMGO,-9.0,d,257.63102583879675,209.0,10372,MOR_5_R1_B3.csv
R1_DAMGO_-8M,damgo_drc,20230825,1,1,DAMGO,-8.0,a,238.60393366756657,200.0,10372,MOR_4_R1_B0.csv
R1_DAMGO_-8M,damgo_drc,20230825,1,1,DAMGO,-8.0,b,285.304377169302,238.5,10372,MOR_4_R1_B1.csv
R1_DAMGO_-8M,damgo_drc,20230825,1,1,DAMGO,-8.0,c,210.7187620516776,171.0,10372,MOR_4_R1_B2.csv
R1_DAMGO_-8M,damgo_drc,20230825,1,1,DAMGO,-8.0,d,203.39423447743928,149.0,10372,MOR_4_R1_B3.csv
R1_DAMGO_-7M,damgo_drc,20230825,1,1,DAMGO,-7.0,a,254.55910142691863,213.0,10372,MOR_3_R1_B0.csv
R1_DAMGO_-7M,damgo_drc,20230825,1,1,DAMGO,-7.0,b,299.4813922097956,249.0,10372,MOR_3_R1_B1.csv
R1_DAMGO_-7M,damgo_drc,20230825,1,1,DAMGO,-7.0,c,271.13816043193214,226.0,10372,MOR_3_R1_B2.csv
R1_DAMGO_-7M,damgo_drc,20230825,1,1,DAMGO,-7.0,d,234.1835711531045,152.0,10372,MOR_3_R1_B3.csv
R1_DAMGO_-6M,damgo_drc,20230825,1,1,DAMGO,-6.0,a,250.47830698033167,211.0,10372,MOR_2_R1_B0.csv
R1_DAMGO_-6M,damgo_drc,20230825,1,1,DAMGO,-6.0,b,305.6214809101427,254.0,10372,MOR_2_R1_B1.csv
R1_DAMGO_-6M,damgo_drc,20230825,1,1,DAMGO,-6.0,c,187.3573081372927,155.0,10372,MOR_2_R1_B2.csv
R1_DAMGO_-6M,damgo_drc,20230825,1,1,DAMGO,-6.0,d,91.62688006170458,52.0,10372,MOR_2_R1_B3.csv
R1_DAMGO_-5M,damgo_drc,20230825,1,1,DAMGO,-5.0,a,234.24247975318164,194.0,10372,MOR_1_R1_B0.csv
R1_DAMGO_-5M,damgo_drc,20230825,1,1,DAMGO,-5.0,b,235.7091207096028,195.0,10372,MOR_1_R1_B1.csv
R1_DAMGO_-5M,damgo_drc,20230825,1,1,DAMGO,-5.0,c,214.76137678364827,177.0,10372,MOR_1_R1_B2.csv
R1_DAMGO_-5M,damgo_drc,20230825,1,1,DAMGO,-5.0,d,147.8865214037794,88.0,10372,MOR_1_R1_B3.csv
R1_DAMGO_0M,damgo_drc,20230825,1,1,DAMGO,0.0,a,252.9866949479367,213.5,10372,MOR_6_R1_B0.csv
R1_DAMGO_0M,damgo_drc,20230825,1,1,DAMGO,0.0,b,243.8171037408407,206.0,10372,MOR_6_R1_B1.csv
R1_DAMGO_0M,damgo_drc,20230825,1,1,DAMGO,0.0,c,294.9289433089086,254.0,10372,MOR_6_R1_B2.csv
R1_DAMGO_0M,damgo_drc,20230825,1,1,DAMGO,0.0,d,216.8707096027767,182.0,10372,MOR_6_R1_B3.csv
R2_DAMGO_-9M,damgo_drc,20230826,2,2,DAMGO,-9.0,a,258.4405129193984,215.0,10372,MOR_5_R2_B0.csv
R2_DAMGO_-9M,damgo_drc,20230826,2,2,DAMGO,-9.0,b,204.95401079830313,168.0,10372,MOR_5_R2_B1.csv
R2_DAMGO_-9M,damgo_drc,20230826,2,2,DAMGO,-9.0,c,224.38623216351715,190.0,10372,MOR_5_R2_B2.csv
R2_DAMGO_-9M,damgo_drc,20230826,2,2,DAMGO,-9.0,d,180.8586579251832,139.0,10372,MOR_5_R2_B3.csv
R2_DAMGO_-8M,damgo_drc,20230826,2,2,DAMGO,-8.0,a,241.12591592749712,198.5,10372,MOR_4_R2_B0.csv
R2_DAMGO_-8M,damgo_drc,20230826,2,2,DAMGO,-8.0,b,237.18906671808716,196.0,10372,MOR_4_R2_B1.csv
R2_DAMGO_-8M,damgo_drc,20230826,2,2,DAMGO,-8.0,c,192.7024681835711,163.0,10372,MOR_4_R2_B2.csv
R2_DAMGO_-8M,damgo_drc,20230826,2,2,DAMGO,-8.0,d,221.1681450057848,165.0,10372,MOR_4_R2_B3.csv
R2_DAMGO_-7M,damgo_drc,20230826,2,2,DAMGO,-7.0,a,237.65136907057465,202.0,10372,MOR_3_R2_B0.csv
R2_DAMGO_-7M,damgo_drc,20230826,2,2,DAMGO,-7.0,b,258.64182414192055,216.0,10372,MOR_3_R2_B1.csv
R2_DAMGO_-7M,damgo_drc,20230826,2,2,DAMGO,-7.0,c,225.11241804859236,189.0,10372,MOR_3_R2_B2.csv
R2_DAMGO_-7M,damgo_drc,20230826,2,2,DAMGO,-7.0,d,159.77574238333975,107.0,10372,MOR_3_R2_B3.csv
R2_DAMGO_-6M,damgo_drc,20230826,2,2,DAMGO,-6.0,a,253.61463555726957,216.0,10372,MOR_2_R2_B0.csv
R2_DAMGO_-6M,damgo_drc,20230826,2,2,DAMGO,-6.0,b,266.9752217508677,223.0,10372,MOR_2_R2_B1.csv
R2_DAMGO_-6M,damgo_drc,20230826,2,2,DAMGO,-6.0,c,179.63440030852294,149.0,10372,MOR_2_R2_B2.csv
R2_DAMGO_-6M,damgo_drc,20230826,2,2,DAMGO,-6.0,d,153.98254917084458,107.0,10372,MOR_2_R2_B3.csv
R2_DAMGO_-5M,damgo_drc,20230826,2,2,DAMGO,-5.0,a,219.4698225993058,186.0,10372,MOR_1_R2_B0.csv
R2_DAMGO_-5M,damgo_drc,20230826,2,2,DAMGO,-5.0,b,276.1212880833012,232.0,10372,MOR_1_R2_B1.csv
R2_DAMGO_-5M,damgo_drc,20230826,2,2,DAMGO,-5.0,c,181.05919784033935,152.0,10372,MOR_1_R2_B2.csv
R2_DAMGO_-5M,damgo_drc,20230826,2,2,DAMGO,-5.0,d,133.14664481295796,94.0,10372,MOR_1_R2_B3.csv
R2_DAMGO_0M,damgo_drc,20230826,2,2,DAMGO,0.0,a,213.9133243347474,182.0,10372,MOR_6_R2_B0.csv
R2_DAMGO_0M,damgo_drc,20230826,2,2,DAMGO,0.0,b,236.4957578094871,200.0,10372,MOR_6_R2_B1.csv
R2_DAMGO_0M,damgo_drc,20230826,2,2,DAMGO,0.0,c,222.35615117624377,185.0,10372,MOR_6_R2_B2.csv
R2_DAMGO_0M,damgo_drc,20230826,2,2,DAMGO,0.0,d,243.0070381797146,207.0,10372,MOR_6_R2_B3.csv
R3_DAMGO_-9M,damgo_drc,20230827,3,3,DAMGO,-9.0,a,266.5021210952565,222.0,10372,MOR_5_R3_B0.csv
R3_DAMGO_-9M,damgo_drc,20230827,3,3,DAMGO,-9.0,b,216.26465483995372,180.0,10372,MOR_5_R3_B1.csv
R3_DAMGO_-9M,damgo_drc,20230827,3,3,DAMGO,-9.0,c,208.33600077130737,177.0,10372,MOR_5_R3_B2.csv
R3_DAMGO_-9M,damgo_drc,20230827,3,3,DAMGO,-9.0,d,218.3681064404165,180.0,10372,MOR_5_R3_B3.csv
R3_DAMGO_-8M,damgo_drc,20230827,3,3,DAMGO,-8.0,a,225.00549556498265,189.0,10372,MOR_4_R3_B0.csv
R3_DAMGO_-8M,damgo_drc,20230827,3,3,DAMGO,-8.0,b,150.56074045507134,115.0,10372,MOR_4_R3_B1.csv
R3_DAMGO_-8M,damgo_drc,20230827,3,3,DAMGO,-8.0,c,182.83455456999616,152.0,10372,MOR_4_R3_B2.csv
R3_DAMGO_-8M,damgo_drc,20230827,3,3,DAMGO,-8.0,d,180.3573081372927,113.0,10372,MOR_4_R3_B3.csv
R3_DAMGO_-7M,damgo_drc,20230827,3,3,DAMGO,-7.0,a,284.45912070960276,241.0,10372,MOR_3_R3_B0.csv
R3_DAMGO_-7M,damgo_drc,20230827,3,3,DAMGO,-7.0,b,234.62003470883147,198.0,10372,MOR_3_R3_B1.csv
R3_DAMGO_-7M,damgo_drc,20230827,3,3,DAMGO,-7.0,c,186.66342074816816,154.0,10372,MOR_3_R3_B2.csv
R3_DAMGO_-7M,damgo_drc,20230827,3,3,DAMGO,-7.0,d,146.23254917084458,85.0,10372,MOR_3_R3_B3.csv
R3_DAMGO_-6M,damgo_drc,20230827,3,3,DAMGO,-6.0,a,191.9389703046664,158.0,10372,MOR_2_R3_B0.csv
R3_DAMGO_-6M,damgo_drc,20230827,3,3,DAMGO,-6.0,b,10.752217508677209,7.5,10372,MOR_2_R3_B1.csv
R3_DAMGO_-6M,damgo_drc,20230827,3,3,DAMGO,-6.0,c,214.3843038951022,170.0,10372,MOR_2_R3_B2.csv
R3_DAMGO_-6M,damgo_drc,20230827,3,3,DAMGO,-6.0,d,166.10962205939066,100.0,10372,MOR_2_R3_B3.csv
R3_DAMGO_-5M,damgo_drc,20230827,3,3,DAMGO,-5.0,a,268.62659082144233,226.0,10372,MOR_1_R3_B0.csv
R3_DAMGO_-5M,damgo_drc,20230827,3,3,DAMGO,-5.0,b,249.0885075202468,209.0,10372,MOR_1_R3_B1.csv
R3_DAMGO_-5M,damgo_drc,20230827,3,3,DAMGO,-5.0,c,223.47560740455071,187.0,10372,MOR_1_R3_B2.csv
R3_DAMGO_-5M,damgo_drc,20230827,3,3,DAMGO,-5.0,d,171.09313536444273,92.0,10372,MOR_1_R3_B3.csv
R3_DAMGO_0M,damgo_drc,20230827,3,3,DAMGO,0.0,a,226.08494022367913,177.0,10372,MOR_6_R3_B0.csv
R3_DAMGO_0M,damgo_drc,20230827,3,3,DAMGO,0.0,b,170.49951793289625,143.0,10372,MOR_6_R3_B1.csv
R3_DAMGO_0M,damgo_drc,20230827,3,3,DAMGO,0.0,c,297.59853451600463,202.0,10372,MOR_6_R3_B2.csv
R3_DAMGO_0M,damgo_drc,20230827,3,3,DAMGO,0.0,d,192.72666795217896,163.0,10372,MOR_6_R3_B3.csv
R1_FSK_0M,fentanyl_drc,20251009,1,1,FSK,0.0,a,151.40445430003857,130.0,10372,a20251009_rep1_FSK_0M_sample_1_bin_a_S1_merged.csv
R1_FSK_0M,fentanyl_drc,20251009,1,1,FSK,0.0,b,102.9099498650212,88.0,10372,a20251009_rep1_FSK_0M_sample_2_bin_b_S2_merged.csv
R1_FSK_0M,fentanyl_drc,20251009,1,1,FSK,0.0,c,211.8236598534516,180.0,10372,a20251009_rep1_FSK_0M_sample_3_bin_c_S3_merged.csv
R1_FSK_0M,fentanyl_drc,20251009,1,1,FSK,0.0,d,164.7472040107983,132.0,10372,a20251009_rep1_FSK_0M_sample_4_bin_d_S4_merged.csv
R1_Fentanyl_-12M,fentanyl_drc,20251009,1,1,Fentanyl,-12.0,a,96.97888546085616,85.0,10372,a20251009_rep1_Fentanyl_-12M_sample_33_bin_a_S33_merged.csv
R1_Fentanyl_-12M,fentanyl_drc,20251009,1,1,Fentanyl,-12.0,b,142.34650983416893,126.0,10372,a20251009_rep1_Fentanyl_-12M_sample_34_bin_b_S34_merged.csv
R1_Fentanyl_-12M,fentanyl_drc,20251009,1,1,Fentanyl,-12.0,c,89.00134978789048,77.0,10372,a20251009_rep1_Fentanyl_-12M_sample_35_bin_c_S35_merged.csv
R1_Fentanyl_-12M,fentanyl_drc,20251009,1,1,Fentanyl,-12.0,d,83.29020439645198,72.0,10372,a20251009_rep1_Fentanyl_-12M_sample_36_bin_d_S36_merged.csv
R1_Fentanyl_-11M,fentanyl_drc,20251009,1,1,Fentanyl,-11.0,a,163.4676050906286,144.0,10372,a20251009_rep1_Fentanyl_-11M_sample_29_bin_a_S29_merged.csv
R1_Fentanyl_-11M,fentanyl_drc,20251009,1,1,Fentanyl,-11.0,b,177.45401079830313,157.0,10372,a20251009_rep1_Fentanyl_-11M_sample_30_bin_b_S30_merged.csv
R1_Fentanyl_-11M,fentanyl_drc,20251009,1,1,Fentanyl,-11.0,c,198.1516583108369,174.0,10372,a20251009_rep1_Fentanyl_-11M_sample_31_bin_c_S31_merged.csv
R1_Fentanyl_-11M,fentanyl_drc,20251009,1,1,Fentanyl,-11.0,d,143.2595449286541,125.0,10372,a20251009_rep1_Fentanyl_-11M_sample_32_bin_d_S32_merged.csv
R1_Fentanyl_-10M,fentanyl_drc,20251009,1,1,Fentanyl,-10.0,a,81.85026995757809,71.0,10372,a20251009_rep1_Fentanyl_-10M_sample_25_bin_a_S25_merged.csv
R1_Fentanyl_-10M,fentanyl_drc,20251009,1,1,Fentanyl,-10.0,b,126.6501156961049,112.0,10372,a20251009_rep1_Fentanyl_-10M_sample_26_bin_b_S26_merged.csv
R1_Fentanyl_-10M,fentanyl_drc,20251009,1,1,Fentanyl,-10.0,c,155.8152718858465,137.0,10372,a20251009_rep1_Fentanyl_-10M_sample_27_bin_c_S27_merged.csv
R1_Fentanyl_-10M,fentanyl_drc,20251009,1,1,Fentanyl,-10.0,d,155.8314693405322,134.0,10372,a20251009_rep1_Fentanyl_-10M_sample_28_bin_d_S28_merged.csv
R1_Fentanyl_-9M,fentanyl_drc,20251009,1,1,Fentanyl,-9.0,a,103.86733513305052,92.0,10372,a20251009_rep1_Fentanyl_-9M_sample_21_bin_a_S21_merged.csv
R1_Fentanyl_-9M,fentanyl_drc,20251009,1,1,Fentanyl,-9.0,b,209.2970497493251,180.0,10372,a20251009_rep1_Fentanyl_-9M_sample_22_bin_b_S22_merged.csv
R1_Fentanyl_-9M,fentanyl_drc,20251009,1,1,Fentanyl,-9.0,c,115.5297917470112,100.0,10372,a20251009_rep1_Fentanyl_-9M_sample_23_bin_c_S23_merged.csv
R1_Fentanyl_-9M,fentanyl_drc,20251009,1,1,Fentanyl,-9.0,d,128.04994215194756,106.0,10372,a20251009_rep1_Fentanyl_-9M_sample_24_bin_d_S24_merged.csv
R1_Fentanyl_-8M,fentanyl_drc,20251009,1,1,Fentanyl,-8.0,a,174.97329348245276,145.0,10372,a20251009_rep1_Fentanyl_-8M_sample_17_bin_a_S17_merged.csv
R1_Fentanyl_-8M,fentanyl_drc,20251009,1,1,Fentanyl,-8.0,b,154.9555534130351,133.0,10372,a20251009_rep1_Fentanyl_-8M_sample_18_bin_b_S18_merged.csv
R1_Fentanyl_-8M,fentanyl_drc,20251009,1,1,Fentanyl,-8.0,c,189.79300038565367,164.0,10372,a20251009_rep1_Fentanyl_-8M_sample_19_bin_c_S19_merged.csv
R1_Fentanyl_-8M,fentanyl_drc,20251009,1,1,Fentanyl,-8.0,d,184.6546471268801,154.0,10372,a20251009_rep1_Fentanyl_-8M_sample_20_bin_d_S20_merged.csv
R1_Fentanyl_-7M,fentanyl_drc,20251009,1,1,Fentanyl,-7.0,a,124.83060161974548,95.0,10372,a20251009_rep1_Fentanyl_-7M_sample_13_bin_a_S13_merged.csv
R1_Fentanyl_-7M,fentanyl_drc,20251009,1,1,Fentanyl,-7.0,b,68.05910142691863,57.0,10372,a20251009_rep1_Fentanyl_-7M_sample_14_bin_b_S14_merged.csv
R1_Fentanyl_-7M,fentanyl_drc,20251009,1,1,Fentanyl,-7.0,c,116.90493636714233,98.0,10372,a20251009_rep1_Fentanyl_-7M_sample_15_bin_c_S15_merged.csv
R1_Fentanyl_-7M,fentanyl_drc,20251009,1,1,Fentanyl,-7.0,d,144.37736212880833,118.0,10372,a20251009_rep1_Fentanyl_-7M_sample_16_bin_d_S16_merged.csv
R1_Fentanyl_-6M,fentanyl_drc,20251009,1,1,Fentanyl,-6.0,a,232.12639799460084,207.0,10372,a20251009_rep1_Fentanyl_-6M_sample_9_bin_a_S9_merged.csv
R1_Fentanyl_-6M,fentanyl_drc,20251009,1,1,Fentanyl,-6.0,b,114.55370227535671,101.0,10372,a20251009_rep1_Fentanyl_-6M_sample_10_bin_b_S10_merged.csv
R1_Fentanyl_-6M,fentanyl_drc,20251009,1,1,Fentanyl,-6.0,c,124.6551291939838,106.0,10372,a20251009_rep1_Fentanyl_-6M_sample_11_bin_c_S11_merged.csv
R1_Fentanyl_-6M,fentanyl_drc,20251009,1,1,Fentanyl,-6.0,d,107.512630158118,86.0,10372,a20251009_rep1_Fentanyl_-6M_sample_12_bin_d_S12_merged.csv
R1_Fentanyl_-5M,fentanyl_drc,20251009,1,1,Fentanyl,-5.0,a,98.70748168145006,87.0,10372,a20251009_rep1_Fentanyl_-5M_sample_5_bin_a_S5_merged.csv
R1_Fentanyl_-5M,fentanyl_drc,20251009,1,1,Fentanyl,-5.0,b,104.3004242190513,91.0,10372,a20251009_rep1_Fentanyl_-5M_sample_6_bin_b_S6_merged.csv
R1_Fentanyl_-5M,fentanyl_drc,20251009,1,1,Fentanyl,-5.0,c,186.80389510219825,162.0,10372,a20251009_rep1_Fentanyl_-5M_sample_7_bin_c_S7_merged.csv
R1_Fentanyl_-5M,fentanyl_drc,20251009,1,1,Fentanyl,-5.0,d,164.61617817200155,126.0,10372,a20251009_rep1_Fentanyl_-5M_sample_8_bin_d_S8_merged.csv
R2_FSK_0M,fentanyl_drc,20251010,2,2,FSK,0.0,a,95.6465483995372,84.0,10372,a20251010_rep2_FSK_0M_sample_37_bin_a_S37_merged.csv
R2_FSK_0M,fentanyl_drc,20251010,2,2,FSK,0.0,b,97.63642499035866,86.0,10372,a20251010_rep2_FSK_0M_sample_38_bin_b_S38_merged.csv
R2_FSK_0M,fentanyl_drc,20251010,2,2,FSK,0.0,c,99.1473197069032,88.0,10372,a20251010_rep2_FSK_0M_sample_39_bin_c_S39_merged.csv
R2_FSK_0M,fentanyl_drc,20251010,2,2,FSK,0.0,d,97.4637485537987,87.0,10372,a20251010_rep2_FSK_0M_sample_40_bin_d_S40_merged.csv
R2_Fentanyl_-12M,fentanyl_drc,20251010,2,2,Fentanyl,-12.0,a,85.00366370998843,75.0,10372,a20251010_rep2_Fentanyl_-12M_sample_69_bin_a_S69_merged.csv
R2_Fentanyl_-12M,fentanyl_drc,20251010,2,2,Fentanyl,-12.0,b,124.79820671037407,109.0,10372,a20251010_rep2_Fentanyl_-12M_sample_70_bin_b_S70_merged.csv
R2_Fentanyl_-12M,fentanyl_drc,20251010,2,2,Fentanyl,-12.0,c,126.21972618588508,108.0,10372,a20251010_rep2_Fentanyl_-12M_sample_71_bin_c_S71_merged.csv
R2_Fentanyl_-12M,fentanyl_drc,20251010,2,2,Fentanyl,-12.0,d,112.93704203625144,95.0,10372,a20251010_rep2_Fentanyl_-12M_sample_72_bin_d_S72_merged.csv
R2_Fentanyl_-11M,fentanyl_drc,20251010,2,2,Fentanyl,-11.0,a,96.44282684149634,81.0,10372,a20251010_rep2_Fentanyl_-11M_sample_65_bin_a_S65_merged.csv
R2_Fentanyl_-11M,fentanyl_drc,20251010,2,2,Fentanyl,-11.0,b,98.51050906286154,85.0,10372,a20251010_rep2_Fentanyl_-11M_sample_66_bin_b_S66_merged.csv
R2_Fentanyl_-11M,fentanyl_drc,20251010,2,2,Fentanyl,-11.0,c,126.12051677593522,110.0,10372,a20251010_rep2_Fentanyl_-11M_sample_67_bin_c_S67_merged.csv
R2_Fentanyl_-11M,fentanyl_drc,20251010,2,2,Fentanyl,-11.0,d,100.28345545699962,87.0,10372,a20251010_rep2_Fentanyl_-11M_sample_68_bin_d_S68_merged.csv
R2_Fentanyl_-10M,fentanyl_drc,20251010,2,2,Fentanyl,-10.0,a,103.75944851523332,89.0,10372,a20251010_rep2_Fentanyl_-10M_sample_61_bin_a_S61_merged.csv
R2_Fentanyl_-10M,fentanyl_drc,20251010,2,2,Fentanyl,-10.0,b,96.3973197069032,82.0,10372,a20251010_rep2_Fentanyl_-10M_sample_62_bin_b_S62_merged.csv
R2_Fentanyl_-10M,fentanyl_drc,20251010,2,2,Fentanyl,-10.0,c,91.03278056305436,74.0,10372,a20251010_rep2_Fentanyl_-10M_sample_63_bin_c_S63_merged.csv
R2_Fentanyl_-10M,fentanyl_drc,20251010,2,2,Fentanyl,-10.0,d,98.78499807173158,85.0,10372,a20251010_rep2_Fentanyl_-10M_sample_64_bin_d_S64_merged.csv
R2_Fentanyl_-9M,fentanyl_drc,20251010,2,2,Fentanyl,-9.0,a,125.9006941766294,112.0,10372,a20251010_rep2_Fentanyl_-9M_sample_57_bin_a_S57_merged.csv
R2_Fentanyl_-9M,fentanyl_drc,20251010,2,2,Fentanyl,-9.0,b,123.54550713459314,108.0,10372,a20251010_rep2_Fentanyl_-9M_sample_58_bin_b_S58_merged.csv
R2_Fentanyl_-9M,fentanyl_drc,20251010,2,2,Fentanyl,-9.0,c,107.31874276899345,93.0,10372,a20251010_rep2_Fentanyl_-9M_sample_59_bin_c_S59_merged.csv
R2_Fentanyl_-9M,fentanyl_drc,20251010,2,2,Fentanyl,-9.0,d,132.88758195140764,110.0,10372,a20251010_rep2_Fentanyl_-9M_sample_60_bin_d_S60_merged.csv
R2_Fentanyl_-8M,fentanyl_drc,20251010,2,2,Fentanyl,-8.0,a,117.36453914384884,104.0,10372,a20251010_rep2_Fentanyl_-8M_sample_53_bin_a_S53_merged.csv
R2_Fentanyl_-8M,fentanyl_drc,20251010,2,2,Fentanyl,-8.0,b,112.2083494022368,99.0,10372,a20251010_rep2_Fentanyl_-8M_sample_54_bin_b_S54_merged.csv
R2_Fentanyl_-8M,fentanyl_drc,20251010,2,2,Fentanyl,-8.0,c,124.35403008098729,103.0,10372,a20251010_rep2_Fentanyl_-8M_sample_55_bin_c_S55_merged.csv
R2_Fentanyl_-8M,fentanyl_drc,20251010,2,2,Fentanyl,-8.0,d,98.01687234863093,77.0,10372,a20251010_rep2_Fentanyl_-8M_sample_56_bin_d_S56_merged.csv
R2_Fentanyl_-7M,fentanyl_drc,20251010,2,2,Fentanyl,-7.0,a,95.6160817585808,84.0,10372,a20251010_rep2_Fentanyl_-7M_sample_49_bin_a_S49_merged.csv
R2_Fentanyl_-7M,fentanyl_drc,20251010,2,2,Fentanyl,-7.0,b,121.95593906671807,108.0,10372,a20251010_rep2_Fentanyl_-7M_sample_50_bin_b_S50_merged.csv
R2_Fentanyl_-7M,fentanyl_drc,20251010,2,2,Fentanyl,-7.0,c,120.9367527959892,97.0,10372,a20251010_rep2_Fentanyl_-7M_sample_51_bin_c_S51_merged.csv
R2_Fentanyl_-7M,fentanyl_drc,20251010,2,2,Fentanyl,-7.0,d,96.30900501349788,71.0,10372,a20251010_rep2_Fentanyl_-7M_sample_52_bin_d_S52_merged.csv
R2_Fentanyl_-6M,fentanyl_drc,20251010,2,2,Fentanyl,-6.0,a,111.17248360971848,99.0,10372,a20251010_rep2_Fentanyl_-6M_sample_45_bin_a_S45_merged.csv
R2_Fentanyl_-6M,fentanyl_drc,20251010,2,2,Fentanyl,-6.0,b,124.86887774778248,110.0,10372,a20251010_rep2_Fentanyl_-6M_sample_46_bin_b_S46_merged.csv
R2_Fentanyl_-6M,fentanyl_drc,20251010,2,2,Fentanyl,-6.0,c,110.42315850366371,90.0,10372,a20251010_rep2_Fentanyl_-6M_sample_47_bin_c_S47_merged.csv
R2_Fentanyl_-6M,fentanyl_drc,20251010,2,2,Fentanyl,-6.0,d,115.39182414192057,86.0,10372,a20251010_rep2_Fentanyl_-6M_sample_48_bin_d_S48_merged.csv
R2_Fentanyl_-5M,fentanyl_drc,20251010,2,2,Fentanyl,-5.0,a,101.1073081372927,91.0,10372,a20251010_rep2_Fentanyl_-5M_sample_41_bin_a_S41_merged.csv
R2_Fentanyl_-5M,fentanyl_drc,20251010,2,2,Fentanyl,-5.0,b,102.88844967219435,92.0,10372,a20251010_rep2_Fentanyl_-5M_sample_42_bin_b_S42_merged.csv
R2_Fentanyl_-5M,fentanyl_drc,20251010,2,2,Fentanyl,-5.0,c,111.31671808715774,92.0,10372,a20251010_rep2_Fentanyl_-5M_sample_43_bin_c_S43_merged.csv
R2_Fentanyl_-5M,fentanyl_drc,20251010,2,2,Fentanyl,-5.0,d,99.27738141149248,75.0,10372,a20251010_rep2_Fentanyl_-5M_sample_44_bin_d_S44_merged.csv
R3_FSK_0M,fentanyl_drc,20251011,3,3,FSK,0.0,a,156.29666409564211,131.0,10372,a20251011_rep3_FSK_0M_sample_73_bin_a_S73_merged.csv
R3_FSK_0M,fentanyl_drc,20251011,3,3,FSK,0.0,b,123.92402622445044,108.0,10372,a20251011_rep3_FSK_0M_sample_74_bin_b_S74_merged.csv
R3_FSK_0M,fentanyl_drc,20251011,3,3,FSK,0.0,c,130.44938295410722,114.0,10372,a20251011_rep3_FSK_0M_sample_75_bin_c_S75_merged.csv
R3_FSK_0M,fentanyl_drc,20251011,3,3,FSK,0.0,d,110.5182221365214,97.0,10372,a20251011_rep3_FSK_0M_sample_76_bin_d_S76_merged.csv
R3_Fentanyl_-12M,fentanyl_drc,20251011,3,3,Fentanyl,-12.0,a,153.8279020439645,136.0,10372,a20251011_rep3_Fentanyl_-12M_sample_105_bin_a_S105_merged.csv
R3_Fentanyl_-12M,fentanyl_drc,20251011,3,3,Fentanyl,-12.0,b,165.79637485537987,147.0,10372,a20251011_rep3_Fentanyl_-12M_sample_106_bin_b_S106_merged.csv
R3_Fentanyl_-12M,fentanyl_drc,20251011,3,3,Fentanyl,-12.0,c,95.51677593521018,84.0,10372,a20251011_rep3_Fentanyl_-12M_sample_107_bin_c_S107_merged.csv
R3_Fentanyl_-12M,fentanyl_drc,20251011,3,3,Fentanyl,-12.0,d,166.27930967990744,142.0,10372,a20251011_rep3_Fentanyl_-12M_sample_108_bin_d_S108_merged.csv
R3_Fentanyl_-11M,fentanyl_drc,20251011,3,3,Fentanyl,-11.0,a,96.04666409564211,84.0,10372,a20251011_rep3_Fentanyl_-11M_sample_101_bin_a_S101_merged.csv
R3_Fentanyl_-11M,fentanyl_drc,20251011,3,3,Fentanyl,-11.0,b,121.48033166216736,108.0,10372,a20251011_rep3_Fentanyl_-11M_sample_102_bin_b_S102_merged.csv
R3_Fentanyl_-11M,fentanyl_drc,20251011,3,3,Fentanyl,-11.0,c,141.01802930967992,124.0,10372,a20251011_rep3_Fentanyl_-11M_sample_103_bin_c_S103_merged.csv
R3_Fentanyl_-11M,fentanyl_drc,20251011,3,3,Fentanyl,-11.0,d,119.52747782491323,104.0,10372,a20251011_rep3_Fentanyl_-11M_sample_104_bin_d_S104_merged.csv
R3_Fentanyl_-10M,fentanyl_drc,20251011,3,3,Fentanyl,-10.0,a,126.91399922869265,113.0,10372,a20251011_rep3_Fentanyl_-10M_sample_97_bin_a_S97_merged.csv
R3_Fentanyl_-10M,fentanyl_drc,20251011,3,3,Fentanyl,-10.0,b,133.83137292711146,118.0,10372,a20251011_rep3_Fentanyl_-10M_sample_98_bin_b_S98_merged.csv
R3_Fentanyl_-10M,fentanyl_drc,20251011,3,3,Fentanyl,-10.0,c,129.98139220979562,114.0,10372,a20251011_rep3_Fentanyl_-10M_sample_99_bin_c_S99_merged.csv
R3_Fentanyl_-10M,fentanyl_drc,20251011,3,3,Fentanyl,-10.0,d,123.9531430775164,108.0,10372,a20251011_rep3_Fentanyl_-10M_sample_100_bin_d_S100_merged.csv
R3_Fentanyl_-9M,fentanyl_drc,20251011,3,3,Fentanyl,-9.0,a,113.50588121866564,102.0,10372,a20251011_rep3_Fentanyl_-9M_sample_93_bin_a_S93_merged.csv
R3_Fentanyl_-9M,fentanyl_drc,20251011,3,3,Fentanyl,-9.0,b,93.77439259544929,83.0,10372,a20251011_rep3_Fentanyl_-9M_sample_94_bin_b_S94_merged.csv
R3_Fentanyl_-9M,fentanyl_drc,20251011,3,3,Fentanyl,-9.0,c,159.85566910914,140.0,10372,a20251011_rep3_Fentanyl_-9M_sample_95_bin_c_S95_merged.csv
R3_Fentanyl_-9M,fentanyl_drc,20251011,3,3,Fentanyl,-9.0,d,151.7795989201697,130.0,10372,a20251011_rep3_Fentanyl_-9M_sample_96_bin_d_S96_merged.csv
R3_Fentanyl_-8M,fentanyl_drc,20251011,3,3,Fentanyl,-8.0,a,96.3999228692634,86.0,10372,a20251011_rep3_Fentanyl_-8M_sample_89_bin_a_S89_merged.csv
R3_Fentanyl_-8M,fentanyl_drc,20251011,3,3,Fentanyl,-8.0,b,101.39674122637872,90.0,10372,a20251011_rep3_Fentanyl_-8M_sample_90_bin_b_S90_merged.csv
R3_Fentanyl_-8M,fentanyl_drc,20251011,3,3,Fentanyl,-8.0,c,95.8006170458928,83.0,10372,a20251011_rep3_Fentanyl_-8M_sample_91_bin_c_S91_merged.csv
R3_Fentanyl_-8M,fentanyl_drc,20251011,3,3,Fentanyl,-8.0,d,97.2181835711531,82.0,10372,a20251011_rep3_Fentanyl_-8M_sample_92_bin_d_S92_merged.csv
R3_Fentanyl_-7M,fentanyl_drc,20251011,3,3,Fentanyl,-7.0,a,150.58436174315466,127.0,10372,a20251011_rep3_Fentanyl_-7M_sample_85_bin_a_S85_merged.csv
R3_Fentanyl_-7M,fentanyl_drc,20251011,3,3,Fentanyl,-7.0,b,92.98187427689936,82.0,10372,a20251011_rep3_Fentanyl_-7M_sample_86_bin_b_S86_merged.csv
R3_Fentanyl_-7M,fentanyl_drc,20251011,3,3,Fentanyl,-7.0,c,111.28364828384112,93.0,10372,a20251011_rep3_Fentanyl_-7M_sample_87_bin_c_S87_merged.csv
R3_Fentanyl_-7M,fentanyl_drc,20251011,3,3,Fentanyl,-7.0,d,113.02844195912073,93.0,10372,a20251011_rep3_Fentanyl_-7M_sample_88_bin_d_S88_merged.csv
R3_Fentanyl_-6M,fentanyl_drc,20251011,3,3,Fentanyl,-6.0,a,100.90966062475896,90.0,10372,a20251011_rep3_Fentanyl_-6M_sample_81_bin_a_S81_merged.csv
R3_Fentanyl_-6M,fentanyl_drc,20251011,3,3,Fentanyl,-6.0,b,103.52651369070574,93.0,10372,a20251011_rep3_Fentanyl_-6M_sample_82_bin_b_S82_merged.csv
R3_Fentanyl_-6M,fentanyl_drc,20251011,3,3,Fentanyl,-6.0,c,129.35036637099884,108.0,10372,a20251011_rep3_Fentanyl_-6M_sample_83_bin_c_S83_merged.csv
R3_Fentanyl_-6M,fentanyl_drc,20251011,3,3,Fentanyl,-6.0,d,145.92161588893174,114.0,10372,a20251011_rep3_Fentanyl_-6M_sample_84_bin_d_S84_merged.csv
R3_Fentanyl_-5M,fentanyl_drc,20251011,3,3,Fentanyl,-5.0,a,105.75212109525646,94.0,10372,a20251011_rep3_Fentanyl_-5M_sample_77_bin_a_S77_merged.csv
R3_Fentanyl_-5M,fentanyl_drc,20251011,3,3,Fentanyl,-5.0,b,111.01687234863093,99.0,10372,a20251011_rep3_Fentanyl_-5M_sample_78_bin_b_S78_merged.csv
R3_Fentanyl_-5M,fentanyl_drc,20251011,3,3,Fentanyl,-5.0,c,113.35701889703049,96.0,10372,a20251011_rep3_Fentanyl_-5M_sample_79_bin_c_S79_merged.csv
R3_Fentanyl_-5M,fentanyl_drc,20251011,3,3,Fentanyl,-5.0,d,120.5184149633629,98.0,10372,a20251011_rep3_Fentanyl_-5M_sample_80_bin_d_S80_merged.csv
R1_FSK_0M,morphine_drc,20251017,1,1,FSK,0.0,a,287.94764751253376,252.0,10372,a20251017_rep1_FSK_0M_sample_1_bin_a_S109_merged.csv
R1_FSK_0M,morphine_drc,20251017,1,1,FSK,0.0,b,448.6658310836869,396.0,10372,a20251017_rep1_FSK_0M_sample_2_bin_b_S110_merged.csv
R1_FSK_0M,morphine_drc,20251017,1,1,FSK,0.0,c,426.0966062475897,374.0,10372,a20251017_rep1_FSK_0M_sample_3_bin_c_S111_merged.csv
R1_FSK_0M,morphine_drc,20251017,1,1,FSK,0.0,d,394.1876205167759,342.0,10372,a20251017_rep1_FSK_0M_sample_4_bin_d_S112_merged.csv
R1_Morphine_-11.5M,morphine_drc,20251017,1,1,Morphine,-11.5,a,118.48245275742384,104.0,10372,a20251017_rep1_Morphine_-115M_sample_33_bin_a_S141_merged.csv
R1_Morphine_-11.5M,morphine_drc,20251017,1,1,Morphine,-11.5,b,101.17084458156576,89.0,10372,a20251017_rep1_Morphine_-115M_sample_34_bin_b_S142_merged.csv
R1_Morphine_-11.5M,morphine_drc,20251017,1,1,Morphine,-11.5,c,117.88796760509062,102.0,10372,a20251017_rep1_Morphine_-115M_sample_35_bin_c_S143_merged.csv
R1_Morphine_-11.5M,morphine_drc,20251017,1,1,Morphine,-11.5,d,135.27188584650983,114.0,10372,a20251017_rep1_Morphine_-115M_sample_36_bin_d_S144_merged.csv
R1_Morphine_-10.5M,morphine_drc,20251017,1,1,Morphine,-10.5,a,133.58050520632472,118.0,10372,a20251017_rep1_Morphine_-105M_sample_29_bin_a_S137_merged.csv
R1_Morphine_-10.5M,morphine_drc,20251017,1,1,Morphine,-10.5,b,145.5600655611261,128.0,10372,a20251017_rep1_Morphine_-105M_sample_30_bin_b_S138_merged.csv
R1_Morphine_-10.5M,morphine_drc,20251017,1,1,Morphine,-10.5,c,128.55119552641727,111.0,10372,a20251017_rep1_Morphine_-105M_sample_31_bin_c_S139_merged.csv
R1_Morphine_-10.5M,morphine_drc,20251017,1,1,Morphine,-10.5,d,118.48091014269188,100.0,10372,a20251017_rep1_Morphine_-105M_sample_32_bin_d_S140_merged.csv
R1_Morphine_-9.5M,morphine_drc,20251017,1,1,Morphine,-9.5,a,137.28933667566525,118.0,10372,a20251017_rep1_Morphine_-95M_sample_25_bin_a_S133_merged.csv
R1_Morphine_-9.5M,morphine_drc,20251017,1,1,Morphine,-9.5,b,113.87543386039336,98.0,10372,a20251017_rep1_Morphine_-95M_sample_26_bin_b_S134_merged.csv
R1_Morphine_-9.5M,morphine_drc,20251017,1,1,Morphine,-9.5,c,102.49816814500578,89.0,10372,a20251017_rep1_Morphine_-95M_sample_27_bin_c_S135_merged.csv
R1_Morphine_-9.5M,morphine_drc,20251017,1,1,Morphine,-9.5,d,149.16197454685692,127.5,10372,a20251017_rep1_Morphine_-95M_sample_28_bin_d_S136_merged.csv
R1_Morphine_-8.5M,morphine_drc,20251017,1,1,Morphine,-8.5,a,134.56315079059004,120.0,10372,a20251017_rep1_Morphine_-85M_sample_21_bin_a_S129_merged.csv
R1_Morphine_-8.5M,morphine_drc,20251017,1,1,Morphine,-8.5,b,130.5284419591207,115.0,10372,a20251017_rep1_Morphine_-85M_sample_22_bin_b_S130_merged.csv
R1_Morphine_-8.5M,morphine_drc,20251017,1,1,Morphine,-8.5,c,163.19919012726572,138.0,10372,a20251017_rep1_Morphine_-85M_sample_23_bin_c_S131_merged.csv
R1_Morphine_-8.5M,morphine_drc,20251017,1,1,Morphine,-8.5,d,126.18829541072115,105.0,10372,a20251017_rep1_Morphine_-85M_sample_24_bin_d_S132_merged.csv
R1_Morphine_-7.5M,morphine_drc,20251017,1,1,Morphine,-7.5,a,138.3232741997686,123.0,10372,a20251017_rep1_Morphine_-75M_sample_17_bin_a_S125_merged.csv
R1_Morphine_-7.5M,morphine_drc,20251017,1,1,Morphine,-7.5,b,132.71664095642114,118.0,10372,a20251017_rep1_Morphine_-75M_sample_18_bin_b_S126_merged.csv
R1_Morphine_-7.5M,morphine_drc,20251017,1,1,Morphine,-7.5,c,124.27313922097956,104.0,10372,a20251017_rep1_Morphine_-75M_sample_19_bin_c_S127_merged.csv
R1_Morphine_-7.5M,morphine_drc,20251017,1,1,Morphine,-7.5,d,102.58436174315464,81.0,10372,a20251017_rep1_Morphine_-75M_sample_20_bin_d_S128_merged.csv
R1_Morphine_-6.5M,morphine_drc,20251017,1,1,Morphine,-6.5,a,87.4127458542229,69.0,10372,a20251017_rep1_Morphine_-65M_sample_13_bin_a_S121_merged.csv
R1_Morphine_-6.5M,morphine_drc,20251017,1,1,Morphine,-6.5,b,129.52111453914384,115.0,10372,a20251017_rep1_Morphine_-65M_sample_14_bin_b_S122_merged.csv
R1_Morphine_-6.5M,morphine_drc,20251017,1,1,Morphine,-6.5,c,140.94890088700348,113.0,10372,a20251017_rep1_Morphine_-65M_sample_15_bin_c_S123_merged.csv
R1_Morphine_-6.5M,morphine_drc,20251017,1,1,Morphine,-6.5,d,145.97965676822213,110.0,10372,a20251017_rep1_Morphine_-65M_sample_16_bin_d_S124_merged.csv
R1_Morphine_-5.5M,morphine_drc,20251017,1,1,Morphine,-5.5,a,312.9109139992287,277.0,10372,a20251017_rep1_Morphine_-55M_sample_9_bin_a_S117_merged.csv
R1_Morphine_-5.5M,morphine_drc,20251017,1,1,Morphine,-5.5,b,233.2768993443887,208.0,10372,a20251017_rep1_Morphine_-55M_sample_10_bin_b_S118_merged.csv
R1_Morphine_-5.5M,morphine_drc,20251017,1,1,Morphine,-5.5,c,253.12514462013112,200.5,10372,a20251017_rep1_Morphine_-55M_sample_11_bin_c_S119_merged.csv
R1_Morphine_-5.5M,morphine_drc,20251017,1,1,Morphine,-5.5,d,171.9789818742769,126.0,10372,a20251017_rep1_Morphine_-55M_sample_12_bin_d_S120_merged.csv
R1_Morphine_-4.5M,morphine_drc,20251017,1,1,Morphine,-4.5,a,380.710952564597,339.0,10372,a20251017_rep1_Morphine_-45M_sample_5_bin_a_S113_merged.csv
R1_Morphine_-4.5M,morphine_drc,20251017,1,1,Morphine,-4.5,b,451.6886810644042,404.0,10372,a20251017_rep1_Morphine_-45M_sample_6_bin_b_S114_merged.csv
R1_Morphine_-4.5M,morphine_drc,20251017,1,1,Morphine,-4.5,c,248.8923062090243,205.0,10372,a20251017_rep1_Morphine_-45M_sample_7_bin_c_S115_merged.csv
R1_Morphine_-4.5M,morphine_drc,20251017,1,1,Morphine,-4.5,d,236.5298881604319,192.0,10372,a20251017_rep1_Morphine_-45M_sample_8_bin_d_S116_merged.csv
R2_FSK_0M,morphine_drc,20251018,2,2,FSK,0.0,a,114.78914384882376,102.0,10372,a20251018_rep2_FSK_0M_sample_37_bin_a_S145_merged.csv
R2_FSK_0M,morphine_drc,20251018,2,2,FSK,0.0,b,153.90117624373312,137.0,10372,a20251018_rep2_FSK_0M_sample_38_bin_b_S146_merged.csv
R2_FSK_0M,morphine_drc,20251018,2,2,FSK,0.0,c,147.0372155804088,131.0,10372,a20251018_rep2_FSK_0M_sample_39_bin_c_S147_merged.csv
R2_FSK_0M,morphine_drc,20251018,2,2,FSK,0.0,d,134.7343810258388,119.0,10372,a20251018_rep2_FSK_0M_sample_40_bin_d_S148_merged.csv
R2_Morphine_-11.5M,morphine_drc,20251018,2,2,Morphine,-11.5,a,145.4389703046664,128.0,10372,a20251018_rep2_Morphine_-115M_sample_77_bin_a_S185_merged.csv
R2_Morphine_-11.5M,morphine_drc,20251018,2,2,Morphine,-11.5,b,173.11926340146547,155.0,10372,a20251018_rep2_Morphine_-115M_sample_78_bin_b_S186_merged.csv
R2_Morphine_-11.5M,morphine_drc,20251018,2,2,Morphine,-11.5,c,140.5081951407636,124.0,10372,a20251018_rep2_Morphine_-115M_sample_79_bin_c_S187_merged.csv
R2_Morphine_-11.5M,morphine_drc,20251018,2,2,Morphine,-11.5,d,149.69947936752797,130.0,10372,a20251018_rep2_Morphine_-115M_sample_80_bin_d_S188_merged.csv
R2_Morphine_-10.5M,morphine_drc,20251018,2,2,Morphine,-10.5,a,142.86135750096415,126.0,10372,a20251018_rep2_Morphine_-105M_sample_73_bin_a_S181_merged.csv
R2_Morphine_-10.5M,morphine_drc,20251018,2,2,Morphine,-10.5,b,175.68308908600076,156.0,10372,a20251018_rep2_Morphine_-105M_sample_74_bin_b_S182_merged.csv
R2_Morphine_-10.5M,morphine_drc,20251018,2,2,Morphine,-10.5,c,191.04550713459312,167.0,10372,a20251018_rep2_Morphine_-105M_sample_75_bin_c_S183_merged.csv
R2_Morphine_-10.5M,morphine_drc,20251018,2,2,Morphine,-10.5,d,173.90937138449672,152.0,10372,a20251018_rep2_Morphine_-105M_sample_76_bin_d_S184_merged.csv
R2_Morphine_-9.5M,morphine_drc,20251018,2,2,Morphine,-9.5,a,142.37263787119167,126.0,10372,a20251018_rep2_Morphine_-95M_sample_69_bin_a_S177_merged.csv
R2_Morphine_-9.5M,morphine_drc,20251018,2,2,Morphine,-9.5,b,142.13160431932124,125.0,10372,a20251018_rep2_Morphine_-95M_sample_70_bin_b_S178_merged.csv
R2_Morphine_-9.5M,morphine_drc,20251018,2,2,Morphine,-9.5,c,166.51128037022752,147.0,10372,a20251018_rep2_Morphine_-95M_sample_71_bin_c_S179_merged.csv
R2_Morphine_-9.5M,morphine_drc,20251018,2,2,Morphine,-9.5,d,172.86338218279985,137.0,10372,a20251018_rep2_Morphine_-95M_sample_72_bin_d_S180_merged.csv
R2_Morphine_-8.5M,morphine_drc,20251018,2,2,Morphine,-8.5,a,149.99247975318164,132.0,10372,a20251018_rep2_Morphine_-85M_sample_65_bin_a_S173_merged.csv
R2_Morphine_-8.5M,morphine_drc,20251018,2,2,Morphine,-8.5,b,180.1204203625145,160.0,10372,a20251018_rep2_Morphine_-85M_sample_66_bin_b_S174_merged.csv
R2_Morphine_-8.5M,morphine_drc,20251018,2,2,Morphine,-8.5,c,155.99084072502893,137.0,10372,a20251018_rep2_Morphine_-85M_sample_67_bin_c_S175_merged.csv
R2_Morphine_-8.5M,morphine_drc,20251018,2,2,Morphine,-8.5,d,137.8366756652526,116.0,10372,a20251018_rep2_Morphine_-85M_sample_68_bin_d_S176_merged.csv
R2_Morphine_-7.5M,morphine_drc,20251018,2,2,Morphine,-7.5,a,194.5816621673737,165.0,10372,a20251018_rep2_Morphine_-75M_sample_61_bin_a_S169_merged.csv
R2_Morphine_-7.5M,morphine_drc,20251018,2,2,Morphine,-7.5,b,162.62013112225222,141.0,10372,a20251018_rep2_Morphine_-75M_sample_62_bin_b_S170_merged.csv
R2_Morphine_-7.5M,morphine_drc,20251018,2,2,Morphine,-7.5,c,142.16187813343618,118.0,10372,a20251018_rep2_Morphine_-75M_sample_63_bin_c_S171_merged.csv
R2_Morphine_-7.5M,morphine_drc,20251018,2,2,Morphine,-7.5,d,135.47570381797146,105.0,10372,a20251018_rep2_Morphine_-75M_sample_64_bin_d_S172_merged.csv
R2_Morphine_-6.5M,morphine_drc,20251018,2,2,Morphine,-6.5,a,143.0392402622445,127.0,10372,a20251018_rep2_Morphine_-65M_sample_57_bin_a_S165_merged.csv
R2_Morphine_-6.5M,morphine_drc,20251018,2,2,Morphine,-6.5,b,111.69070574623989,99.0,10372,a20251018_rep2_Morphine_-65M_sample_58_bin_b_S166_merged.csv
R2_Morphine_-6.5M,morphine_drc,20251018,2,2,Morphine,-6.5,c,117.84111068260702,94.0,10372,a20251018_rep2_Morphine_-65M_sample_59_bin_c_S167_merged.csv
R2_Morphine_-6.5M,morphine_drc,20251018,2,2,Morphine,-6.5,d,121.15850366371,90.0,10372,a20251018_rep2_Morphine_-65M_sample_60_bin_d_S168_merged.csv
R2_Morphine_-5.5M,morphine_drc,20251018,2,2,Morphine,-5.5,a,193.4027188584651,174.0,10372,a20251018_rep2_Morphine_-55M_sample_53_bin_a_S161_merged.csv
R2_Morphine_-5.5M,morphine_drc,20251018,2,2,Morphine,-5.5,b,165.05302738141148,146.5,10372,a20251018_rep2_Morphine_-55M_sample_54_bin_b_S162_merged.csv
R2_Morphine_-5.5M,morphine_drc,20251018,2,2,Morphine,-5.5,c,124.31488623216352,102.0,10372,a20251018_rep2_Morphine_-55M_sample_55_bin_c_S163_merged.csv
R2_Morphine_-5.5M,morphine_drc,20251018,2,2,Morphine,-5.5,d,123.48765908214423,96.0,10372,a20251018_rep2_Morphine_-55M_sample_56_bin_d_S164_merged.csv
R2_Morphine_-4.5M,morphine_drc,20251018,2,2,Morphine,-4.5,a,129.3576937909757,115.0,10372,a20251018_rep2_Morphine_-45M_sample_49_bin_a_S157_merged.csv
R2_Morphine_-4.5M,morphine_drc,20251018,2,2,Morphine,-4.5,b,189.30312379483223,170.0,10372,a20251018_rep2_Morphine_-45M_sample_50_bin_b_S158_merged.csv
R2_Morphine_-4.5M,morphine_drc,20251018,2,2,Morphine,-4.5,c,156.48197069032008,128.0,10372,a20251018_rep2_Morphine_-45M_sample_51_bin_c_S159_merged.csv
R2_Morphine_-4.5M,morphine_drc,20251018,2,2,Morphine,-4.5,d,119.684535287312,90.0,10372,a20251018_rep2_Morphine_-45M_sample_52_bin_d_S160_merged.csv
R3_FSK_0M,morphine_drc,20251019,3,3,FSK,0.0,a,159.4641342074817,142.0,10372,a20251019_rep3_FSK_0M_sample_81_bin_a_S189_merged.csv
R3_FSK_0M,morphine_drc,20251019,3,3,FSK,0.0,b,152.93289625915926,135.0,10372,a20251019_rep3_FSK_0M_sample_82_bin_b_S190_merged.csv
R3_FSK_0M,morphine_drc,20251019,3,3,FSK,0.0,c,190.25694176629383,159.0,10372,a20251019_rep3_FSK_0M_sample_83_bin_c_S191_merged.csv
R3_FSK_0M,morphine_drc,20251019,3,3,FSK,0.0,d,160.01995757809487,139.0,10372,a20251019_rep3_FSK_0M_sample_84_bin_d_S192_merged.csv
R3_Morphine_-11.5M,morphine_drc,20251019,3,3,Morphine,-11.5,a,86.95834940223679,76.0,10372,a20251019_rep3_Morphine_-115M_sample_121_bin_a_S229_merged.csv
R3_Morphine_-11.5M,morphine_drc,20251019,3,3,Morphine,-11.5,b,133.17016968762053,117.0,10372,a20251019_rep3_Morphine_-115M_sample_122_bin_b_S230_merged.csv
R3_Morphine_-11.5M,morphine_drc,20251019,3,3,Morphine,-11.5,c,101.95478210566912,88.0,10372,a20251019_rep3_Morphine_-115M_sample_123_bin_c_S231_merged.csv
R3_Morphine_-11.5M,morphine_drc,20251019,3,3,Morphine,-11.5,d,117.14404165059776,99.0,10372,a20251019_rep3_Morphine_-115M_sample_124_bin_d_S232_merged.csv
R3_Morphine_-10.5M,morphine_drc,20251019,3,3,Morphine,-10.5,a,144.0998843038951,127.0,10372,a20251019_rep3_Morphine_-105M_sample_117_bin_a_S225_merged.csv
R3_Morphine_-10.5M,morphine_drc,20251019,3,3,Morphine,-10.5,b,126.88362900115696,111.0,10372,a20251019_rep3_Morphine_-105M_sample_118_bin_b_S226_merged.csv
R3_Morphine_-10.5M,morphine_drc,20251019,3,3,Morphine,-10.5,c,116.69967219436946,100.0,10372,a20251019_rep3_Morphine_-105M_sample_119_bin_c_S227_merged.csv
R3_Morphine_-10.5M,morphine_drc,20251019,3,3,Morphine,-10.5,d,145.55167759352102,122.0,10372,a20251019_rep3_Morphine_-105M_sample_120_bin_d_S228_merged.csv
R3_Morphine_-9.5M,morphine_drc,20251019,3,3,Morphine,-9.5,a,96.81835711531043,86.0,10372,a20251019_rep3_Morphine_-95M_sample_113_bin_a_S221_merged.csv
R3_Morphine_-9.5M,morphine_drc,20251019,3,3,Morphine,-9.5,b,117.28528731199384,103.0,10372,a20251019_rep3_Morphine_-95M_sample_114_bin_b_S222_merged.csv
R3_Morphine_-9.5M,morphine_drc,20251019,3,3,Morphine,-9.5,c,138.2916505977632,120.0,10372,a20251019_rep3_Morphine_-95M_sample_115_bin_c_S223_merged.csv
R3_Morphine_-9.5M,morphine_drc,20251019,3,3,Morphine,-9.5,d,102.3790975703818,88.0,10372,a20251019_rep3_Morphine_-95M_sample_116_bin_d_S224_merged.csv
R3_Morphine_-8.5M,morphine_drc,20251019,3,3,Morphine,-8.5,a,103.82944465869647,90.0,10372,a20251019_rep3_Morphine_-85M_sample_109_bin_a_S217_merged.csv
R3_Morphine_-8.5M,morphine_drc,20251019,3,3,Morphine,-8.5,b,133.91361357500963,117.0,10372,a20251019_rep3_Morphine_-85M_sample_110_bin_b_S218_merged.csv
R3_Morphine_-8.5M,morphine_drc,20251019,3,3,Morphine,-8.5,c,140.52140377940609,121.0,10372,a20251019_rep3_Morphine_-85M_sample_111_bin_c_S219_merged.csv
R3_Morphine_-8.5M,morphine_drc,20251019,3,3,Morphine,-8.5,d,99.630543771693,83.0,10372,a20251019_rep3_Morphine_-85M_sample_112_bin_d_S220_merged.csv
R3_Morphine_-7.5M,morphine_drc,20251019,3,3,Morphine,-7.5,a,99.03817971461628,86.0,10372,a20251019_rep3_Morphine_-75M_sample_105_bin_a_S213_merged.csv
R3_Morphine_-7.5M,morphine_drc,20251019,3,3,Morphine,-7.5,b,123.03249132279213,108.0,10372,a20251019_rep3_Morphine_-75M_sample_106_bin_b_S214_merged.csv
R3_Morphine_-7.5M,morphine_drc,20251019,3,3,Morphine,-7.5,c,122.70391438488238,100.0,10372,a20251019_rep3_Morphine_-75M_sample_107_bin_c_S215_merged.csv
R3_Morphine_-7.5M,morphine_drc,20251019,3,3,Morphine,-7.5,d,127.8366756652526,96.0,10372,a20251019_rep3_Morphine_-75M_sample_108_bin_d_S216_merged.csv
R3_Morphine_-6.5M,morphine_drc,20251019,3,3,Morphine,-6.5,a,98.38198997300424,86.0,10372,a20251019_rep3_Morphine_-65M_sample_101_bin_a_S209_merged.csv
R3_Morphine_-6.5M,morphine_drc,20251019,3,3,Morphine,-6.5,b,88.89240262244505,77.0,10372,a20251019_rep3_Morphine_-65M_sample_102_bin_b_S210_merged.csv
R3_Morphine_-6.5M,morphine_drc,20251019,3,3,Morphine,-6.5,c,87.30678750482068,69.0,10372,a20251019_rep3_Morphine_-65M_sample_103_bin_c_S211_merged.csv
R3_Morphine_-6.5M,morphine_drc,20251019,3,3,Morphine,-6.5,d,95.1082722715002,69.0,10372,a20251019_rep3_Morphine_-65M_sample_104_bin_d_S212_merged.csv
R3_Morphine_-5.5M,morphine_drc,20251019,3,3,Morphine,-5.5,a,81.99787890474354,72.0,10372,a20251019_rep3_Morphine_-55M_sample_97_bin_a_S205_merged.csv
R3_Morphine_-5.5M,morphine_drc,20251019,3,3,Morphine,-5.5,b,107.20131122252218,93.0,10372,a20251019_rep3_Morphine_-55M_sample_98_bin_b_S206_merged.csv
R3_Morphine_-5.5M,morphine_drc,20251019,3,3,Morphine,-5.5,c,89.73274199768608,71.0,10372,a20251019_rep3_Morphine_-55M_sample_99_bin_c_S207_merged.csv
R3_Morphine_-5.5M,morphine_drc,20251019,3,3,Morphine,-5.5,d,90.2604126494408,66.0,10372,a20251019_rep3_Morphine_-55M_sample_100_bin_d_S208_merged.csv
R3_Morphine_-4.5M,morphine_drc,20251019,3,3,Morphine,-4.5,a,129.84544928654068,115.0,10372,a20251019_rep3_Morphine_-45M_sample_93_bin_a_S201_merged.csv
R3_Morphine_-4.5M,morphine_drc,20251019,3,3,Morphine,-4.5,b,157.25414577709216,138.0,10372,a20251019_rep3_Morphine_-45M_sample_94_bin_b_S202_merged.csv
R3_Morphine_-4.5M,morphine_drc,20251019,3,3,Morphine,-4.5,c,126.00472425761666,102.0,10372,a20251019_rep3_Morphine_-45M_sample_95_bin_c_S203_merged.csv
R3_Morphine_-4.5M,morphine_drc,20251019,3,3,Morphine,-4.5,d,121.86280370227536,87.0,10372,a20251019_rep3_Morphine_-45M_sample_96_bin_d_S204_merged.csv
R1_Buprenorphine_-5M,multidrug,20250805,1,1,Buprenorphine,-5.0,a,281.67142306209024,248.0,10372,a20250805_rep_1_Buprenorphine_bin_a_sample13_S17_combined.csv
R1_Buprenorphine_-5M,multidrug,20250805,1,1,Buprenorphine,-5.0,b,232.4730042421905,210.0,10372,a20250805_rep_1_Buprenorphine_bin_b_sample14_S18_combined.csv
R1_Buprenorphine_-5M,multidrug,20250805,1,1,Buprenorphine,-5.0,c,231.2442151947551,204.0,10372,a20250805_rep_1_Buprenorphine_bin_c_sample15_S19_combined.csv
R1_Buprenorphine_-5M,multidrug,20250805,1,1,Buprenorphine,-5.0,d,205.88382182799845,177.0,10372,a20250805_rep_1_Buprenorphine_bin_d_sample16_S20_combined.csv
R1_C6guano_-5M,multidrug,20250805,1,1,C6guano,-5.0,a,239.2655225607405,211.0,10372,a20250805_rep_1_C6guano_bin_a_sample21_S25_combined.csv
R1_C6guano_-5M,multidrug,20250805,1,1,C6guano,-5.0,b,244.6801966833783,217.5,10372,a20250805_rep_1_C6guano_bin_b_sample22_S26_combined.csv
R1_C6guano_-5M,multidrug,20250805,1,1,C6guano,-5.0,c,289.27834554569995,251.0,10372,a20250805_rep_1_C6guano_bin_c_sample23_S27_combined.csv
R1_C6guano_-5M,multidrug,20250805,1,1,C6guano,-5.0,d,244.5329733898959,204.0,10372,a20250805_rep_1_C6guano_bin_d_sample24_S28_combined.csv
R1_Carfentanil_-5M,multidrug,20250805,1,1,Carfentanil,-5.0,a,216.2265715387582,195.0,10372,a20250805_rep_1_carfentanil_bin_a_sample17_S21_combined.csv
R1_Carfentanil_-5M,multidrug,20250805,1,1,Carfentanil,-5.0,b,224.54435017354416,201.0,10372,a20250805_rep_1_carfentanil_bin_b_sample18_S22_combined.csv
R1_Carfentanil_-5M,multidrug,20250805,1,1,Carfentanil,-5.0,c,240.4661588893174,207.0,10372,a20250805_rep_1_carfentanil_bin_c_sample19_S23_combined.csv
R1_Carfentanil_-5M,multidrug,20250805,1,1,Carfentanil,-5.0,d,181.25771307365983,152.0,10372,a20250805_rep_1_carfentanil_bin_d_sample20_S24_combined.csv
R1_DAMGO_-5M,multidrug,20250805,1,1,DAMGO,-5.0,a,237.90985345160047,213.0,10372,a20250805_rep_1_DAMGO_bin_a_sample5_S9_combined.csv
R1_DAMGO_-5M,multidrug,20250805,1,1,DAMGO,-5.0,b,258.9347281141535,231.0,10372,a20250805_rep_1_DAMGO_bin_b_sample6_S10_combined.csv
R1_DAMGO_-5M,multidrug,20250805,1,1,DAMGO,-5.0,c,262.78239490937136,229.0,10372,a20250805_rep_1_DAMGO_bin_c_sample7_S11_combined.csv
R1_DAMGO_-5M,multidrug,20250805,1,1,DAMGO,-5.0,d,195.593038951022,165.0,10372,a20250805_rep_1_DAMGO_bin_d_sample8_S12_combined.csv
R1_FSK_0M,multidrug,20250805,1,1,FSK,0.0,a,221.19841881989973,196.0,10372,a20250805_rep_1_FSK_bin_a_sample1_S5_combined.csv
R1_FSK_0M,multidrug,20250805,1,1,FSK,0.0,b,267.0676822213652,237.0,10372,a20250805_rep_1_FSK_bin_b_sample2_S6_combined.csv
R1_FSK_0M,multidrug,20250805,1,1,FSK,0.0,c,265.553991515619,234.0,10372,a20250805_rep_1_FSK_bin_c_sample3_S7_combined.csv
R1_FSK_0M,multidrug,20250805,1,1,FSK,0.0,d,211.20863864249904,186.0,10372,a20250805_rep_1_FSK_bin_d_sample4_S8_combined.csv
R1_Morphine_-5M,multidrug,20250805,1,1,Morphine,-5.0,a,225.46606247589665,202.0,10372,a20250805_rep_1_Morphine_bin_a_sample33_S37_combined.csv
R1_Morphine_-5M,multidrug,20250805,1,1,Morphine,-5.0,b,190.93858465098344,171.0,10372,a20250805_rep_1_Morphine_bin_b_sample34_S38_combined.csv
R1_Morphine_-5M,multidrug,20250805,1,1,Morphine,-5.0,c,234.72367913613576,193.0,10372,a20250805_rep_1_Morphine_bin_c_sample35_S39_combined.csv
R1_Morphine_-5M,multidrug,20250805,1,1,Morphine,-5.0,d,180.21962977246432,149.0,10372,a20250805_rep_1_Morphine_bin_d_sample36_S40_combined.csv
R1_Naloxone_-5M,multidrug,20250805,1,1,Naloxone,-5.0,a,211.60441573467023,190.0,10372,a20250805_rep_1_Naloxone_bin_a_sample25_S29_combined.csv
R1_Naloxone_-5M,multidrug,20250805,1,1,Naloxone,-5.0,b,242.86723871962977,217.0,10372,a20250805_rep_1_Naloxone_bin_b_sample26_S30_combined.csv
R1_Naloxone_-5M,multidrug,20250805,1,1,Naloxone,-5.0,c,258.34053220208256,231.0,10372,a20250805_rep_1_Naloxone_bin_c_sample27_S31_combined.csv
R1_Naloxone_-5M,multidrug,20250805,1,1,Naloxone,-5.0,d,217.12639799460084,194.0,10372,a20250805_rep_1_Naloxone_bin_d_sample28_S32_combined.csv
R1_PZM21_-5M,multidrug,20250805,1,1,PZM21,-5.0,a,253.04213266486695,224.0,10372,a20250805_rep_1_PZM21_bin_a_sample9_S13_combined.csv
R1_PZM21_-5M,multidrug,20250805,1,1,PZM21,-5.0,b,267.0818549942152,240.0,10372,a20250805_rep_1_PZM21_bin_b_sample10_S14_combined.csv
R1_PZM21_-5M,multidrug,20250805,1,1,PZM21,-5.0,c,275.0888931739298,240.0,10372,a20250805_rep_1_PZM21_bin_c_sample11_S15_combined.csv
R1_PZM21_-5M,multidrug,20250805,1,1,PZM21,-5.0,d,210.18762051677592,172.0,10372,a20250805_rep_1_PZM21_bin_d_sample12_S16_combined.csv
R1_TRV130_-5M,multidrug,20250805,1,1,TRV130,-5.0,a,258.6296760509063,231.0,10372,a20250805_rep_1_TRV130_bin_a_sample29_S33_combined.csv
R1_TRV130_-5M,multidrug,20250805,1,1,TRV130,-5.0,b,303.56315079059004,273.0,10372,a20250805_rep_1_TRV130_bin_b_sample30_S34_combined.csv
R1_TRV130_-5M,multidrug,20250805,1,1,TRV130,-5.0,c,178.05553413035094,157.0,10372,a20250805_rep_1_TRV130_bin_c_sample31_S35_combined.csv
R1_TRV130_-5M,multidrug,20250805,1,1,TRV130,-5.0,d,261.80572695719246,217.0,10372,a20250805_rep_1_TRV130_bin_d_sample32_S36_combined.csv
R2_Buprenorphine_-5M,multidrug,20250806,2,2,Buprenorphine,-5.0,a,217.89182414192055,186.0,10372,a20250806_rep_2_Buprenorphine_bin_a_sample49_S53_combined.csv
R2_Buprenorphine_-5M,multidrug,20250806,2,2,Buprenorphine,-5.0,b,273.2259930582337,226.0,10372,a20250806_rep_2_Buprenorphine_bin_b_sample50_S54_combined.csv
R2_Buprenorphine_-5M,multidrug,20250806,2,2,Buprenorphine,-5.0,c,287.85219822599305,240.0,10372,a20250806_rep_2_Buprenorphine_bin_c_sample51_S55_combined.csv
R2_Buprenorphine_-5M,multidrug,20250806,2,2,Buprenorphine,-5.0,d,252.91978403393753,216.0,10372,a20250806_rep_2_Buprenorphine_bin_d_sample52_S56_combined.csv
R2_C6guano_-5M,multidrug,20250806,2,2,C6guano,-5.0,a,204.77815271885848,179.0,10372,a20250806_rep_2_C6guano_bin_a_sample57_S61_combined.csv
R2_C6guano_-5M,multidrug,20250806,2,2,C6guano,-5.0,b,296.1969726185885,262.0,10372,a20250806_rep_2_C6guano_bin_b_sample58_S62_combined.csv
R2_C6guano_-5M,multidrug,20250806,2,2,C6guano,-5.0,c,222.90079059005012,189.0,10372,a20250806_rep_2_C6guano_bin_c_sample59_S63_combined.csv
R2_C6guano_-5M,multidrug,20250806,2,2,C6guano,-5.0,d,200.46124180485924,160.0,10372,a20250806_rep_2_C6guano_bin_d_sample60_S64_combined.csv
R2_Carfentanil_-5M,multidrug,20250806,2,2,Carfentanil,-5.0,a,198.6263015811801,165.5,10372,a20250806_rep_2_carfentanil_bin_a_sample53_S57_combined.csv
R2_Carfentanil_-5M,multidrug,20250806,2,2,Carfentanil,-5.0,b,295.4289433089086,251.0,10372,a20250806_rep_2_carfentanil_bin_b_sample54_S58_combined.csv
R2_Carfentanil_-5M,multidrug,20250806,2,2,Carfentanil,-5.0,c,225.00906286155032,189.0,10372,a20250806_rep_2_carfentanil_bin_c_sample55_S59_combined.csv
R2_Carfentanil_-5M,multidrug,20250806,2,2,Carfentanil,-5.0,d,234.4053220208253,192.0,10372,a20250806_rep_2_carfentanil_bin_d_sample56_S60_combined.csv
R2_DAMGO_-5M,multidrug,20250806,2,2,DAMGO,-5.0,a,264.355283455457,229.0,10372,a20250806_rep_2_DAMGO_bin_a_sample41_S45_combined.csv
R2_DAMGO_-5M,multidrug,20250806,2,2,DAMGO,-5.0,b,206.4305823370613,175.0,10372,a20250806_rep_2_DAMGO_bin_b_sample42_S46_combined.csv
R2_DAMGO_-5M,multidrug,20250806,2,2,DAMGO,-5.0,c,196.09255688391823,166.0,10372,a20250806_rep_2_DAMGO_bin_c_sample43_S47_combined.csv
R2_DAMGO_-5M,multidrug,20250806,2,2,DAMGO,-5.0,d,142.88362900115695,114.0,10372,a20250806_rep_2_DAMGO_bin_d_sample44_S48_combined.csv
R2_FSK_0M,multidrug,20250806,2,2,FSK,0.0,a,177.36299652911686,144.5,10372,a20250806_rep_2_FSK_bin_a_sample37_S41_combined.csv
R2_FSK_0M,multidrug,20250806,2,2,FSK,0.0,b,228.87620516775937,196.0,10372,a20250806_rep_2_FSK_bin_b_sample38_S42_combined.csv
R2_FSK_0M,multidrug,20250806,2,2,FSK,0.0,c,239.18540300809872,205.0,10372,a20250806_rep_2_FSK_bin_c_sample39_S43_combined.csv
R2_FSK_0M,multidrug,20250806,2,2,FSK,0.0,d,260.580794446587,228.0,10372,a20250806_rep_2_FSK_bin_d_sample40_S44_combined.csv
R2_Morphine_-5M,multidrug,20250806,2,2,Morphine,-5.0,a,257.4181450057848,225.0,10372,a20250806_rep_2_Morphine_bin_a_sample69_S73_combined.csv
R2_Morphine_-5M,multidrug,20250806,2,2,Morphine,-5.0,b,264.64047435403006,230.0,10372,a20250806_rep_2_Morphine_bin_b_sample70_S74_combined.csv
R2_Morphine_-5M,multidrug,20250806,2,2,Morphine,-5.0,c,310.0448322406479,256.0,10372,a20250806_rep_2_Morphine_bin_c_sample71_S75_combined.csv
R2_Morphine_-5M,multidrug,20250806,2,2,Morphine,-5.0,d,203.6181064404165,167.0,10372,a20250806_rep_2_Morphine_bin_d_sample72_S76_combined.csv
R2_Naloxone_-5M,multidrug,20250806,2,2,Naloxone,-5.0,a,192.31151176243733,167.0,10372,a20250806_rep_2_Naloxone_bin_a_sample61_S65_combined.csv
R2_Naloxone_-5M,multidrug,20250806,2,2,Naloxone,-5.0,b,187.92219436945624,164.0,10372,a20250806_rep_2_Naloxone_bin_b_sample62_S66_combined.csv
R2_Naloxone_-5M,multidrug,20250806,2,2,Naloxone,-5.0,c,217.12360200539916,192.0,10372,a20250806_rep_2_Naloxone_bin_c_sample63_S67_combined.csv
R2_Naloxone_-5M,multidrug,20250806,2,2,Naloxone,-5.0,d,212.5618010026996,186.0,10372,a20250806_rep_2_Naloxone_bin_d_sample64_S68_combined.csv
R2_PZM21_-5M,multidrug,20250806,2,2,PZM21,-5.0,a,250.49623987659083,217.0,10372,a20250806_rep_2_PZM21_bin_a_sample45_S49_combined.csv
R2_PZM21_-5M,multidrug,20250806,2,2,PZM21,-5.0,b,227.0626687234863,201.0,10372,a20250806_rep_2_PZM21_bin_b_sample46_S50_combined.csv
R2_PZM21_-5M,multidrug,20250806,2,2,PZM21,-5.0,c,226.26397994600848,195.0,10372,a20250806_rep_2_PZM21_bin_c_sample47_S51_combined.csv
R2_PZM21_-5M,multidrug,20250806,2,2,PZM21,-5.0,d,240.91158889317393,195.0,10372,a20250806_rep_2_PZM21_bin_d_sample48_S52_combined.csv
R2_TRV130_-5M,multidrug,20250806,2,2,TRV130,-5.0,a,170.21529116853063,147.0,10372,a20250806_rep_2_TRV130_bin_a_sample65_S69_combined.csv
R2_TRV130_-5M,multidrug,20250806,2,2,TRV130,-5.0,b,245.3602969533359,218.0,10372,a20250806_rep_2_TRV130_bin_b_sample66_S70_combined.csv
R2_TRV130_-5M,multidrug,20250806,2,2,TRV130,-5.0,c,243.2374662553027,209.0,10372,a20250806_rep_2_TRV130_bin_c_sample67_S71_combined.csv
R2_TRV130_-5M,multidrug,20250806,2,2,TRV130,-5.0,d,227.78837254145776,185.0,10372,a20250806_rep_2_TRV130_bin_d_sample68_S72_combined.csv
R3_Buprenorphine_-5M,multidrug,20250807,3,3,Buprenorphine,-5.0,a,215.65609332819128,185.0,10372,a20250807_rep_3_Buprenorphine_bin_a_sample85_S89_combined.csv
R3_Buprenorphine_-5M,multidrug,20250807,3,3,Buprenorphine,-5.0,b,166.9049363671423,147.0,10372,a20250807_rep_3_Buprenorphine_bin_b_sample86_S90_combined.csv
R3_Buprenorphine_-5M,multidrug,20250807,3,3,Buprenorphine,-5.0,c,289.7415156189742,224.0,10372,a20250807_rep_3_Buprenorphine_bin_c_sample87_S91_combined.csv
R3_Buprenorphine_-5M,multidrug,20250807,3,3,Buprenorphine,-5.0,d,220.7418048592364,186.0,10372,a20250807_rep_3_Buprenorphine_bin_d_sample88_S92_combined.csv
R3_C6guano_-5M,multidrug,20250807,3,3,C6guano,-5.0,a,258.78721558040877,224.0,10372,a20250807_rep_3_C6guano_bin_a_sample93_S97_combined.csv
R3_C6guano_-5M,multidrug,20250807,3,3,C6guano,-5.0,b,228.29917084458157,199.0,10372,a20250807_rep_3_C6guano_bin_b_sample94_S98_combined.csv
R3_C6guano_-5M,multidrug,20250807,3,3,C6guano,-5.0,c,238.21885846509835,195.5,10372,a20250807_rep_3_C6guano_bin_c_sample95_S99_combined.csv
R3_C6guano_-5M,multidrug,20250807,3,3,C6guano,-5.0,d,202.95401079830313,166.0,10372,a20250807_rep_3_C6guano_bin_d_sample96_S100_combined.csv
R3_Carfentanil_-5M,multidrug,20250807,3,3,Carfentanil,-5.0,a,313.31469340532203,270.0,10372,a20250807_rep_3_carfentanil_bin_a_sample89_S93_combined.csv
R3_Carfentanil_-5M,multidrug,20250807,3,3,Carfentanil,-5.0,b,281.06035480138837,241.0,10372,a20250807_rep_3_carfentanil_bin_b_sample90_S94_combined.csv
R3_Carfentanil_-5M,multidrug,20250807,3,3,Carfentanil,-5.0,c,239.88999228692632,200.0,10372,a20250807_rep_3_carfentanil_bin_c_sample91_S95_combined.csv
R3_Carfentanil_-5M,multidrug,20250807,3,3,Carfentanil,-5.0,d,205.70584265329737,175.0,10372,a20250807_rep_3_carfentanil_bin_d_sample92_S96_combined.csv
R3_DAMGO_-5M,multidrug,20250807,3,3,DAMGO,-5.0,a,271.4669301966834,240.0,10372,a20250807_rep_3_DAMGO_bin_a_sample77_S81_combined.csv
R3_DAMGO_-5M,multidrug,20250807,3,3,DAMGO,-5.0,b,228.61424990358657,202.0,10372,a20250807_rep_3_DAMGO_bin_b_sample78_S82_combined.csv
R3_DAMGO_-5M,multidrug,20250807,3,3,DAMGO,-5.0,c,264.2982067103741,226.0,10372,a20250807_rep_3_DAMGO_bin_c_sample79_S83_combined.csv
R3_DAMGO_-5M,multidrug,20250807,3,3,DAMGO,-5.0,d,293.8606826070189,244.0,10372,a20250807_rep_3_DAMGO_bin_d_sample80_S84_combined.csv
R3_FSK_0M,multidrug,20250807,3,3,FSK,0.0,a,320.38989587350557,272.0,10372,a20250807_rep_3_FSK_bin_a_sample73_S77_combined.csv
R3_FSK_0M,multidrug,20250807,3,3,FSK,0.0,b,257.36579251831853,224.0,10372,a20250807_rep_3_FSK_bin_b_sample74_S78_combined.csv
R3_FSK_0M,multidrug,20250807,3,3,FSK,0.0,c,293.2345738526803,255.0,10372,a20250807_rep_3_FSK_bin_c_sample75_S79_combined.csv
R3_FSK_0M,multidrug,20250807,3,3,FSK,0.0,d,245.07394909371385,216.0,10372,a20250807_rep_3_FSK_bin_d_sample76_S80_combined.csv
R3_Morphine_-5M,multidrug,20250807,3,3,Morphine,-5.0,a,241.1456806787505,208.0,10372,a20250807_rep_3_Morphine_bin_a_sample105_S109_combined.csv
R3_Morphine_-5M,multidrug,20250807,3,3,Morphine,-5.0,b,231.19244118781333,197.0,10372,a20250807_rep_3_Morphine_bin_b_sample106_S110_combined.csv
R3_Morphine_-5M,multidrug,20250807,3,3,Morphine,-5.0,c,197.5750096413421,172.0,10372,a20250807_rep_3_Morphine_bin_c_sample107_S111_combined.csv
R3_Morphine_-5M,multidrug,20250807,3,3,Morphine,-5.0,d,236.526417277285,198.5,10372,a20250807_rep_3_Morphine_bin_d_sample108_S112_combined.csv
R3_Naloxone_-5M,multidrug,20250807,3,3,Naloxone,-5.0,a,164.671519475511,141.0,10372,a20250807_rep_3_Naloxone_bin_a_sample97_S101_combined.csv
R3_Naloxone_-5M,multidrug,20250807,3,3,Naloxone,-5.0,b,166.9311608175858,144.0,10372,a20250807_rep_3_Naloxone_bin_b_sample98_S102_combined.csv
R3_Naloxone_-5M,multidrug,20250807,3,3,Naloxone,-5.0,c,180.4311608175858,156.0,10372,a20250807_rep_3_Naloxone_bin_c_sample99_S103_combined.csv
R3_Naloxone_-5M,multidrug,20250807,3,3,Naloxone,-5.0,d,215.34622059390668,185.0,10372,a20250807_rep_3_Naloxone_bin_d_sample100_S104_combined.csv
R3_PZM21_-5M,multidrug,20250807,3,3,PZM21,-5.0,a,302.9336675665253,268.0,10372,a20250807_rep_3_PZM21_bin_a_sample81_S85_combined.csv
R3_PZM21_-5M,multidrug,20250807,3,3,PZM21,-5.0,b,285.89452371770153,257.0,10372,a20250807_rep_3_PZM21_bin_b_sample82_S86_combined.csv
R3_PZM21_-5M,multidrug,20250807,3,3,PZM21,-5.0,c,269.7327419976861,233.0,10372,a20250807_rep_3_PZM21_bin_c_sample83_S87_combined.csv
R3_PZM21_-5M,multidrug,20250807,3,3,PZM21,-5.0,d,315.14259544928655,251.0,10372,a20250807_rep_3_PZM21_bin_d_sample84_S88_combined.csv
R3_TRV130_-5M,multidrug,20250807,3,3,TRV130,-5.0,a,149.4155418434246,130.0,10372,a20250807_rep_3_TRV130_bin_a_sample101_S105_combined.csv
R3_TRV130_-5M,multidrug,20250807,3,3,TRV130,-5.0,b,224.3867142306209,194.0,10372,a20250807_rep_3_TRV130_bin_b_sample102_S106_combined.csv
R3_TRV130_-5M,multidrug,20250807,3,3,TRV130,-5.0,c,260.7299460084844,230.0,10372,a20250807_rep_3_TRV130_bin_c_sample103_S107_combined.csv
R3_TRV130_-5M,multidrug,20250807,3,3,TRV130,-5.0,d,173.8126687234863,149.0,10372,a20250807_rep_3_TRV130_bin_d_sample104_S108_combined.csv
R1_DAMGO_-5M,multidrug,20250813,1,4,DAMGO,-5.0,a,266.79377169301966,230.0,10372,a20250813_rep_4_DAMGO_bin_A_sample5_S637_combined.csv
R1_DAMGO_-5M,multidrug,20250813,1,4,DAMGO,-5.0,b,273.41583108368684,236.0,10372,a20250813_rep_4_DAMGO_bin_B_sample6_S638_combined.csv
R1_DAMGO_-5M,multidrug,20250813,1,4,DAMGO,-5.0,c,239.9031045121481,205.0,10372,a20250813_rep_4_DAMGO_bin_C_sample7_S639_combined.csv
R1_DAMGO_-5M,multidrug,20250813,1,4,DAMGO,-5.0,d,242.5033744697262,196.0,10372,a20250813_rep_4_DAMGO_bin_D_sample8_S640_combined.csv
R1_FSK_0M,multidrug,20250813,1,4,FSK,0.0,a,474.69986502121094,403.0,10372,a20250813_rep_4_FSK_bin_A_sample1_S633_combined.csv
R1_FSK_0M,multidrug,20250813,1,4,FSK,0.0,b,330.07780563054376,285.0,10372,a20250813_rep_4_FSK_bin_B_sample2_S634_combined.csv
R1_FSK_0M,multidrug,20250813,1,4,FSK,0.0,c,362.6882954107212,313.0,10372,a20250813_rep_4_FSK_bin_C_sample3_S635_combined.csv
R1_FSK_0M,multidrug,20250813,1,4,FSK,0.0,d,340.366756652526,286.0,10372,a20250813_rep_4_FSK_bin_D_sample4_S636_combined.csv
R1_Fentanyl_-5M,multidrug,20250813,1,1,Fentanyl,-5.0,a,230.48177786347856,201.0,10372,a20250813_rep_1_Fentanyl_bin_A_sample21_S653_combined.csv
R1_Fentanyl_-5M,multidrug,20250813,1,1,Fentanyl,-5.0,b,246.50973775549556,214.0,10372,a20250813_rep_1_Fentanyl_bin_B_sample22_S654_combined.csv
R1_Fentanyl_-5M,multidrug,20250813,1,1,Fentanyl,-5.0,c,316.61145391438487,262.0,10372,a20250813_rep_1_Fentanyl_bin_C_sample23_S655_combined.csv
R1_Fentanyl_-5M,multidrug,20250813,1,1,Fentanyl,-5.0,d,216.8065946779792,173.0,10372,a20250813_rep_1_Fentanyl_bin_D_sample24_S656_combined.csv
R1_Methadone_-5M,multidrug,20250813,1,1,Methadone,-5.0,a,249.41824141920551,213.0,10372,a20250813_rep_1_Methadone_bin_A_sample29_S661_combined.csv
R1_Methadone_-5M,multidrug,20250813,1,1,Methadone,-5.0,b,279.24623987659083,242.0,10372,a20250813_rep_1_Methadone_bin_B_sample30_S662_combined.csv
R1_Methadone_-5M,multidrug,20250813,1,1,Methadone,-5.0,c,239.6737369841882,200.0,10372,a20250813_rep_1_Methadone_bin_C_sample31_S663_combined.csv
R1_Methadone_-5M,multidrug,20250813,1,1,Methadone,-5.0,d,265.6625530273814,213.0,10372,a20250813_rep_1_Methadone_bin_D_sample32_S664_combined.csv
R1_MP_-5M,multidrug,20250813,1,1,Mitragynine Pseudoindoxyl,-5.0,a,278.8561511762437,232.0,10372,a20250813_rep_1_MP_bin_A_sample25_S657_combined.csv
R1_MP_-5M,multidrug,20250813,1,1,Mitragynine Pseudoindoxyl,-5.0,b,278.4918048592364,237.0,10372,a20250813_rep_1_MP_bin_B_sample26_S658_combined.csv
R1_MP_-5M,multidrug,20250813,1,1,Mitragynine Pseudoindoxyl,-5.0,c,214.7472040107983,179.0,10372,a20250813_rep_1_MP_bin_C_sample27_S659_combined.csv
R1_MP_-5M,multidrug,20250813,1,1,Mitragynine Pseudoindoxyl,-5.0,d,199.58513305052065,171.0,10372,a20250813_rep_1_MP_bin_D_sample28_S660_combined.csv
R1_Nalbuphine_-5M,multidrug,20250813,1,1,Nalbuphine,-5.0,a,435.5307558812187,341.0,10372,a20250813_rep_1_Nalbuphine_bin_A_sample13_S645_combined.csv
R1_Nalbuphine_-5M,multidrug,20250813,1,1,Nalbuphine,-5.0,b,284.0496529116853,243.5,10372,a20250813_rep_1_Nalbuphine_bin_B_sample14_S646_combined.csv
R1_Nalbuphine_-5M,multidrug,20250813,1,1,Nalbuphine,-5.0,c,338.8428461241805,287.0,10372,a20250813_rep_1_Nalbuphine_bin_C_sample15_S647_combined.csv
R1_Nalbuphine_-5M,multidrug,20250813,1,1,Nalbuphine,-5.0,d,214.93829541072117,172.0,10372,a20250813_rep_1_Nalbuphine_bin_D_sample16_S648_combined.csv
R1_Naltrexone_-5M,multidrug,20250813,1,1,Naltrexone,-5.0,a,217.84400308522947,183.0,10372,a20250813_rep_1_Naltrexone_bin_A_sample33_S665_combined.csv
R1_Naltrexone_-5M,multidrug,20250813,1,1,Naltrexone,-5.0,b,181.4791747011184,155.0,10372,a20250813_rep_1_Naltrexone_bin_B_sample34_S666_combined.csv
R1_Naltrexone_-5M,multidrug,20250813,1,1,Naltrexone,-5.0,c,234.56276513690705,196.0,10372,a20250813_rep_1_Naltrexone_bin_C_sample35_S667_combined.csv
R1_Naltrexone_-5M,multidrug,20250813,1,1,Naltrexone,-5.0,d,285.657346702661,235.0,10372,a20250813_rep_1_Naltrexone_bin_D_sample36_S668_combined.csv
R1_SR17018_-5M,multidrug,20250813,1,1,SR17018,-5.0,a,269.84911299652913,230.0,10372,a20250813_rep_1_SR17018_bin_A_sample17_S649_combined.csv
R1_SR17018_-5M,multidrug,20250813,1,1,SR17018,-5.0,b,250.6421133821828,219.0,10372,a20250813_rep_1_SR17018_bin_B_sample18_S650_combined.csv
R1_SR17018_-5M,multidrug,20250813,1,1,SR17018,-5.0,c,235.90946779791747,199.0,10372,a20250813_rep_1_SR17018_bin_C_sample19_S651_combined.csv
R1_SR17018_-5M,multidrug,20250813,1,1,SR17018,-5.0,d,206.81074045507137,163.0,10372,a20250813_rep_1_SR17018_bin_D_sample20_S652_combined.csv
R1_TRV130_-5M,multidrug,20250813,1,1,TRV130,-5.0,a,363.37456613960666,302.0,10372,a20250813_rep_4_TRV130_bin_A_sample9_S641_combined.csv
R1_TRV130_-5M,multidrug,20250813,1,1,TRV130,-5.0,b,226.25877362128807,195.0,10372,a20250813_rep_4_TRV130_bin_B_sample10_S642_combined.csv
R1_TRV130_-5M,multidrug,20250813,1,1,TRV130,-5.0,c,284.48312765136905,236.0,10372,a20250813_rep_4_TRV130_bin_C_sample11_S643_combined.csv
R1_TRV130_-5M,multidrug,20250813,1,1,TRV130,-5.0,d,411.4685692248361,303.0,10372,a20250813_rep_4_TRV130_bin_D_sample12_S644_combined.csv
R2_Butorphanol_-5M,multidrug,20250814,2,2,Butorphanol,-5.0,a,283.09101426918625,249.0,10372,a20250814_rep_2_Butorphanol_bin_A_sample49_S681_combined.csv
R2_Butorphanol_-5M,multidrug,20250814,2,2,Butorphanol,-5.0,b,305.16062475896643,272.0,10372,a20250814_rep_2_Butorphanol_bin_B_sample50_S682_combined.csv
R2_Butorphanol_-5M,multidrug,20250814,2,2,Butorphanol,-5.0,c,210.66988044735828,181.0,10372,a20250814_rep_2_Butorphanol_bin_C_sample51_S683_combined.csv
R2_Butorphanol_-5M,multidrug,20250814,2,2,Butorphanol,-5.0,d,222.63681064404165,180.0,10372,a20250814_rep_2_Butorphanol_bin_D_sample52_S684_combined.csv
R2_DAMGO_-5M,multidrug,20250814,2,5,DAMGO,-5.0,a,229.12707288854608,202.0,10372,a20250814_rep_5_DAMGO_bin_A_sample45_S677_combined.csv
R2_DAMGO_-5M,multidrug,20250814,2,5,DAMGO,-5.0,b,244.643559583494,216.0,10372,a20250814_rep_5_DAMGO_bin_B_sample46_S678_combined.csv
R2_DAMGO_-5M,multidrug,20250814,2,5,DAMGO,-5.0,c,249.97387196297728,212.0,10372,a20250814_rep_5_DAMGO_bin_C_sample47_S679_combined.csv
R2_DAMGO_-5M,multidrug,20250814,2,5,DAMGO,-5.0,d,240.47146162745855,189.0,10372,a20250814_rep_5_DAMGO_bin_D_sample48_S680_combined.csv
R2_FSK_0M,multidrug,20250814,2,5,FSK,0.0,a,238.3076552256074,209.0,10372,a20250814_rep_5_FSK_bin_A_sample41_S673_combined.csv
R2_FSK_0M,multidrug,20250814,2,5,FSK,0.0,b,210.48341689163132,187.0,10372,a20250814_rep_5_FSK_bin_B_sample42_S674_combined.csv
R2_FSK_0M,multidrug,20250814,2,5,FSK,0.0,c,240.26610104126493,213.0,10372,a20250814_rep_5_FSK_bin_C_sample43_S675_combined.csv
R2_FSK_0M,multidrug,20250814,2,5,FSK,0.0,d,183.91766293868108,162.0,10372,a20250814_rep_5_FSK_bin_D_sample44_S676_combined.csv
R2_Fentanyl_-5M,multidrug,20250814,2,2,Fentanyl,-5.0,a,342.99296182028536,302.0,10372,a20250814_rep_2_Fentanyl_bin_A_sample61_S693_combined.csv
R2_Fentanyl_-5M,multidrug,20250814,2,2,Fentanyl,-5.0,b,359.54126494408024,317.0,10372,a20250814_rep_2_Fentanyl_bin_B_sample62_S694_combined.csv
R2_Fentanyl_-5M,multidrug,20250814,2,2,Fentanyl,-5.0,c,249.5068453528731,219.0,10372,a20250814_rep_2_Fentanyl_bin_C_sample63_S695_combined.csv
R2_Fentanyl_-5M,multidrug,20250814,2,2,Fentanyl,-5.0,d,210.5725028924026,173.0,10372,a20250814_rep_2_Fentanyl_bin_D_sample64_S696_combined.csv
R2_Methadone_-5M,multidrug,20250814,2,2,Methadone,-5.0,a,251.1220593906672,222.0,10372,a20250814_rep_2_Methadone_bin_A_sample69_S701_combined.csv
R2_Methadone_-5M,multidrug,20250814,2,2,Methadone,-5.0,b,286.09294253760123,252.0,10372,a20250814_rep_2_Methadone_bin_B_sample70_S702_combined.csv
R2_Methadone_-5M,multidrug,20250814,2,2,Methadone,-5.0,c,335.8700347088315,295.0,10372,a20250814_rep_2_Methadone_bin_C_sample71_S703_combined.csv
R2_Methadone_-5M,multidrug,20250814,2,2,Methadone,-5.0,d,274.91988044735825,222.0,10372,a20250814_rep_2_Methadone_bin_D_sample72_S704_combined.csv
R2_MP_-5M,multidrug,20250814,2,2,Mitragynine Pseudoindoxyl,-5.0,a,249.5230428075588,219.5,10372,a20250814_rep_2_MP_bin_A_sample65_S697_combined.csv
R2_MP_-5M,multidrug,20250814,2,2,Mitragynine Pseudoindoxyl,-5.0,b,274.5859043578866,243.0,10372,a20250814_rep_2_MP_bin_B_sample66_S698_combined.csv
R2_MP_-5M,multidrug,20250814,2,2,Mitragynine Pseudoindoxyl,-5.0,c,4.153200925568839,3.0,10372,a20250814_rep_2_MP_bin_C_sample67_S699_combined.csv
R2_MP_-5M,multidrug,20250814,2,2,Mitragynine Pseudoindoxyl,-5.0,d,224.2429618202854,190.0,10372,a20250814_rep_2_MP_bin_D_sample68_S700_combined.csv
R2_Nalbuphine_-5M,multidrug,20250814,2,2,Nalbuphine,-5.0,a,275.9791747011184,245.0,10372,a20250814_rep_2_Nalbuphine_bin_A_sample53_S685_combined.csv
R2_Nalbuphine_-5M,multidrug,20250814,2,2,Nalbuphine,-5.0,b,229.74354030080988,202.0,10372,a20250814_rep_2_Nalbuphine_bin_B_sample54_S686_combined.csv
R2_Nalbuphine_-5M,multidrug,20250814,2,2,Nalbuphine,-5.0,c,155.34776320863864,134.0,10372,a20250814_rep_2_Nalbuphine_bin_C_sample55_S687_combined.csv
R2_Nalbuphine_-5M,multidrug,20250814,2,2,Nalbuphine,-5.0,d,164.95188970304667,134.0,10372,a20250814_rep_2_Nalbuphine_bin_D_sample56_S688_combined.csv
R2_Naltrexone_-5M,multidrug,20250814,2,2,Naltrexone,-5.0,a,272.5178364828384,240.0,10372,a20250814_rep_2_Naltrexone_bin_A_sample73_S705_combined.csv
R2_Naltrexone_-5M,multidrug,20250814,2,2,Naltrexone,-5.0,b,284.75588121866565,252.0,10372,a20250814_rep_2_Naltrexone_bin_B_sample74_S706_combined.csv
R2_Naltrexone_-5M,multidrug,20250814,2,2,Naltrexone,-5.0,c,407.2039143848823,361.0,10372,a20250814_rep_2_Naltrexone_bin_C_sample75_S707_combined.csv
R2_Naltrexone_-5M,multidrug,20250814,2,2,Naltrexone,-5.0,d,303.7223293482453,269.0,10372,a20250814_rep_2_Naltrexone_bin_D_sample76_S708_combined.csv
R2_SR17018_-5M,multidrug,20250814,2,2,SR17018,-5.0,a,242.37822984959507,216.0,10372,a20250814_rep_2_SR17018_bin_A_sample57_S689_combined.csv
R2_SR17018_-5M,multidrug,20250814,2,2,SR17018,-5.0,b,218.13218279984576,192.0,10372,a20250814_rep_2_SR17018_bin_B_sample58_S690_combined.csv
R2_SR17018_-5M,multidrug,20250814,2,2,SR17018,-5.0,c,267.14278827612804,230.0,10372,a20250814_rep_2_SR17018_bin_C_sample59_S691_combined.csv
R2_SR17018_-5M,multidrug,20250814,2,2,SR17018,-5.0,d,227.64982645584263,189.0,10372,a20250814_rep_2_SR17018_bin_D_sample60_S692_combined.csv
R2_Butorphanol_-5M,multidrug,20250815,2,2,Butorphanol,-5.0,a,313.63141149247974,272.0,10372,a20250815_rep_3_Butorphanol_bin_A_sample85_S717_combined.csv
R2_Butorphanol_-5M,multidrug,20250815,2,2,Butorphanol,-5.0,b,213.20053991515616,191.0,10372,a20250815_rep_3_Butorphanol_bin_B_sample86_S718_combined.csv
R2_Butorphanol_-5M,multidrug,20250815,2,2,Butorphanol,-5.0,c,219.803605861936,189.0,10372,a20250815_rep_3_Butorphanol_bin_C_sample87_S719_combined.csv
R2_Butorphanol_-5M,multidrug,20250815,2,2,Butorphanol,-5.0,d,191.0682607018897,152.0,10372,a20250815_rep_3_Butorphanol_bin_D_sample88_S720_combined.csv
R2_DAMGO_-5M,multidrug,20250815,2,6,DAMGO,-5.0,a,269.18906671808713,238.0,10372,a20250815_rep_6_DAMGO_bin_A_sample81_S713_combined.csv
R2_DAMGO_-5M,multidrug,20250815,2,6,DAMGO,-5.0,b,259.1326648669495,229.0,10372,a20250815_rep_6_DAMGO_bin_B_sample82_S714_combined.csv
R2_DAMGO_-5M,multidrug,20250815,2,6,DAMGO,-5.0,c,291.66679521789433,247.5,10372,a20250815_rep_6_DAMGO_bin_C_sample83_S715_combined.csv
R2_DAMGO_-5M,multidrug,20250815,2,6,DAMGO,-5.0,d,324.16525260316234,276.0,10372,a20250815_rep_6_DAMGO_bin_D_sample84_S716_combined.csv
R2_FSK_0M,multidrug,20250815,2,6,FSK,0.0,a,238.23573081372928,209.0,10372,a20250815_rep_6_FSK_bin_A_sample77_S709_combined.csv
R2_FSK_0M,multidrug,20250815,2,6,FSK,0.0,b,288.97367913613573,257.0,10372,a20250815_rep_6_FSK_bin_B_sample78_S710_combined.csv
R2_FSK_0M,multidrug,20250815,2,6,FSK,0.0,c,262.3707096027767,234.0,10372,a20250815_rep_6_FSK_bin_C_sample79_S711_combined.csv
R2_FSK_0M,multidrug,20250815,2,6,FSK,0.0,d,228.1384496721944,203.0,10372,a20250815_rep_6_FSK_bin_D_sample80_S712_combined.csv
R2_Fentanyl_-5M,multidrug,20250815,2,2,Fentanyl,-5.0,a,62.02323563440031,45.0,10372,a20250815_rep_3_Fentanyl_bin_A_sample97_S729_combined.csv
R2_Fentanyl_-5M,multidrug,20250815,2,2,Fentanyl,-5.0,b,246.55534130350944,220.0,10372,a20250815_rep_3_Fentanyl_bin_B_sample98_S730_combined.csv
R2_Fentanyl_-5M,multidrug,20250815,2,2,Fentanyl,-5.0,c,199.0351908985731,168.0,10372,a20250815_rep_3_Fentanyl_bin_C_sample99_S731_combined.csv
R2_Fentanyl_-5M,multidrug,20250815,2,2,Fentanyl,-5.0,d,184.19224836097183,149.0,10372,a20250815_rep_3_Fentanyl_bin_D_sample100_S732_combined.csv
R2_Methadone_-5M,multidrug,20250815,2,2,Methadone,-5.0,a,253.3757231006556,222.0,10372,a20250815_rep_3_Methadone_bin_A_sample105_S737_combined.csv
R2_Methadone_-5M,multidrug,20250815,2,2,Methadone,-5.0,b,253.1384496721944,226.0,10372,a20250815_rep_3_Methadone_bin_B_sample106_S738_combined.csv
R2_Methadone_-5M,multidrug,20250815,2,2,Methadone,-5.0,c,279.3798688777478,237.0,10372,a20250815_rep_3_Methadone_bin_C_sample107_S739_combined.csv
R2_Methadone_-5M,multidrug,20250815,2,2,Methadone,-5.0,d,291.223197069032,232.0,10372,a20250815_rep_3_Methadone_bin_D_sample108_S740_combined.csv
R2_MP_-5M,multidrug,20250815,2,2,Mitragynine Pseudoindoxyl,-5.0,a,246.3408214423448,213.0,10372,a20250815_rep_3_MP_bin_A_sample101_S733_combined.csv
R2_MP_-5M,multidrug,20250815,2,2,Mitragynine Pseudoindoxyl,-5.0,b,148.00347088314695,128.0,10372,a20250815_rep_3_MP_bin_B_sample102_S734_combined.csv
R2_MP_-5M,multidrug,20250815,2,2,Mitragynine Pseudoindoxyl,-5.0,c,172.36820285383726,145.0,10372,a20250815_rep_3_MP_bin_C_sample103_S735_combined.csv
R2_MP_-5M,multidrug,20250815,2,2,Mitragynine Pseudoindoxyl,-5.0,d,194.84139992286927,156.0,10372,a20250815_rep_3_MP_bin_D_sample104_S736_combined.csv
R2_Naltrexone_-5M,multidrug,20250815,2,2,Naltrexone,-5.0,a,130.815464712688,116.0,10372,a20250815_rep_3_Naltrexone_bin_A_sample109_S741_combined.csv
R2_Naltrexone_-5M,multidrug,20250815,2,2,Naltrexone,-5.0,b,224.6911878133436,200.0,10372,a20250815_rep_3_Naltrexone_bin_B_sample110_S742_combined.csv
R2_Naltrexone_-5M,multidrug,20250815,2,2,Naltrexone,-5.0,c,327.20854222907826,290.0,10372,a20250815_rep_3_Naltrexone_bin_C_sample111_S743_combined.csv
R2_Naltrexone_-5M,multidrug,20250815,2,2,Naltrexone,-5.0,d,199.5029888160432,173.0,10372,a20250815_rep_3_Naltrexone_bin_D_sample112_S744_combined.csv
R2_SR17018_-5M,multidrug,20250815,2,2,SR17018,-5.0,a,213.1823177786348,188.0,10372,a20250815_rep_3_SR17018_bin_A_sample93_S725_combined.csv
R2_SR17018_-5M,multidrug,20250815,2,2,SR17018,-5.0,b,238.4091785576552,210.0,10372,a20250815_rep_3_SR17018_bin_B_sample94_S726_combined.csv
R2_SR17018_-5M,multidrug,20250815,2,2,SR17018,-5.0,c,254.697936752796,217.0,10372,a20250815_rep_3_SR17018_bin_C_sample95_S727_combined.csv
R2_SR17018_-5M,multidrug,20250815,2,2,SR17018,-5.0,d,267.4257616660239,214.0,10372,a20250815_rep_3_SR17018_bin_D_sample96_S728_combined.csv
R4_Butorphanol_-5M,multidrug,20250816,4,4,Butorphanol,-5.0,a,183.130929425376,161.0,10372,a20250816_rep_4_Butorphanol_bin_A_sample121_S753_combined.csv
R4_Butorphanol_-5M,multidrug,20250816,4,4,Butorphanol,-5.0,b,201.82337061318935,178.0,10372,a20250816_rep_4_Butorphanol_bin_B_sample122_S754_combined.csv
R4_Butorphanol_-5M,multidrug,20250816,4,4,Butorphanol,-5.0,c,223.05187042036252,191.0,10372,a20250816_rep_4_Butorphanol_bin_C_sample123_S755_combined.csv
R4_Butorphanol_-5M,multidrug,20250816,4,4,Butorphanol,-5.0,d,167.73669494793674,133.0,10372,a20250816_rep_4_Butorphanol_bin_D_sample124_S756_combined.csv
R4_Carfentanil_-5M,multidrug,20250816,4,4,Carfentanil,-5.0,a,152.69330890860007,136.0,10372,a20250816_rep_4_carfentanil_bin_A_sample133_S765_combined.csv
R4_Carfentanil_-5M,multidrug,20250816,4,4,Carfentanil,-5.0,b,196.30148476667952,173.0,10372,a20250816_rep_4_carfentanil_bin_B_sample134_S766_combined.csv
R4_Carfentanil_-5M,multidrug,20250816,4,4,Carfentanil,-5.0,c,155.76908985730813,133.0,10372,a20250816_rep_4_carfentanil_bin_C_sample135_S767_combined.csv
R4_Carfentanil_-5M,multidrug,20250816,4,4,Carfentanil,-5.0,d,159.55563054377168,131.0,10372,a20250816_rep_4_carfentanil_bin_D_sample136_S768_combined.csv
R4_DAMGO_-5M,multidrug,20250816,4,7,DAMGO,-5.0,a,301.6786540686464,268.0,10372,a20250816_rep_7_DAMGO_bin_A_sample117_S749_combined.csv
R4_DAMGO_-5M,multidrug,20250816,4,7,DAMGO,-5.0,b,247.93029309679903,219.0,10372,a20250816_rep_7_DAMGO_bin_B_sample118_S750_combined.csv
R4_DAMGO_-5M,multidrug,20250816,4,7,DAMGO,-5.0,c,188.4919976860779,163.0,10372,a20250816_rep_7_DAMGO_bin_C_sample119_S751_combined.csv
R4_DAMGO_-5M,multidrug,20250816,4,7,DAMGO,-5.0,d,228.86463555726957,185.0,10372,a20250816_rep_7_DAMGO_bin_D_sample120_S752_combined.csv
R4_FSK_0M,multidrug,20250816,4,7,FSK,0.0,a,190.2119166988045,167.0,10372,a20250816_rep_7_FSK_bin_A_sample113_S745_combined.csv
R4_FSK_0M,multidrug,20250816,4,7,FSK,0.0,b,253.948708060162,228.0,10372,a20250816_rep_7_FSK_bin_B_sample114_S746_combined.csv
R4_FSK_0M,multidrug,20250816,4,7,FSK,0.0,c,191.44803316621673,169.0,10372,a20250816_rep_7_FSK_bin_C_sample115_S747_combined.csv
R4_FSK_0M,multidrug,20250816,4,7,FSK,0.0,d,160.17402622445044,141.0,10372,a20250816_rep_7_FSK_bin_D_sample116_S748_combined.csv
R4_Nalbuphine_-5M,multidrug,20250816,4,4,Nalbuphine,-5.0,a,189.3735055919784,166.0,10372,a20250816_rep_4_Nalbuphine_bin_A_sample125_S757_combined.csv
R4_Nalbuphine_-5M,multidrug,20250816,4,4,Nalbuphine,-5.0,b,198.20179328962593,175.0,10372,a20250816_rep_4_Nalbuphine_bin_B_sample126_S758_combined.csv
R4_Nalbuphine_-5M,multidrug,20250816,4,4,Nalbuphine,-5.0,c,183.67566525260315,160.0,10372,a20250816_rep_4_Nalbuphine_bin_C_sample127_S759_combined.csv
R4_Nalbuphine_-5M,multidrug,20250816,4,4,Nalbuphine,-5.0,d,194.19851523332048,158.0,10372,a20250816_rep_4_Nalbuphine_bin_D_sample128_S760_combined.csv
R1_Surface,surface,20230825,1,1,Surface expression,,a,238.97213652140377,202.0,10372,MOR_surface_R1_B0.csv
R1_Surface,surface,20230825,1,1,Surface expression,,b,267.26070188970306,204.0,10372,MOR_surface_R1_B1.csv
R1_Surface,surface,20230825,1,1,Surface expression,,c,205.70150404936368,175.0,10372,MOR_surface_R1_B2.csv
R1_Surface,surface,20230825,1,1,Surface expression,,d,249.1344967219437,173.0,10372,MOR_surface_R1_B3.csv
R2_Surface,surface,20230826,2,2,Surface expression,,a,183.01899344388735,154.0,10372,MOR_surface_R2_B0.csv
R2_Surface,surface,20230826,2,2,Surface expression,,b,240.60942923254916,173.0,10372,MOR_surface_R2_B1.csv
R2_Surface,surface,20230826,2,2,Surface expression,,c,219.8608754338604,183.5,10372,MOR_surface_R2_B2.csv
R2_Surface,surface,20230826,2,2,Surface expression,,d,246.670748168145,169.0,10372,MOR_surface_R2_B3.csv
R3_Surface,surface,20230827,3,3,Surface expression,,a,213.59853451600463,176.0,10372,MOR_surface_R3_B0.csv
R3_Surface,surface,20230827,3,3,Surface expression,,b,152.69571924411878,118.0,10372,MOR_surface_R3_B1.csv
R3_Surface,surface,20230827,3,3,Surface expression,,c,226.6138642499036,190.0,10372,MOR_surface_R3_B2.csv
R3_Surface,surface,20230827,3,3,Surface expression,,d,256.5879290397223,183.0,10372,MOR_surface_R3_B3.csv
