can,barr1,barr2,barr1_aa,barr1_pos,barr2_aa,barr2_pos,is_sse
ns1,,,,,,,True
N.ns1.08,-,M1,,,M,1.0,False
N.ns1.09,M1,G2,M,1.0,G,2.0,False
N.ns1.10,G2,E3,G,2.0,E,3.0,False
N.ns1.11,D3,K4,D,3.0,K,4.0,False
N.ns1.12,K4,P5,K,4.0,P,5.0,False
N.ns1.13,G5,G6,G,5.0,G,6.0,False
N.ns1.14,T6,T7,T,6.0,T,7.0,False
N.ns1.15,R7,R8,R,7.0,R,8.0,False
S1,,,,,,,True
N.S1.01,V8,V9,V,8.0,V,9.0,False
N.S1.02,F9,F10,F,9.0,F,10.0,False
N.S1.03,K10,K11,K,10.0,K,11.0,False
N.S1.04,K11,K12,K,11.0,K,12.0,False
N.S1.05,A12,S13,A,12.0,S,13.0,False
s1s2,,,,,,,True
N.s1s2.01,S13,S14,S,13.0,S,14.0,False
N.s1s2.02,P14,P15,P,14.0,P,15.0,False
N.s1s2.03,N15,N16,N,15.0,N,16.0,False
N.s1s2.04,G16,C17,G,16.0,C,17.0,False
N.s1s2.05,K17,K18,K,17.0,K,18.0,False
S2,,,,,,,True
N.S2.01,L18,L19,L,18.0,L,19.0,False
N.S2.02,T19,T20,T,19.0,T,20.0,False
N.S2.03,V20,V21,V,20.0,V,21.0,False
N.S2.04,Y21,Y22,Y,21.0,Y,22.0,False
N.S2.05,L22,L23,L,22.0,L,23.0,False
s2s3,,,,,,,True
N.s2s3.01,G23,G24,G,23.0,G,24.0,False
N.s2s3.02,K24,K25,K,24.0,K,25.0,False
N.s2s3.03,R25,R26,R,25.0,R,26.0,False
S3,,,,,,,True
N.S3.01,D26,D27,D,26.0,D,27.0,False
N.S3.02,F27,F28,F,27.0,F,28.0,False
N.S3.03,V28,V29,V,28.0,V,29.0,False
N.S3.04,D29,D30,D,29.0,D,30.0,False
s3s4,,,,,,,True
N.s3s4.01,H30,H31,H,30.0,H,31.0,False
N.s3s4.02,I31,L32,I,31.0,L,32.0,False
N.s3s4.03,D32,D33,D,32.0,D,33.0,False
N.s3s4.04,L33,K34,L,33.0,K,34.0,False
N.s3s4.05,V34,V35,V,34.0,V,35.0,False
N.s3s4.06,D35,D36,D,35.0,D,36.0,False
N.s3s4.07,P36,P37,P,36.0,P,37.0,False
S4,,,,,,,True
N.S4.01,V37,V38,V,37.0,V,38.0,False
N.S4.02,D38,D39,D,38.0,D,39.0,False
N.S4.03,G39,G40,G,39.0,G,40.0,False
N.S4.04,V40,V41,V,40.0,V,41.0,False
N.S4.05,V41,V42,V,41.0,V,42.0,False
N.S4.06,L42,L43,L,42.0,L,43.0,False
N.S4.07,V43,V44,V,43.0,V,44.0,False
s4s5,,,,,,,True
N.s4s5.01,D44,D45,D,44.0,D,45.0,False
N.s4s5.02,P45,P46,P,45.0,P,46.0,False
N.s4s5.03,E46,D47,E,46.0,D,47.0,False
N.s4s5.04,Y47,Y48,Y,47.0,Y,48.0,False
N.s4s5.05,L48,L49,L,48.0,L,49.0,False
N.s4s5.06,K49,K50,K,49.0,K,50.0,False
N.s4s5.07,E50,D51,E,50.0,D,51.0,False
N.s4s5.08,R51,R52,R,51.0,R,52.0,False
S5,,,,,,,True
N.S5.01,R52,K53,R,52.0,K,53.0,False
N.S5.02,V53,V54,V,53.0,V,54.0,False
N.S5.03,Y54,F55,Y,54.0,F,55.0,False
N.S5.04,V55,V56,V,55.0,V,56.0,False
N.S5.05,T56,T57,T,56.0,T,57.0,False
N.S5.06,L57,L58,L,57.0,L,58.0,False
N.S5.07,T58,T59,T,58.0,T,59.0,False
N.S5.08,C59,C60,C,59.0,C,60.0,False
N.S5.09,A60,A61,A,60.0,A,61.0,False
N.S5.10,F61,F62,F,61.0,F,62.0,False
N.S5.11,R62,R63,R,62.0,R,63.0,False
N.S5.12,Y63,Y64,Y,63.0,Y,64.0,False
s5s6,,,,,,,True
N.s5s6.01,G64,G65,G,64.0,G,65.0,False
N.s5s6.02,R65,R66,R,65.0,R,66.0,False
N.s5s6.03,E66,E67,E,66.0,E,67.0,False
N.s5s6.04,D67,D68,D,67.0,D,68.0,False
N.s5s6.05,L68,L69,L,68.0,L,69.0,False
N.s5s6.06,D69,D70,D,69.0,D,70.0,False
N.s5s6.07,V70,V71,V,70.0,V,71.0,False
N.s5s6.08,L71,L72,L,71.0,L,72.0,False
N.s5s6.09,G72,G73,G,72.0,G,73.0,False
N.s5s6.10,L73,L74,L,73.0,L,74.0,False
N.s5s6.11,T74,S75,T,74.0,S,75.0,False
S6,,,,,,,True
N.S6.01,F75,F76,F,75.0,F,76.0,False
N.S6.02,R76,R77,R,76.0,R,77.0,False
N.S6.03,K77,K78,K,77.0,K,78.0,False
N.S6.04,D78,D79,D,78.0,D,79.0,False
N.S6.05,L79,L80,L,79.0,L,80.0,False
N.S6.06,F80,F81,F,80.0,F,81.0,False
N.S6.07,V81,I82,V,81.0,I,82.0,False
N.S6.08,A82,A83,A,82.0,A,83.0,False
N.S6.09,N83,T84,N,83.0,T,84.0,False
N.S6.10,V84,Y85,V,84.0,Y,85.0,False
N.S6.11,Q85,Q86,Q,85.0,Q,86.0,False
N.S6.12,S86,A87,S,86.0,A,87.0,False
N.S6.13,F87,F88,F,87.0,F,88.0,False
s6h1,,,,,,,True
N.s6h1.01,P88,P89,P,88.0,P,89.0,False
N.s6h1.02,P89,P90,P,89.0,P,90.0,False
N.s6h1.03,A90,V91,A,90.0,V,91.0,False
N.s6h1.04,P91,P92,P,91.0,P,92.0,False
N.s6h1.06,E92,N93,E,92.0,N,93.0,False
N.s6h1.07,D93,P94,D,93.0,P,94.0,False
N.s6h1.08,K94,P95,K,94.0,P,95.0,False
N.s6h1.09,K95,R96,K,95.0,R,96.0,False
N.s6h1.10,P96,P97,P,96.0,P,97.0,False
N.s6h1.11,L97,P98,L,97.0,P,98.0,False
N.s6h1.12,T98,T99,T,98.0,T,99.0,False
H1,,,,,,,True
N.H1.01,R99,R100,R,99.0,R,100.0,False
N.H1.02,L100,L101,L,100.0,L,101.0,False
N.H1.03,Q101,Q102,Q,101.0,Q,102.0,False
N.H1.04,E102,D103,E,102.0,D,103.0,False
N.H1.05,R103,R104,R,103.0,R,104.0,False
N.H1.06,L104,L105,L,104.0,L,105.0,False
N.H1.07,I105,L106,I,105.0,L,106.0,False
N.H1.08,K106,R107,K,106.0,R,107.0,False
N.H1.09,K107,K108,K,107.0,K,108.0,False
N.H1.10,L108,L109,L,108.0,L,109.0,False
h1s7,,,,,,,True
N.h1s7.01,G109,G110,G,109.0,G,110.0,False
N.h1s7.02,E110,Q111,E,110.0,Q,111.0,False
N.h1s7.03,H111,H112,H,111.0,H,112.0,False
S7,,,,,,,True
N.S7.01,A112,A113,A,112.0,A,113.0,False
N.S7.02,Y113,H114,Y,113.0,H,114.0,False
N.S7.03,P114,P115,P,114.0,P,115.0,False
N.S7.04,F115,F116,F,115.0,F,116.0,False
N.S7.05,T116,F117,T,116.0,F,117.0,False
N.S7.06,F117,F118,F,117.0,F,118.0,False
s7s8,,,,,,,True
N.s7s8.01,E118,T119,E,118.0,T,119.0,False
N.s7s8.02,I119,I120,I,119.0,I,120.0,False
N.s7s8.03,P120,P121,P,120.0,P,121.0,False
N.s7s8.04,P121,Q122,P,121.0,Q,122.0,False
N.s7s8.05,N122,N123,N,122.0,N,123.0,False
N.s7s8.06,L123,L124,L,123.0,L,124.0,False
N.s7s8.07,P124,P125,P,124.0,P,125.0,False
N.s7s8.08,C125,C126,C,125.0,C,126.0,False
N.s7s8.09,S126,S127,S,126.0,S,127.0,False
S8,,,,,,,True
N.S8.01,V127,V128,V,127.0,V,128.0,False
N.S8.02,T128,T129,T,128.0,T,129.0,False
N.S8.03,L129,L130,L,129.0,L,130.0,False
s8s9,,,,,,,True
N.s8s9.01,Q130,Q131,Q,130.0,Q,131.0,False
N.s8s9.02,P131,P132,P,131.0,P,132.0,False
N.s8s9.03,G132,G133,G,132.0,G,133.0,False
N.s8s9.04,P133,P134,P,133.0,P,134.0,False
N.s8s9.05,E134,E135,E,134.0,E,135.0,False
N.s8s9.06,D135,D136,D,135.0,D,136.0,False
N.s8s9.07,T136,T137,T,136.0,T,137.0,False
N.s8s9.08,G137,G138,G,137.0,G,138.0,False
N.s8s9.09,K138,K139,K,138.0,K,139.0,False
N.s8s9.10,A139,A140,A,139.0,A,140.0,False
S9,,,,,,,True
N.S9.01,C140,C141,C,140.0,C,141.0,False
N.S9.02,G141,G142,G,141.0,G,142.0,False
N.S9.03,V142,V143,V,142.0,V,143.0,False
N.S9.04,D143,D144,D,143.0,D,144.0,False
N.S9.05,Y144,F145,Y,144.0,F,145.0,False
N.S9.06,E145,E146,E,145.0,E,146.0,False
N.S9.07,V146,I147,V,146.0,I,147.0,False
N.S9.08,K147,R148,K,147.0,R,148.0,False
N.S9.09,A148,A149,A,148.0,A,149.0,False
N.S9.10,F149,F150,F,149.0,F,150.0,False
N.S9.11,C150,C151,C,150.0,C,151.0,False
N.S9.12,A151,A152,A,151.0,A,152.0,False
s9s10,,,,,,,True
N.s9s10.01,E152,K153,E,152.0,K,153.0,False
N.s9s10.02,N153,S154,N,153.0,S,154.0,False
N.s9s10.03,L154,L155,L,154.0,L,155.0,False
N.s9s10.07,E155,E156,E,155.0,E,156.0,False
N.s9s10.08,E156,E157,E,156.0,E,157.0,False
N.s9s10.09,K157,K158,K,157.0,K,158.0,False
N.s9s10.10,I158,S159,I,158.0,S,159.0,False
N.s9s10.11,H159,H160,H,159.0,H,160.0,False
N.s9s10.12,K160,K161,K,160.0,K,161.0,False
N.s9s10.13,R161,R162,R,161.0,R,162.0,False
N.s9s10.14,N162,N163,N,162.0,N,163.0,False
S10,,,,,,,True
N.S10.01,S163,S164,S,163.0,S,164.0,False
N.S10.02,V164,V165,V,164.0,V,165.0,False
N.S10.03,R165,R166,R,165.0,R,166.0,False
N.S10.04,L166,L167,L,166.0,L,167.0,False
N.S10.05,V167,V168,V,167.0,V,168.0,False
N.S10.06,I168,I169,I,168.0,I,169.0,False
N.S10.07,R169,R170,R,169.0,R,170.0,False
N.S10.08,K170,K171,K,170.0,K,171.0,False
N.S10.09,V171,V172,V,171.0,V,172.0,False
N.S10.10,Q172,Q173,Q,172.0,Q,173.0,False
N.S10.11,Y173,F174,Y,173.0,F,174.0,False
s10s11,,,,,,,True
C.s10s11.01,A174,A175,A,174.0,A,175.0,False
C.s10s11.02,P175,P176,P,175.0,P,176.0,False
C.s10s11.03,E176,E177,E,176.0,E,177.0,False
C.s10s11.04,R177,K178,R,177.0,K,178.0,False
C.s10s11.05,P178,P179,P,178.0,P,179.0,False
C.s10s11.06,G179,G180,G,179.0,G,180.0,False
C.s10s11.07,P180,P181,P,180.0,P,181.0,False
C.s10s11.08,Q181,Q182,Q,181.0,Q,182.0,False
C.s10s11.09,P182,P183,P,182.0,P,183.0,False
C.s10s11.10,T183,S184,T,183.0,S,184.0,False
S11,,,,,,,True
C.S11.01,A184,A185,A,184.0,A,185.0,False
C.S11.02,E185,E186,E,185.0,E,186.0,False
C.S11.03,T186,T187,T,186.0,T,187.0,False
C.S11.04,T187,T188,T,187.0,T,188.0,False
C.S11.05,R188,R189,R,188.0,R,189.0,False
C.S11.06,Q189,H190,Q,189.0,H,190.0,False
s11s12,,,,,,,True
C.s11s12.01,F190,F191,F,190.0,F,191.0,False
C.s11s12.02,L191,L192,L,191.0,L,192.0,False
C.s11s12.03,M192,M193,M,192.0,M,193.0,False
C.s11s12.04,S193,S194,S,193.0,S,194.0,False
C.s11s12.05,D194,D195,D,194.0,D,195.0,False
C.s11s12.06,K195,R196,K,195.0,R,196.0,False
C.s11s12.07,P196,S197,P,196.0,S,197.0,False
S12,,,,,,,True
C.S12.01,L197,L198,L,197.0,L,198.0,False
C.S12.02,H198,H199,H,198.0,H,199.0,False
C.S12.03,L199,L200,L,199.0,L,200.0,False
C.S12.04,E200,E201,E,200.0,E,201.0,False
C.S12.05,A201,A202,A,201.0,A,202.0,False
C.S12.06,S202,S203,S,202.0,S,203.0,False
C.S12.07,L203,L204,L,203.0,L,204.0,False
s12s13,,,,,,,True
C.s12s13.01,D204,D205,D,204.0,D,205.0,False
C.s12s13.02,K205,K206,K,205.0,K,206.0,False
C.s12s13.03,E206,E207,E,206.0,E,207.0,False
S13,,,,,,,True
C.S13.01,I207,L208,I,207.0,L,208.0,False
C.S13.02,Y208,Y209,Y,208.0,Y,209.0,False
C.S13.03,Y209,Y210,Y,209.0,Y,210.0,False
s13s14,,,,,,,True
C.s13s14.01,H210,H211,H,210.0,H,211.0,False
C.s13s14.02,G211,G212,G,211.0,G,212.0,False
C.s13s14.03,E212,E213,E,212.0,E,213.0,False
C.s13s14.04,P213,P214,P,213.0,P,214.0,False
S14,,,,,,,True
C.S14.01,I214,L215,I,214.0,L,215.0,False
C.S14.02,S215,N216,S,215.0,N,216.0,False
C.S14.03,V216,V217,V,216.0,V,217.0,False
C.S14.04,N217,N218,N,217.0,N,218.0,False
C.S14.05,V218,V219,V,218.0,V,219.0,False
C.S14.06,H219,H220,H,219.0,H,220.0,False
C.S14.07,V220,V221,V,220.0,V,221.0,False
C.S14.08,T221,T222,T,221.0,T,222.0,False
C.S14.09,N222,N223,N,222.0,N,223.0,False
s14s15,,,,,,,True
C.s14s15.01,N223,N224,N,223.0,N,224.0,False
C.s14s15.02,T224,S225,T,224.0,S,225.0,False
C.s14s15.03,N225,T226,N,225.0,T,226.0,False
C.s14s15.04,K226,K227,K,226.0,K,227.0,False
C.s14s15.05,T227,T228,T,227.0,T,228.0,False
S15,,,,,,,True
C.S15.01,V228,V229,V,228.0,V,229.0,False
C.S15.02,K229,K230,K,229.0,K,230.0,False
C.S15.03,K230,K231,K,230.0,K,231.0,False
C.S15.04,I231,I232,I,231.0,I,232.0,False
C.S15.05,K232,K233,K,232.0,K,233.0,False
C.S15.06,I233,V234,I,233.0,V,234.0,False
C.S15.07,S234,S235,S,234.0,S,235.0,False
C.S15.08,V235,V236,V,235.0,V,236.0,False
C.S15.09,R236,R237,R,236.0,R,237.0,False
C.S15.10,Q237,Q238,Q,237.0,Q,238.0,False
C.S15.11,Y238,Y239,Y,238.0,Y,239.0,False
C.S15.12,A239,A240,A,239.0,A,240.0,False
C.S15.13,D240,D241,D,240.0,D,241.0,False
C.S15.14,I241,I242,I,241.0,I,242.0,False
s15s16,,,,,,,True
C.s15s16.01,C242,C243,C,242.0,C,243.0,False
C.s15s16.02,L243,L244,L,243.0,L,244.0,False
C.s15s16.03,F244,F245,F,244.0,F,245.0,False
C.s15s16.04,N245,S246,N,245.0,S,246.0,False
C.s15s16.05,T246,T247,T,246.0,T,247.0,False
S16,,,,,,,True
C.S16.01,A247,A248,A,247.0,A,248.0,False
C.S16.02,Q248,Q249,Q,248.0,Q,249.0,False
C.S16.03,Y249,Y250,Y,249.0,Y,250.0,False
C.S16.04,K250,K251,K,250.0,K,251.0,False
C.S16.05,C251,C252,C,251.0,C,252.0,False
C.S16.06,P252,P253,P,252.0,P,253.0,False
C.S16.07,V253,V254,V,253.0,V,254.0,False
C.S16.08,A254,A255,A,254.0,A,255.0,False
C.S16.09,M255,Q256,M,255.0,Q,256.0,False
C.S16.10,E256,L257,E,256.0,L,257.0,False
C.S16.11,E257,E258,E,257.0,E,258.0,False
C.S16.12,A258,Q259,A,258.0,Q,259.0,False
s16s17,,,,,,,True
C.s16s17.01,D259,D260,D,259.0,D,260.0,False
C.s16s17.02,D260,D261,D,260.0,D,261.0,False
C.s16s17.03,T261,Q262,T,261.0,Q,262.0,False
C.s16s17.04,V262,V263,V,262.0,V,263.0,False
C.s16s17.05,A263,S264,A,263.0,S,264.0,False
C.s16s17.06,P264,P265,P,264.0,P,265.0,False
C.s16s17.07,S265,S266,S,265.0,S,266.0,False
S17,,,,,,,True
C.S17.01,S266,S267,S,266.0,S,267.0,False
C.S17.02,T267,T268,T,267.0,T,268.0,False
C.S17.03,F268,F269,F,268.0,F,269.0,False
C.S17.04,C269,C270,C,269.0,C,270.0,False
C.S17.05,K270,K271,K,270.0,K,271.0,False
C.S17.06,V271,V272,V,271.0,V,272.0,False
C.S17.07,Y272,Y273,Y,272.0,Y,273.0,False
C.S17.08,T273,T274,T,273.0,T,274.0,False
C.S17.09,L274,I275,L,274.0,I,275.0,False
s17s18,,,,,,,True
C.s17s18.01,T275,T276,T,275.0,T,276.0,False
C.s17s18.02,P276,P277,P,276.0,P,277.0,False
C.s17s18.03,F277,L278,F,277.0,L,278.0,False
C.s17s18.04,L278,L279,L,278.0,L,279.0,False
C.s17s18.05,A279,S280,A,279.0,S,280.0,False
C.s17s18.06,N280,D281,N,280.0,D,281.0,False
C.s17s18.07,N281,N282,N,281.0,N,282.0,False
C.s17s18.08,R282,R283,R,282.0,R,283.0,False
C.s17s18.09,E283,E284,E,283.0,E,284.0,False
C.s17s18.10,K284,K285,K,284.0,K,285.0,False
C.s17s18.11,R285,R286,R,285.0,R,286.0,False
C.s17s18.12,G286,G287,G,286.0,G,287.0,False
C.s17s18.13,L287,L288,L,287.0,L,288.0,False
C.s17s18.14,A288,A289,A,288.0,A,289.0,False
C.s17s18.15,L289,L290,L,289.0,L,290.0,False
C.s17s18.16,D290,D291,D,290.0,D,291.0,False
C.s17s18.17,G291,G292,G,291.0,G,292.0,False
C.s17s18.18,K292,K293,K,292.0,K,293.0,False
C.s17s18.19,L293,L294,L,293.0,L,294.0,False
C.s17s18.20,K294,K295,K,294.0,K,295.0,False
C.s17s18.21,H295,H296,H,295.0,H,296.0,False
C.s17s18.22,E296,E297,E,296.0,E,297.0,False
C.s17s18.23,D297,D298,D,297.0,D,298.0,False
C.s17s18.24,T298,T299,T,298.0,T,299.0,False
C.s17s18.25,N299,N300,N,299.0,N,300.0,False
C.s17s18.26,L300,L301,L,300.0,L,301.0,False
C.s17s18.27,A301,A302,A,301.0,A,302.0,False
C.s17s18.28,S302,S303,S,302.0,S,303.0,False
C.s17s18.29,S303,S304,S,303.0,S,304.0,False
C.s17s18.30,T304,T305,T,304.0,T,305.0,False
C.s17s18.31,L305,I306,L,305.0,I,306.0,False
C.s17s18.32,L306,V307,L,306.0,V,307.0,False
C.s17s18.33,R307,K308,R,307.0,K,308.0,False
C.s17s18.34,E308,E309,E,308.0,E,309.0,False
C.s17s18.35,G309,G310,G,309.0,G,310.0,False
C.s17s18.36,A310,A311,A,310.0,A,311.0,False
C.s17s18.37,N311,N312,N,311.0,N,312.0,False
C.s17s18.38,R312,K313,R,312.0,K,313.0,False
C.s17s18.39,E313,E314,E,313.0,E,314.0,False
C.s17s18.40,I314,V315,I,314.0,V,315.0,False
C.s17s18.41,L315,L316,L,315.0,L,316.0,False
C.s17s18.42,G316,G317,G,316.0,G,317.0,False
S18,,,,,,,True
C.S18.01,I317,I318,I,317.0,I,318.0,False
C.S18.02,I318,L319,I,318.0,L,319.0,False
C.S18.03,V319,V320,V,319.0,V,320.0,False
C.S18.04,S320,S321,S,320.0,S,321.0,False
C.S18.05,Y321,Y322,Y,321.0,Y,322.0,False
C.S18.06,K322,R323,K,322.0,R,323.0,False
C.S18.07,V323,V324,V,323.0,V,324.0,False
C.S18.08,K324,K325,K,324.0,K,325.0,False
C.S18.09,V325,V326,V,325.0,V,326.0,False
C.S18.10,K326,K327,K,326.0,K,327.0,False
C.S18.11,L327,L328,L,327.0,L,328.0,False
C.S18.12,V328,V329,V,328.0,V,329.0,False
C.S18.13,V329,V330,V,329.0,V,330.0,False
s18s19,,,,,,,True
C.s18s19.01,S330,S331,S,330.0,S,331.0,False
C.s18s19.02,R331,R332,R,331.0,R,332.0,False
C.s18s19.03,G332,G333,G,332.0,G,333.0,False
C.s18s19.04,G333,G334,G,333.0,G,334.0,False
C.s18s19.05,L334,-,L,334.0,,,False
C.s18s19.06,L335,-,L,335.0,,,False
C.s18s19.07,G336,-,G,336.0,,,False
C.s18s19.08,D337,-,D,337.0,,,False
C.s18s19.09,L338,-,L,338.0,,,False
C.s18s19.10,A339,-,A,339.0,,,False
C.s18s19.11,S340,-,S,340.0,,,False
S19,,,,,,,True
C.S19.01,S341,-,S,341.0,,,False
C.S19.02,D342,D335,D,342.0,D,335.0,False
C.S19.03,V343,V336,V,343.0,V,336.0,False
C.S19.04,A344,S337,A,344.0,S,337.0,False
C.S19.05,V345,V338,V,345.0,V,338.0,False
C.S19.06,E346,E339,E,346.0,E,339.0,False
C.S19.07,L347,L340,L,347.0,L,340.0,False
C.S19.08,P348,P341,P,348.0,P,341.0,False
C.S19.09,F349,F342,F,349.0,F,342.0,False
C.S19.10,T350,V343,T,350.0,V,343.0,False
C.S19.11,L351,L344,L,351.0,L,344.0,False
C.S19.12,M352,M345,M,352.0,M,345.0,False
C.S19.13,H353,H346,H,353.0,H,346.0,False
s19s20,,,,,,,True
C.s19s20.01,P354,P347,P,354.0,P,347.0,False
C.s19s20.02,K355,K348,K,355.0,K,348.0,False
C.s19s20.03,P356,P349,P,356.0,P,349.0,False
C.s19s20.04,K357,H350,K,357.0,H,350.0,False
C.s19s20.05,E358,D351,E,358.0,D,351.0,False
C.s19s20.06,E359,H352,E,359.0,H,352.0,False
C.s19s20.07,P360,I353,P,360.0,I,353.0,False
C.s19s20.08,P361,P354,P,361.0,P,354.0,False
C.s19s20.09,-,L355,,,L,355.0,False
C.s19s20.10,-,P356,,,P,356.0,False
C.s19s20.11,-,R357,,,R,357.0,False
C.s19s20.12,-,P358,,,P,358.0,False
C.s19s20.13,H362,Q359,H,362.0,Q,359.0,False
C.s19s20.14,R363,S360,R,363.0,S,360.0,False
C.s19s20.15,E364,A361,E,364.0,A,361.0,False
C.s19s20.16,V365,A362,V,365.0,A,362.0,False
C.s19s20.28,P366,P363,P,366.0,P,363.0,False
C.s19s20.29,E367,E364,E,367.0,E,364.0,False
C.s19s20.30,N368,T365,N,368.0,T,365.0,False
C.s19s20.31,E369,D366,E,369.0,D,366.0,False
C.s19s20.32,T370,V367,T,370.0,V,367.0,False
C.s19s20.33,P371,P368,P,371.0,P,368.0,False
C.s19s20.34,V372,V369,V,372.0,V,369.0,False
C.s19s20.35,D373,D370,D,373.0,D,370.0,False
C.s19s20.36,T374,T371,T,374.0,T,371.0,False
C.s19s20.37,N375,N372,N,375.0,N,372.0,False
C.s19s20.38,L376,L373,L,376.0,L,373.0,False
C.s19s20.39,I377,I374,I,377.0,I,374.0,False
C.s19s20.40,E378,E375,E,378.0,E,375.0,False
C.s19s20.41,L379,F376,L,379.0,F,376.0,False
C.s19s20.42,D380,D377,D,380.0,D,377.0,False
C.s19s20.43,T381,T378,T,381.0,T,378.0,False
C.s19s20.44,N382,N379,N,382.0,N,379.0,False
C.s19s20.46,-,Y380,,,Y,380.0,False
C.s19s20.47,-,A381,,,A,381.0,False
C.s19s20.48,-,T382,,,T,382.0,False
C.s19s20.49,D383,D383,D,383.0,D,383.0,False
C.s19s20.50,D384,D384,D,384.0,D,384.0,False
C.s19s20.51,D385,D385,D,385.0,D,385.0,False
S20,,,,,,,True
C.S20.01,I386,I386,I,386.0,I,386.0,False
C.S20.02,V387,V387,V,387.0,V,387.0,False
C.S20.03,F388,F388,F,388.0,F,388.0,False
C.S20.04,E389,E389,E,389.0,E,389.0,False
C.S20.05,D390,D390,D,390.0,D,390.0,False
s20c,,,,,,,True
C.s20c.01,F391,F391,F,391.0,F,391.0,False
C.s20c.02,A392,A392,A,392.0,A,392.0,False
C.s20c.03,R393,R393,R,393.0,R,393.0,False
C.s20c.04,Q394,L394,Q,394.0,L,394.0,False
C.s20c.05,R395,R395,R,395.0,R,395.0,False
C.s20c.06,L396,L396,L,396.0,L,396.0,False
C.s20c.07,K397,K397,K,397.0,K,397.0,False
C.s20c.08,G398,G398,G,398.0,G,398.0,False
C.s20c.09,M399,M399,M,399.0,M,399.0,False
C.s20c.10,K400,K400,K,400.0,K,400.0,False
C.s20c.11,D401,D401,D,401.0,D,401.0,False
C.s20c.12,D402,D402,D,402.0,D,402.0,False
C.s20c.13,K403,D403,K,403.0,D,403.0,False
C.s20c.14,E404,Y404,E,404.0,Y,404.0,False
C.s20c.15,E405,D405,E,405.0,D,405.0,False
C.s20c.16,E406,D406,E,406.0,D,406.0,False
C.s20c.17,E407,Q407,E,407.0,Q,407.0,False
C.s20c.18,D408,L408,D,408.0,L,408.0,False
C.s20c.19,G409,C409,G,409.0,C,409.0,False
C.s20c.20,T410,-,T,410.0,,,False
C.s20c.21,G411,-,G,411.0,,,False
C.s20c.22,S412,-,S,412.0,,,False
C.s20c.23,P413,-,P,413.0,,,False
C.s20c.24,Q414,-,Q,414.0,,,False
C.s20c.25,L415,-,L,415.0,,,False
C.s20c.26,N416,-,N,416.0,,,False
C.s20c.27,N417,-,N,417.0,,,False
C.s20c.28,R418,-,R,418.0,,,False
