CAN,barr1_aa,barr1_res_num,barr1_label
N.ns1.09,M,1,M1
N.ns1.10,G,2,G2
N.ns1.11,D,3,D3
N.ns1.12,K,4,K4
N.ns1.13,G,5,G5
N.ns1.14,T,6,T6
N.ns1.15,R,7,R7
N.S1.01,V,8,V8
N.S1.02,F,9,F9
N.S1.03,K,10,K10
N.S1.04,K,11,K11
N.S1.05,A,12,A12
N.s1s2.01,S,13,S13
N.s1s2.02,P,14,P14
N.s1s2.03,N,15,N15
N.s1s2.04,G,16,G16
N.s1s2.05,K,17,K17
N.S2.01,L,18,L18
N.S2.02,T,19,T19
N.S2.03,V,20,V20
N.S2.04,Y,21,Y21
N.S2.05,L,22,L22
N.s2s3.01,G,23,G23
N.s2s3.02,K,24,K24
N.s2s3.03,R,25,R25
N.S3.01,D,26,D26
N.S3.02,F,27,F27
N.S3.03,V,28,V28
N.S3.04,D,29,D29
N.s3s4.01,H,30,H30
N.s3s4.02,I,31,I31
N.s3s4.03,D,32,D32
N.s3s4.04,L,33,L33
N.s3s4.05,V,34,V34
N.s3s4.06,D,35,D35
N.s3s4.07,P,36,P36
N.S4.01,V,37,V37
N.S4.02,D,38,D38
N.S4.03,G,39,G39
N.S4.04,V,40,V40
N.S4.05,V,41,V41
N.S4.06,L,42,L42
N.S4.07,V,43,V43
N.s4s5.01,D,44,D44
N.s4s5.02,P,45,P45
N.s4s5.03,E,46,E46
N.s4s5.04,Y,47,Y47
N.s4s5.05,L,48,L48
N.s4s5.06,K,49,K49
N.s4s5.07,E,50,E50
N.s4s5.08,R,51,R51
N.S5.01,R,52,R52
N.S5.02,V,53,V53
N.S5.03,Y,54,Y54
N.S5.04,V,55,V55
N.S5.05,T,56,T56
N.S5.06,L,57,L57
N.S5.07,T,58,T58
N.S5.08,C,59,C59
N.S5.09,A,60,A60
N.S5.10,F,61,F61
N.S5.11,R,62,R62
N.S5.12,Y,63,Y63
N.s5s6.01,G,64,G64
N.s5s6.02,R,65,R65
N.s5s6.03,E,66,E66
N.s5s6.04,D,67,D67
N.s5s6.05,L,68,L68
N.s5s6.06,D,69,D69
N.s5s6.07,V,70,V70
N.s5s6.08,L,71,L71
N.s5s6.09,G,72,G72
N.s5s6.10,L,73,L73
N.s5s6.11,T,74,T74
N.S6.01,F,75,F75
N.S6.02,R,76,R76
N.S6.03,K,77,K77
N.S6.04,D,78,D78
N.S6.05,L,79,L79
N.S6.06,F,80,F80
N.S6.07,V,81,V81
N.S6.08,A,82,A82
N.S6.09,N,83,N83
N.S6.10,V,84,V84
N.S6.11,Q,85,Q85
N.S6.12,S,86,S86
N.S6.13,F,87,F87
N.s6h1.01,P,88,P88
N.s6h1.02,P,89,P89
N.s6h1.03,A,90,A90
N.s6h1.04,P,91,P91
N.s6h1.06,E,92,E92
N.s6h1.07,D,93,D93
N.s6h1.08,K,94,K94
N.s6h1.09,K,95,K95
N.s6h1.10,P,96,P96
N.s6h1.11,L,97,L97
N.s6h1.12,T,98,T98
N.H1.01,R,99,R99
N.H1.02,L,100,L100
N.H1.03,Q,101,Q101
N.H1.04,E,102,E102
N.H1.05,R,103,R103
N.H1.06,L,104,L104
N.H1.07,I,105,I105
N.H1.08,K,106,K106
N.H1.09,K,107,K107
N.H1.10,L,108,L108
N.h1s7.01,G,109,G109
N.h1s7.02,E,110,E110
N.h1s7.03,H,111,H111
N.S7.01,A,112,A112
N.S7.02,Y,113,Y113
N.S7.03,P,114,P114
N.S7.04,F,115,F115
N.S7.05,T,116,T116
N.S7.06,F,117,F117
N.s7s8.01,E,118,E118
N.s7s8.02,I,119,I119
N.s7s8.03,P,120,P120
N.s7s8.04,P,121,P121
N.s7s8.05,N,122,N122
N.s7s8.06,L,123,L123
N.s7s8.07,P,124,P124
N.s7s8.08,C,125,C125
N.s7s8.09,S,126,S126
N.S8.01,V,127,V127
N.S8.02,T,128,T128
N.S8.03,L,129,L129
N.s8s9.01,Q,130,Q130
N.s8s9.02,P,131,P131
N.s8s9.03,G,132,G132
N.s8s9.04,P,133,P133
N.s8s9.05,E,134,E134
N.s8s9.06,D,135,D135
N.s8s9.07,T,136,T136
N.s8s9.08,G,137,G137
N.s8s9.09,K,138,K138
N.s8s9.10,A,139,A139
N.S9.01,C,140,C140
N.S9.02,G,141,G141
N.S9.03,V,142,V142
N.S9.04,D,143,D143
N.S9.05,Y,144,Y144
N.S9.06,E,145,E145
N.S9.07,V,146,V146
N.S9.08,K,147,K147
N.S9.09,A,148,A148
N.S9.10,F,149,F149
N.S9.11,C,150,C150
N.S9.12,A,151,A151
N.s9s10.01,E,152,E152
N.s9s10.02,N,153,N153
N.s9s10.03,L,154,L154
N.s9s10.07,E,155,E155
N.s9s10.08,E,156,E156
N.s9s10.09,K,157,K157
N.s9s10.10,I,158,I158
N.s9s10.11,H,159,H159
N.s9s10.12,K,160,K160
N.s9s10.13,R,161,R161
N.s9s10.14,N,162,N162
N.S10.01,S,163,S163
N.S10.02,V,164,V164
N.S10.03,R,165,R165
N.S10.04,L,166,L166
N.S10.05,V,167,V167
N.S10.06,I,168,I168
N.S10.07,R,169,R169
N.S10.08,K,170,K170
N.S10.09,V,171,V171
N.S10.10,Q,172,Q172
N.S10.11,Y,173,Y173
C.s10s11.01,A,174,A174
C.s10s11.02,P,175,P175
C.s10s11.03,E,176,E176
C.s10s11.04,R,177,R177
C.s10s11.05,P,178,P178
C.s10s11.06,G,179,G179
C.s10s11.07,P,180,P180
C.s10s11.08,Q,181,Q181
C.s10s11.09,P,182,P182
C.s10s11.10,T,183,T183
C.S11.01,A,184,A184
C.S11.02,E,185,E185
C.S11.03,T,186,T186
C.S11.04,T,187,T187
C.S11.05,R,188,R188
C.S11.06,Q,189,Q189
C.s11s12.01,F,190,F190
C.s11s12.02,L,191,L191
C.s11s12.03,M,192,M192
C.s11s12.04,S,193,S193
C.s11s12.05,D,194,D194
C.s11s12.06,K,195,K195
C.s11s12.07,P,196,P196
C.S12.01,L,197,L197
C.S12.02,H,198,H198
C.S12.03,L,199,L199
C.S12.04,E,200,E200
C.S12.05,A,201,A201
C.S12.06,S,202,S202
C.S12.07,L,203,L203
C.s12s13.01,D,204,D204
C.s12s13.02,K,205,K205
C.s12s13.03,E,206,E206
C.S13.01,I,207,I207
C.S13.02,Y,208,Y208
C.S13.03,Y,209,Y209
C.s13s14.01,H,210,H210
C.s13s14.02,G,211,G211
C.s13s14.03,E,212,E212
C.s13s14.04,P,213,P213
C.S14.01,I,214,I214
C.S14.02,S,215,S215
C.S14.03,V,216,V216
C.S14.04,N,217,N217
C.S14.05,V,218,V218
C.S14.06,H,219,H219
C.S14.07,V,220,V220
C.S14.08,T,221,T221
C.S14.09,N,222,N222
C.s14s15.01,N,223,N223
C.s14s15.02,T,224,T224
C.s14s15.03,N,225,N225
C.s14s15.04,K,226,K226
C.s14s15.05,T,227,T227
C.S15.01,V,228,V228
C.S15.02,K,229,K229
C.S15.03,K,230,K230
C.S15.04,I,231,I231
C.S15.05,K,232,K232
C.S15.06,I,233,I233
C.S15.07,S,234,S234
C.S15.08,V,235,V235
C.S15.09,R,236,R236
C.S15.10,Q,237,Q237
C.S15.11,Y,238,Y238
C.S15.12,A,239,A239
C.S15.13,D,240,D240
C.S15.14,I,241,I241
C.s15s16.01,C,242,C242
C.s15s16.02,L,243,L243
C.s15s16.03,F,244,F244
C.s15s16.04,N,245,N245
C.s15s16.05,T,246,T246
C.S16.01,A,247,A247
C.S16.02,Q,248,Q248
C.S16.03,Y,249,Y249
C.S16.04,K,250,K250
C.S16.05,C,251,C251
C.S16.06,P,252,P252
C.S16.07,V,253,V253
C.S16.08,A,254,A254
C.S16.09,M,255,M255
C.S16.10,E,256,E256
C.S16.11,E,257,E257
C.S16.12,A,258,A258
C.s16s17.01,D,259,D259
C.s16s17.02,D,260,D260
C.s16s17.03,T,261,T261
C.s16s17.04,V,262,V262
C.s16s17.05,A,263,A263
C.s16s17.06,P,264,P264
C.s16s17.07,S,265,S265
C.S17.01,S,266,S266
C.S17.02,T,267,T267
C.S17.03,F,268,F268
C.S17.04,C,269,C269
C.S17.05,K,270,K270
C.S17.06,V,271,V271
C.S17.07,Y,272,Y272
C.S17.08,T,273,T273
C.S17.09,L,274,L274
C.s17s18.01,T,275,T275
C.s17s18.02,P,276,P276
C.s17s18.03,F,277,F277
C.s17s18.04,L,278,L278
C.s17s18.05,A,279,A279
C.s17s18.06,N,280,N280
C.s17s18.07,N,281,N281
C.s17s18.08,R,282,R282
C.s17s18.09,E,283,E283
C.s17s18.10,K,284,K284
C.s17s18.11,R,285,R285
C.s17s18.12,G,286,G286
C.s17s18.13,L,287,L287
C.s17s18.14,A,288,A288
C.s17s18.15,L,289,L289
C.s17s18.16,D,290,D290
C.s17s18.17,G,291,G291
C.s17s18.18,K,292,K292
C.s17s18.19,L,293,L293
C.s17s18.20,K,294,K294
C.s17s18.21,H,295,H295
C.s17s18.22,E,296,E296
C.s17s18.23,D,297,D297
C.s17s18.24,T,298,T298
C.s17s18.25,N,299,N299
C.s17s18.26,L,300,L300
C.s17s18.27,A,301,A301
C.s17s18.28,S,302,S302
C.s17s18.29,S,303,S303
C.s17s18.30,T,304,T304
C.s17s18.31,L,305,L305
C.s17s18.32,L,306,L306
C.s17s18.33,R,307,R307
C.s17s18.34,E,308,E308
C.s17s18.35,G,309,G309
C.s17s18.36,A,310,A310
C.s17s18.37,N,311,N311
C.s17s18.38,R,312,R312
C.s17s18.39,E,313,E313
C.s17s18.40,I,314,I314
C.s17s18.41,L,315,L315
C.s17s18.42,G,316,G316
C.S18.01,I,317,I317
C.S18.02,I,318,I318
C.S18.03,V,319,V319
C.S18.04,S,320,S320
C.S18.05,Y,321,Y321
C.S18.06,K,322,K322
C.S18.07,V,323,V323
C.S18.08,K,324,K324
C.S18.09,V,325,V325
C.S18.10,K,326,K326
C.S18.11,L,327,L327
C.S18.12,V,328,V328
C.S18.13,V,329,V329
C.s18s19.01,S,330,S330
C.s18s19.02,R,331,R331
C.s18s19.03,G,332,G332
C.s18s19.04,G,333,G333
C.s18s19.05,L,334,L334
C.s18s19.06,L,335,L335
C.s18s19.07,G,336,G336
C.s18s19.08,D,337,D337
C.s18s19.09,L,338,L338
C.s18s19.10,A,339,A339
C.s18s19.11,S,340,S340
C.S19.01,S,341,S341
C.S19.02,D,342,D342
C.S19.03,V,343,V343
C.S19.04,A,344,A344
C.S19.05,V,345,V345
C.S19.06,E,346,E346
C.S19.07,L,347,L347
C.S19.08,P,348,P348
C.S19.09,F,349,F349
C.S19.10,T,350,T350
C.S19.11,L,351,L351
C.S19.12,M,352,M352
C.S19.13,H,353,H353
C.s19s20.01,P,354,P354
C.s19s20.02,K,355,K355
C.s19s20.03,P,356,P356
C.s19s20.04,K,357,K357
C.s19s20.05,E,358,E358
C.s19s20.06,E,359,E359
C.s19s20.07,P,360,P360
C.s19s20.08,P,361,P361
C.s19s20.13,H,362,H362
C.s19s20.14,R,363,R363
C.s19s20.15,E,364,E364
C.s19s20.16,V,365,V365
C.s19s20.28,P,366,P366
C.s19s20.29,E,367,E367
C.s19s20.30,N,368,N368
C.s19s20.31,E,369,E369
C.s19s20.32,T,370,T370
C.s19s20.33,P,371,P371
C.s19s20.34,V,372,V372
C.s19s20.35,D,373,D373
C.s19s20.36,T,374,T374
C.s19s20.37,N,375,N375
C.s19s20.38,L,376,L376
C.s19s20.39,I,377,I377
C.s19s20.40,E,378,E378
C.s19s20.41,L,379,L379
C.s19s20.42,D,380,D380
C.s19s20.43,T,381,T381
C.s19s20.44,N,382,N382
C.s19s20.49,D,383,D383
C.s19s20.50,D,384,D384
C.s19s20.51,D,385,D385
C.S20.01,I,386,I386
C.S20.02,V,387,V387
C.S20.03,F,388,F388
C.S20.04,E,389,E389
C.S20.05,D,390,D390
C.s20c.01,F,391,F391
C.s20c.02,A,392,A392
C.s20c.03,R,393,R393
C.s20c.04,Q,394,Q394
C.s20c.05,R,395,R395
C.s20c.06,L,396,L396
C.s20c.07,K,397,K397
C.s20c.08,G,398,G398
C.s20c.09,M,399,M399
C.s20c.10,K,400,K400
C.s20c.11,D,401,D401
C.s20c.12,D,402,D402
C.s20c.13,K,403,K403
C.s20c.14,E,404,E404
C.s20c.15,E,405,E405
C.s20c.16,E,406,E406
C.s20c.17,E,407,E407
C.s20c.18,D,408,D408
C.s20c.19,G,409,G409
C.s20c.20,T,410,T410
C.s20c.21,G,411,G411
C.s20c.22,S,412,S412
C.s20c.23,P,413,P413
C.s20c.24,Q,414,Q414
C.s20c.25,L,415,L415
C.s20c.26,N,416,N416
C.s20c.27,N,417,N417
C.s20c.28,R,418,R418
