HGVS,VEP Annotation,ClinVar Germline Classification,ClinVar Variation ID,Flags,Allele Frequency
p.Gln402His,missense_variant,drug response,829165,,0.773046625
p.Asn40Asp,missense_variant,Uncertain significance; drug response,9538,,0.15092843
p.Gln5His,missense_variant,drug response,828472,,0.049968221
p.Ala6Val,missense_variant,,,,0.013268688
p.Cys192Phe,missense_variant,Likely benign,828413,,0.006663965
p.Ser147Cys,missense_variant,Benign,252543,,0.00618216
p.Val389Ala,missense_variant,,,,0.005365225
p.Asn461His,missense_variant,,,,0.0023741
p.Arg181Cys,missense_variant,,,,0.001764501
p.Ala50Asp,missense_variant,,,,0.001402952
p.Gln44Pro,missense_variant,,,,0.001312524
p.Ser42Thr,missense_variant,,,,0.001096044
p.Arg260His,missense_variant,,,,0.000977017
p.Cys460Tyr,missense_variant,,,,0.000865779
p.Ser358Phe,missense_variant,,,,0.00072729
p.Asn152Asp,missense_variant,,,,0.000528471
p.Tyr419Cys,missense_variant,,,,0.000523547
p.Val293Ile,missense_variant,,,,0.000397138
p.Arg390Cys,missense_variant,,,,0.000326096
p.Arg260Cys,missense_variant,Uncertain significance,2519502,,0.000314746
p.Arg408Ser,missense_variant,,,,0.000303668
p.Pro376Ser,missense_variant,Uncertain significance,2232124,,0.000290049
p.Asp274Asn,missense_variant,,,,0.000270101
p.Thr378Met,missense_variant,drug response,829196,,0.000255372
p.Arg265Cys,missense_variant,,,,0.000232949
p.Pro174Ala,missense_variant,Uncertain significance,3204428,,0.000171025
p.Gly389Val,missense_variant,,,,0.000158703
p.Asn190Lys,missense_variant,,,,0.000151783
p.Thr155Ile,missense_variant,,,,0.000146843
p.Ser268Pro,missense_variant,,,,0.000124522
p.Arg408Cys,missense_variant,,,,0.00011465
p.Arg347Gln,missense_variant,Uncertain significance,3924267,,0.000106565
p.Leu48Phe,missense_variant,,,,8.69818E-05
p.Met205Thr,missense_variant,,,,8.61457E-05
p.Ser331Arg,missense_variant,Uncertain significance,2460211,,8.42522E-05
p.Arg45Gln,missense_variant,,,,8.18785E-05
p.Arg265His,missense_variant,Uncertain significance,4084313,,6.81541E-05
p.Arg408His,missense_variant,,,,6.507E-05
p.Gly63Val,missense_variant,,,,6.39647E-05
p.Ala104Asp,missense_variant,Uncertain significance,3204427,,6.07723E-05
p.Arg369His,missense_variant,,,,5.94874E-05
p.Arg401Gly,missense_variant,,,,5.82471E-05
p.Cys348Arg,missense_variant,Uncertain significance,4084005,,5.69931E-05
p.Gly55Asp,missense_variant,,,,5.69765E-05
p.Phe125Leu,missense_variant,Uncertain significance,2469026,,5.39042E-05
p.Met257Ile,missense_variant,,,,5.2659E-05
p.Arg457Ser,missense_variant,,,,5.1277E-05
p.Arg33Gln,missense_variant,,,,4.57325E-05
p.Arg431Cys,missense_variant,drug response,829158,,4.33672E-05
p.Cys458Ser,missense_variant,,,,4.23866E-05
p.Ser66Phe,missense_variant,,,,4.16382E-05
p.Arg367Gln,missense_variant,,,,3.96572E-05
p.His36Tyr,missense_variant,,,,3.96554E-05
p.Thr62Pro,missense_variant,,,,3.85348E-05
p.Met37Thr,missense_variant,,,,3.80265E-05
p.Ile292Val,missense_variant,,,,3.46955E-05
p.Gly401Arg,missense_variant,,,,3.34265E-05
p.Ala18Thr,missense_variant,Likely benign,3410152,,3.22222E-05
p.Thr314Met,missense_variant,,,,3.22169E-05
p.Val302Ile,missense_variant,,,,3.22159E-05
p.Gln411Lys,missense_variant,,,,3.20166E-05
p.Tyr407His,missense_variant,,,,3.20114E-05
p.Ser224Cys,missense_variant,,,,3.16024E-05
p.Thr12Met,missense_variant,,,,3.10377E-05
p.Lys100Arg,missense_variant,,,,3.10346E-05
p.Arg43Gly,missense_variant,,,,3.07196E-05
p.His396Asn,missense_variant,,,,3.06226E-05
p.Tyr98Cys,missense_variant,,,,3.04738E-05
p.Met74Thr,missense_variant,,,,2.99003E-05
p.Ser402Leu,missense_variant,,,,2.924E-05
p.Gly406Arg,missense_variant,,,,2.8518E-05
p.Arg181His,missense_variant,,,,2.84997E-05
p.Thr134Arg,missense_variant,Uncertain significance,2219238,,2.78861E-05
p.Arg373Lys,missense_variant,Uncertain significance,3924270,,2.78842E-05
p.Glu343Asp,missense_variant,Uncertain significance,2354483,,2.78774E-05
p.Gly255Glu,missense_variant,Uncertain significance,2208854,,2.72589E-05
p.Asn380Ser,missense_variant,,,,2.60406E-05
p.Gln402His,missense_variant,,,,2.60298E-05
p.Trp397Arg,missense_variant,,,,2.56389E-05
p.Ile195Met,missense_variant,,,,2.54035E-05
p.Arg184Gln,missense_variant,Uncertain significance,3204429,,2.54032E-05
p.Ile360Thr,missense_variant,Uncertain significance,3924269,,2.47815E-05
p.Tyr77Ser,missense_variant,,,,2.43418E-05
p.Met67Val,missense_variant,,,,2.42428E-05
p.Val407Gly,missense_variant,,,,2.4164E-05
p.Gly7Cys,missense_variant,,,,2.39434E-05
p.Gly215Ser,missense_variant,,,,2.37456E-05
p.Pro402Ser,missense_variant,,,,2.36627E-05
p.Ser270Tyr,missense_variant,,,,2.29249E-05
p.Pro438Leu,missense_variant,,,,2.1686E-05
p.Cys237Tyr,missense_variant,,,,2.16847E-05
p.His403Tyr,missense_variant,,,,2.12143E-05
p.Glu390Gly,missense_variant,,,,2.08753E-05
p.Pro7His,missense_variant,,,,1.98437E-05
p.Gly414Glu,missense_variant,,,,1.92069E-05
p.Asp394Gly,missense_variant,,,,1.80938E-05
p.Phe180Ser,missense_variant,,,,1.79672E-05
p.Arg431His,missense_variant,,,,1.79672E-05
p.Thr462Ala,missense_variant,,,,1.79589E-05
p.Arg57Leu,missense_variant,,,,1.74898E-05
p.Ile390Thr,missense_variant,,,,1.74713E-05
p.Pro174Ser,missense_variant,,,,1.73504E-05
p.Arg373Gly,missense_variant,,,,1.73491E-05
p.Gly55Ser,missense_variant,,,,1.62858E-05
p.Asp414Val,missense_variant,,,,1.61156E-05
p.Pro405Leu,missense_variant,,,,1.61117E-05
p.Ala442Thr,missense_variant,,,,1.61113E-05
p.Thr227Ala,missense_variant,,,,1.54893E-05
p.Ile250Thr,missense_variant,Uncertain significance,3924274,,1.48681E-05
p.Ile249Asn,missense_variant,,,,1.48678E-05
p.Pro23His,missense_variant,,,,1.48232E-05
p.Ile68Thr,missense_variant,,,,1.43064E-05
p.Ser23Phe,missense_variant,,,,1.42513E-05
p.Cys348Phe,missense_variant,,,,1.42486E-05
p.Val7Leu,missense_variant,,,,1.41797E-05
p.Asn400Asp,missense_variant,,,,1.39512E-05
p.Ser11Gly,missense_variant,,,,1.36362E-05
p.Ile144Thr,missense_variant,Uncertain significance,3924268,,1.36308E-05
p.Arg36Cys,missense_variant,,,,1.35346E-05
p.Arg36Gly,missense_variant,,,,1.35346E-05
p.Tyr168Cys,missense_variant,,,,1.3012E-05
p.Tyr338Cys,missense_variant,,,,1.30105E-05
p.Met245Thr,missense_variant,,,,1.30091E-05
p.Thr20Asn,missense_variant,,,,1.28974E-05
p.Ala39Ser,missense_variant,,,,1.28586E-05
p.Ser23Pro,missense_variant,,,,1.23944E-05
p.Val252Met,missense_variant,Uncertain significance,828401,,1.2392E-05
p.Gly47Arg,missense_variant,,,,1.22501E-05
p.Glu34Asp,missense_variant,,,,1.22464E-05
p.Leu15Ser,missense_variant,,,,1.22453E-05
p.Thr72Met,missense_variant,drug response,828462,,1.18303E-05
p.Gly215Val,missense_variant,Uncertain significance,4125744,,1.18024E-05
p.Arg369Cys,missense_variant,,,,1.1773E-05
p.Cys161Ser,missense_variant,,,,1.17717E-05
p.Arg278Gln,missense_variant,,,,1.1771E-05
p.Pro8Ala,missense_variant,,,,1.16493E-05
p.Ala39Val,missense_variant,,,,1.1571E-05
p.Ala6Gly,missense_variant,,,,1.11664E-05
p.Gly54Arg,missense_variant,Uncertain significance,3204426,,1.11573E-05
p.Val290Met,missense_variant,,,,1.11521E-05
p.Gln411Leu,missense_variant,,,,1.11343E-05
p.Ala48Thr,missense_variant,,,,1.096E-05
p.Gly55Arg,missense_variant,,,,1.06484E-05
p.Arg57His,missense_variant,,,,9.99417E-06
p.Gly327Cys,missense_variant,Uncertain significance,3204430,,9.91293E-06
p.Met257Ile,missense_variant,,,,9.91229E-06
p.Leu405Val,missense_variant,,,,9.74295E-06
p.Asn408Ser,missense_variant,,,,9.74095E-06
p.Pro390Arg,missense_variant,,,,9.29429E-06
p.Asn48Lys,missense_variant,,,,9.29424E-06
p.Thr372Ala,missense_variant,,,,9.29395E-06
p.Gly46Arg,missense_variant,,,,9.29383E-06
p.Val287Met,missense_variant,,,,9.2931E-06
p.Ser427Leu,missense_variant,,,,9.29285E-06
p.Tyr419His,missense_variant,,,,9.29268E-06
p.Asn185Lys,missense_variant,,,,9.29254E-06
p.Thr12Arg,missense_variant,,,,9.05266E-06
p.Asp38Tyr,missense_variant,Uncertain significance,3302358,,8.67498E-06
p.Ala18Val,missense_variant,drug response,829262,,8.67495E-06
p.Pro355Thr,missense_variant,Uncertain significance,3204425,,8.6738E-06
p.Gly12Arg,missense_variant,,,,8.40636E-06
p.His4Arg,missense_variant,,,,8.37897E-06
p.Arg5Lys,missense_variant,,,,8.37872E-06
p.Ser389Arg,missense_variant,,,,8.35057E-06
p.Gly215Cys,missense_variant,,,,8.12291E-06
p.Ala6Asp,missense_variant,,,,8.06406E-06
p.Gly441Arg,missense_variant,,,,8.0555E-06
p.Pro436Ala,missense_variant,,,,8.05389E-06
p.Ala19Thr,missense_variant,,,,7.73349E-06
p.Leu58Pro,missense_variant,Uncertain significance,3924265,,7.44186E-06
p.Asn9Lys,missense_variant,Uncertain significance,2383422,,7.43915E-06
p.Ser319Tyr,missense_variant,Uncertain significance,3924272,,7.43406E-06
p.Thr313Ile,missense_variant,,,,7.43393E-06
p.Arg350Gly,missense_variant,Uncertain significance,3204424,,7.43379E-06
p.His403Pro,missense_variant,,,,7.28472E-06
p.Leu9Phe,missense_variant,,,,7.11611E-06
p.Leu393Val,missense_variant,,,,6.95867E-06
p.Gly55Val,missense_variant,,,,6.88676E-06
p.Thr8Arg,missense_variant,,,,6.82048E-06
p.Ala10Thr,missense_variant,Uncertain significance,3410159,,6.81942E-06
p.Arg167Gln,missense_variant,,,,6.81674E-06
p.Asp51Asn,missense_variant,,,,6.81632E-06
p.Gly46Cys,missense_variant,,,,6.81548E-06
p.Leu337Pro,missense_variant,,,,6.81493E-06
p.Arg265Leu,missense_variant,,,,6.81491E-06
p.Ile240Thr,missense_variant,Uncertain significance,4125746,,6.81483E-06
p.Asp342Val,missense_variant,,,,6.81452E-06
p.Pro58Ser,missense_variant,,,,6.23884E-06
p.Ala5Thr,missense_variant,Likely benign,2406485,,6.20563E-06
p.Ile392Leu,missense_variant,,,,6.20004E-06
p.Pro398Leu,missense_variant,,,,6.199E-06
p.Thr396Ile,missense_variant,,,,6.19851E-06
p.Gly53Ser,missense_variant,,,,6.19766E-06
p.Ala399Thr,missense_variant,,,,6.19757E-06
p.Ala16Gly,missense_variant,,,,6.19633E-06
p.Thr122Ser,missense_variant,,,,6.19574E-06
p.Pro409Leu,missense_variant,,,,6.19572E-06
p.Leu277Pro,missense_variant,Uncertain significance,4125747,,6.19558E-06
p.Lys346Glu,missense_variant,,,,6.19551E-06
p.Asp396Tyr,missense_variant,,,,6.04909E-06
p.Thr462Ile,missense_variant,,,,5.98347E-06
p.His456Arg,missense_variant,,,,5.89926E-06
p.Ala11Ser,missense_variant,,,,5.81843E-06
p.Val16Ile,missense_variant,,,,5.8097E-06
p.Pro8His,missense_variant,,,,5.80066E-06
p.Leu40Phe,missense_variant,,,,5.78011E-06
p.Leu85Ile,missense_variant,,,,5.63547E-06
p.Ala56Thr,missense_variant,,,,5.63116E-06
p.Val80Leu,missense_variant,,,,5.6209E-06
p.Gly63Asp,missense_variant,,,,5.58915E-06
p.Pro398Ala,missense_variant,,,,5.5787E-06
p.Gly440Asp,missense_variant,,,,5.57686E-06
p.Ile244Phe,missense_variant,,,,5.5756E-06
p.Phe340Leu,missense_variant,,,,5.57551E-06
p.Phe416Leu,missense_variant,,,,5.56765E-06
p.Cys395Tyr,missense_variant,,,,5.56759E-06
p.Ala409Gly,missense_variant,,,,5.56664E-06
p.Ser15Cys,missense_variant,,,,5.16801E-06
p.Pro376Thr,missense_variant,,,,4.95775E-06
p.Gln370Glu,missense_variant,,,,4.95667E-06
p.Ala242Thr,missense_variant,,,,4.95651E-06
p.Asn193Ser,missense_variant,,,,4.95624E-06
p.Lys394Gln,missense_variant,,,,4.55317E-06
p.Pro27Thr,missense_variant,,,,4.51138E-06
p.Arg57Cys,missense_variant,,,,4.37423E-06
p.Pro61Leu,missense_variant,drug response,829258,,4.34423E-06
p.Val382Glu,missense_variant,,,,4.34134E-06
p.Asp420Ala,missense_variant,,,,4.33921E-06
p.Ile107Leu,missense_variant,,,,4.33781E-06
p.Ala18Gly,missense_variant,,,,4.33779E-06
p.Glu401Asp,missense_variant,,,,4.33776E-06
p.Val32Leu,missense_variant,,,,4.33774E-06
p.Pro47Ser,missense_variant,,,,4.33727E-06
p.Pro124Leu,missense_variant,,,,4.33717E-06
p.Ala115Gly,missense_variant,,,,4.33681E-06
p.Ile144Leu,missense_variant,,,,4.33671E-06
p.Ile240Met,missense_variant,,,,4.33658E-06
p.Val395Ile,missense_variant,,,,4.17607E-06
p.Leu393Met,missense_variant,,,,4.17589E-06
p.Leu6Pro,missense_variant,,,,3.88302E-06
p.Met37Ile,missense_variant,,,,3.86716E-06
p.Gln27Lys,missense_variant,,,,3.86704E-06
p.Glu11Gly,missense_variant,,,,3.86676E-06
p.Ser46Leu,missense_variant,,,,3.82211E-06
p.Arg97Ser,missense_variant,,,,3.73396E-06
p.Thr99Ala,missense_variant,,,,3.728E-06
p.Asp56Glu,missense_variant,,,,3.72004E-06
p.Ser394Phe,missense_variant,,,,3.71931E-06
p.His375Gln,missense_variant,,,,3.7185E-06
p.His375Tyr,missense_variant,,,,3.71844E-06
p.Cys13Gly,missense_variant,,,,3.71822E-06
p.Asp15His,missense_variant,,,,3.71814E-06
p.Ser42Phe,missense_variant,,,,3.71763E-06
p.Ser21Gly,missense_variant,,,,3.71762E-06
p.Trp194Cys,missense_variant,,,,3.71759E-06
p.Ser20Leu,missense_variant,,,,3.71744E-06
p.Ser197Phe,missense_variant,,,,3.71734E-06
p.Asn276Tyr,missense_variant,,,,3.71733E-06
p.Gly414Arg,missense_variant,,,,3.71722E-06
p.Met283Leu,missense_variant,,,,3.71715E-06
p.Asn232Lys,missense_variant,,,,3.71712E-06
p.Thr314Arg,missense_variant,,,,3.71706E-06
p.Met245Val,missense_variant,,,,3.71701E-06
p.Thr329Ile,missense_variant,,,,3.717E-06
p.Leu399His,missense_variant,,,,3.32284E-06
p.Leu399Pro,missense_variant,,,,3.32258E-06
p.Ala4Val,missense_variant,,,,3.2306E-06
p.Arg36Leu,missense_variant,,,,3.22275E-06
p.Gln27Arg,missense_variant,,,,3.22251E-06
p.Thr42Asn,missense_variant,,,,3.20312E-06
p.Thr381Ile,missense_variant,Uncertain significance,2623539,,3.10012E-06
p.Ala399Val,missense_variant,,,,3.09902E-06
p.Gly53Asp,missense_variant,,,,3.0987E-06
p.Cys404Phe,missense_variant,,,,3.0987E-06
p.Ser27Ile,missense_variant,,,,3.09839E-06
p.Thr372Ile,missense_variant,Uncertain significance,2459166,,3.09827E-06
p.Gly133Arg,missense_variant,,,,3.09824E-06
p.Phe223Ser,missense_variant,,,,3.0981E-06
p.Phe137Ser,missense_variant,,,,3.09796E-06
p.Asp43Tyr,missense_variant,,,,3.09792E-06
p.Glu351Lys,missense_variant,,,,3.09777E-06
p.Met163Val,missense_variant,,,,3.09772E-06
p.Asn330Lys,missense_variant,,,,3.09771E-06
p.Pro183Ala,missense_variant,,,,3.09769E-06
p.Ile360Met,missense_variant,,,,3.09767E-06
p.Tyr254Cys,missense_variant,,,,3.09763E-06
p.Cys294Gly,missense_variant,,,,3.09757E-06
p.Arg275Gly,missense_variant,Uncertain significance,2239023,,3.09746E-06
p.Leu333Phe,missense_variant,Uncertain significance,2479733,,3.09746E-06
p.Arg392Gly,missense_variant,,,,3.03652E-06
p.Leu472His,missense_variant,,,,3.01689E-06
p.Leu464Val,missense_variant,,,,2.9964E-06
p.Gly389Glu,missense_variant,,,,2.78427E-06
p.Lys393Arg,missense_variant,,,,2.78395E-06
p.Glu390Lys,missense_variant,,,,2.78386E-06
p.Asp394Ala,missense_variant,,,,2.78366E-06
p.Gly418Arg,missense_variant,,,,2.78338E-06
p.Ser406Ile,missense_variant,,,,2.78322E-06
p.Arg19Gly,missense_variant,,,,2.58008E-06
p.Pro41Thr,missense_variant,,,,2.57808E-06
p.Pro41Arg,missense_variant,,,,2.57807E-06
p.Asp16Asn,missense_variant,,,,2.57797E-06
p.Pro28Ser,missense_variant,,,,2.57794E-06
p.Ala38Val,missense_variant,,,,2.5779E-06
p.Pro26Ala,missense_variant,,,,2.57776E-06
p.Gln31Glu,missense_variant,,,,2.57725E-06
p.Leu49Pro,missense_variant,,,,2.53155E-06
p.Ser52Leu,missense_variant,,,,2.5167E-06
p.Val82Met,missense_variant,,,,2.50062E-06
p.Val80Met,missense_variant,,,,2.49799E-06
p.Tyr212His,missense_variant,Uncertain significance,3882837,,2.48451E-06
p.Arg384Gly,missense_variant,drug response,829194,,2.48135E-06
p.Ala397Ser,missense_variant,,,,2.47974E-06
p.Ala394Thr,missense_variant,,,,2.47973E-06
p.Asn9Asp,missense_variant,,,,2.47973E-06
p.Met416Val,missense_variant,,,,2.47945E-06
p.Asn413Ser,missense_variant,,,,2.47923E-06
p.Asn12Ser,missense_variant,,,,2.47895E-06
p.Val204Ile,missense_variant,,,,2.47882E-06
p.Tyr408Cys,missense_variant,,,,2.47873E-06
p.Cys172Tyr,missense_variant,Uncertain significance,2244156,,2.47859E-06
p.Ala16Ser,missense_variant,,,,2.47851E-06
p.Thr406Ser,missense_variant,,,,2.47845E-06
p.Gly440Val,missense_variant,,,,2.47843E-06
p.His173Tyr,missense_variant,,,,2.47842E-06
p.Arg49Gly,missense_variant,,,,2.47834E-06
p.Val165Asp,missense_variant,Uncertain significance,3302359,,2.47825E-06
p.Lys235Arg,missense_variant,,,,2.47824E-06
p.Cys142Ser,missense_variant,,,,2.47818E-06
p.Val417Leu,missense_variant,,,,2.47816E-06
p.Ile300Val,missense_variant,,,,2.47814E-06
p.Met153Val,missense_variant,,,,2.47813E-06
p.Met132Thr,missense_variant,Uncertain significance,3410154,,2.47811E-06
p.Val247Met,missense_variant,drug response,828403,,2.4781E-06
p.Val264Ile,missense_variant,,,,2.47808E-06
p.Thr182Ser,missense_variant,,,,2.47808E-06
p.Thr120Ala,missense_variant,,,,2.47807E-06
p.Ser121Gly,missense_variant,,,,2.47807E-06
p.Val191Gly,missense_variant,,,,2.47806E-06
p.Ile244Val,missense_variant,,,,2.47804E-06
p.Ile236Asn,missense_variant,,,,2.47804E-06
p.Asn334Lys,missense_variant,,,,2.47801E-06
p.Met245Leu,missense_variant,,,,2.47801E-06
p.Glu343Ala,missense_variant,,,,2.47795E-06
p.Thr462Ser,missense_variant,,,,1.9952E-06
p.Ile454Val,missense_variant,,,,1.95046E-06
p.Met2Thr,missense_variant,,,,1.94267E-06
p.Gly7Arg,missense_variant,,,,1.94135E-06
p.Arg10Cys,missense_variant,,,,1.94065E-06
p.Leu13Ile,missense_variant,,,,1.9393E-06
p.Arg3Lys,missense_variant,,,,1.93914E-06
p.Ile7Val,missense_variant,,,,1.93822E-06
p.Ala40Pro,missense_variant,,,,1.9338E-06
p.Ala38Thr,missense_variant,,,,1.93364E-06
p.Asn21Thr,missense_variant,,,,1.93362E-06
p.Met37Val,missense_variant,,,,1.93359E-06
p.Ala40Val,missense_variant,,,,1.93352E-06
p.Pro26Ser,missense_variant,,,,1.93347E-06
p.Glu35Gly,missense_variant,,,,1.93154E-06
p.Val94Ala,missense_variant,,,,1.89465E-06
p.Thr51Ile,missense_variant,drug response,829270,,1.89061E-06
p.Arg57Gly,missense_variant,,,,1.87467E-06
p.Ile79Thr,missense_variant,,,,1.87267E-06
p.Leu76Pro,missense_variant,,,,1.87028E-06
p.Met74Val,missense_variant,,,,1.8687E-06
p.Ser391Gly,missense_variant,,,,1.86812E-06
p.Thr72Arg,missense_variant,,,,1.86807E-06
p.Ile73Val,missense_variant,,,,1.868E-06
p.Thr62Asn,missense_variant,drug response,829265,,1.8644E-06
p.Thr99Asn,missense_variant,,,,1.86439E-06
p.Thr62Ser,missense_variant,,,,1.86229E-06
p.Thr209Lys,missense_variant,,,,1.86186E-06
p.Thr210Pro,missense_variant,,,,1.86157E-06
p.Cys59Tyr,missense_variant,,,,1.86098E-06
p.Pro7Leu,missense_variant,,,,1.86049E-06
p.Ala104Thr,missense_variant,,,,1.86027E-06
p.Thr8Ala,missense_variant,,,,1.85999E-06
p.His426Arg,missense_variant,,,,1.85969E-06
p.Thr396Ala,missense_variant,,,,1.85956E-06
p.Ile148Val,missense_variant,,,,1.85948E-06
p.Cys219Phe,missense_variant,,,,1.85945E-06
p.Gly54Glu,missense_variant,,,,1.85938E-06
p.Met205Val,missense_variant,,,,1.85935E-06
p.Ser377Phe,missense_variant,,,,1.85933E-06
p.Trp31Arg,missense_variant,,,,1.85919E-06
p.Thr14Ala,missense_variant,Uncertain significance,3302360,,1.85911E-06
p.Thr222Ile,missense_variant,,,,1.85907E-06
p.Ser30Phe,missense_variant,,,,1.85902E-06
p.Ser35Thr,missense_variant,,,,1.85902E-06
p.Arg49Leu,missense_variant,,,,1.85899E-06
p.Thr406Ile,missense_variant,,,,1.85897E-06
p.Arg401Gln,missense_variant,,,,1.85896E-06
p.Arg373Thr,missense_variant,,,,1.85895E-06
p.Ile109Phe,missense_variant,,,,1.85894E-06
p.Thr159Ala,missense_variant,,,,1.85887E-06
p.Pro390Leu,missense_variant,,,,1.85886E-06
p.Pro411Thr,missense_variant,,,,1.85877E-06
p.Pro411Ser,missense_variant,,,,1.85877E-06
p.Ala199Thr,missense_variant,,,,1.85876E-06
p.Gln126Glu,missense_variant,,,,1.85874E-06
p.Thr356Ala,missense_variant,,,,1.85873E-06
p.Thr159Asn,missense_variant,,,,1.85869E-06
p.Arg431Pro,missense_variant,,,,1.85868E-06
p.Ser394Asn,missense_variant,,,,1.85868E-06
p.Ile169Thr,missense_variant,,,,1.85867E-06
p.Val252Leu,missense_variant,,,,1.85866E-06
p.Ala119Pro,missense_variant,,,,1.85866E-06
p.Pro124Ser,missense_variant,,,,1.85865E-06
p.Lys305Arg,missense_variant,,,,1.85864E-06
p.Ile157Met,missense_variant,,,,1.8586E-06
p.Val238Ile,missense_variant,,,,1.85859E-06
p.Lys262Arg,missense_variant,,,,1.85856E-06
p.His426Gln,missense_variant,,,,1.85856E-06
p.Gly327Val,missense_variant,,,,1.85855E-06
p.Asp342Asn,missense_variant,,,,1.85855E-06
p.Lys235Met,missense_variant,,,,1.85854E-06
p.Leu421Pro,missense_variant,,,,1.85854E-06
p.Leu416Val,missense_variant,,,,1.85854E-06
p.Ser358Tyr,missense_variant,,,,1.85849E-06
p.Leu333Val,missense_variant,,,,1.85847E-06
p.Phe241Cys,missense_variant,,,,1.85847E-06
p.Lys394Glu,missense_variant,,,,1.51772E-06
p.Trp397Cys,missense_variant,,,,1.51011E-06
p.Ser389Thr,missense_variant,,,,1.39214E-06
p.Ala396Thr,missense_variant,,,,1.3921E-06
p.Val420Gly,missense_variant,,,,1.39206E-06
p.Val420Asp,missense_variant,,,,1.39206E-06
p.Ala396Val,missense_variant,drug response,829141,,1.39202E-06
p.Lys393Thr,missense_variant,,,,1.39197E-06
p.Ala400Asp,missense_variant,,,,1.39196E-06
p.Asp397Asn,missense_variant,,,,1.39192E-06
p.Asp397His,missense_variant,,,,1.39192E-06
p.Ser389Asn,missense_variant,,,,1.39192E-06
p.Pro390Ser,missense_variant,,,,1.39192E-06
p.Gln411Glu,missense_variant,,,,1.3919E-06
p.Leu399Phe,missense_variant,,,,1.39187E-06
p.Leu393Gln,missense_variant,,,,1.39186E-06
p.Val395Ala,missense_variant,,,,1.39186E-06
p.Arg419Lys,missense_variant,,,,1.39185E-06
p.Asn408Lys,missense_variant,,,,1.39182E-06
p.Asn399Thr,missense_variant,,,,1.39182E-06
p.Asn399Ser,missense_variant,,,,1.39182E-06
p.Gly410Glu,missense_variant,,,,1.39175E-06
p.Leu391Phe,missense_variant,,,,1.39174E-06
p.Gly410Arg,missense_variant,,,,1.3917E-06
p.Pro413Ser,missense_variant,,,,1.3917E-06
p.Ala409Val,missense_variant,,,,1.39166E-06
p.Pro402His,missense_variant,,,,1.39165E-06
p.Pro402Leu,missense_variant,,,,1.39165E-06
p.Cys395Arg,missense_variant,,,,1.39164E-06
p.Ser406Arg,missense_variant,,,,1.39163E-06
p.Leu391Val,missense_variant,,,,1.39163E-06
p.Pro404Ser,missense_variant,,,,1.39162E-06
p.Pro404Thr,missense_variant,,,,1.39162E-06
p.Ser412Pro,missense_variant,,,,1.39161E-06
p.Leu405Arg,missense_variant,,,,1.39159E-06
p.Leu405Pro,missense_variant,,,,1.39159E-06
p.Phe414Val,missense_variant,,,,1.39159E-06
p.Phe416Leu,missense_variant,,,,1.39159E-06
p.Cys397Gly,missense_variant,,,,1.39157E-06
p.Arg419Gly,missense_variant,,,,1.39157E-06
p.Gln411Pro,missense_variant,,,,1.39156E-06
p.Ala4Val,missense_variant,,,,1.29467E-06
p.Gly7Ala,missense_variant,,,,1.29402E-06
p.Ala18Asp,missense_variant,,,,1.2902E-06
p.Arg19Met,missense_variant,,,,1.28972E-06
p.Tyr13Cys,missense_variant,,,,1.28947E-06
p.Gln44His,missense_variant,,,,1.28941E-06
p.Gly47Trp,missense_variant,,,,1.28938E-06
p.Cys46Tyr,missense_variant,,,,1.28934E-06
p.Arg45Pro,missense_variant,,,,1.28933E-06
p.Ala40Thr,missense_variant,,,,1.2893E-06
p.Cys23Ser,missense_variant,,,,1.28924E-06
p.Cys2Tyr,missense_variant,,,,1.28916E-06
p.Arg36His,missense_variant,,,,1.2891E-06
p.Glu10Gln,missense_variant,,,,1.28905E-06
p.Thr12Ala,missense_variant,,,,1.28904E-06
p.Pro41Ala,missense_variant,,,,1.28904E-06
p.Ser9Gly,missense_variant,,,,1.28902E-06
p.Ser33Phe,missense_variant,,,,1.28898E-06
p.Pro23Arg,missense_variant,,,,1.28897E-06
p.Arg5Gly,missense_variant,,,,1.28895E-06
p.Glu10Lys,missense_variant,drug response,828481,,1.28895E-06
p.Leu15Phe,missense_variant,,,,1.28895E-06
p.Met37Arg,missense_variant,,,,1.28894E-06
p.Glu11Lys,missense_variant,,,,1.28893E-06
p.His39Asp,missense_variant,,,,1.28892E-06
p.Pro22Ala,missense_variant,,,,1.28889E-06
p.Pro31Leu,missense_variant,,,,1.28889E-06
p.Pro27Ser,missense_variant,,,,1.28887E-06
p.Pro26Leu,missense_variant,,,,1.28886E-06
p.Glu35Lys,missense_variant,,,,1.2877E-06
p.Glu35Gln,missense_variant,,,,1.2877E-06
p.Ala37Val,missense_variant,,,,1.28688E-06
p.Glu38Ala,missense_variant,,,,1.28623E-06
p.Arg43Gln,missense_variant,,,,1.27933E-06
p.Arg43Leu,missense_variant,,,,1.27923E-06
p.Val45Phe,missense_variant,,,,1.27649E-06
p.Ala50Pro,missense_variant,,,,1.26423E-06
p.Ala50Val,missense_variant,,,,1.26335E-06
p.Met92Arg,missense_variant,,,,1.26145E-06
p.Ser54Gly,missense_variant,,,,1.25429E-06
p.Val83Met,missense_variant,,,,1.25067E-06
p.Tyr77Cys,missense_variant,,,,1.24821E-06
p.Pro58Leu,missense_variant,drug response,829267,,1.24745E-06
p.Ala59Thr,missense_variant,,,,1.24642E-06
p.Val60Ile,missense_variant,,,,1.24497E-06
p.Gln388His,missense_variant,,,,1.24348E-06
p.Met67Thr,missense_variant,,,,1.24323E-06
p.Thr62Ala,missense_variant,,,,1.24306E-06
p.Pro65Leu,missense_variant,drug response,828464,,1.24303E-06
p.Gly215Ala,missense_variant,,,,1.24227E-06
p.Gly215Asp,missense_variant,,,,1.24227E-06
p.Gly63Ser,missense_variant,,,,1.24185E-06
p.Pro61Arg,missense_variant,,,,1.24121E-06
p.Asn386Asp,missense_variant,,,,1.2412E-06
p.Ala5Ser,missense_variant,,,,1.24112E-06
p.Thr210Ser,missense_variant,,,,1.24095E-06
p.Pro60Ser,missense_variant,,,,1.24073E-06
p.Lys102Met,missense_variant,,,,1.24064E-06
p.Asp383Asn,missense_variant,,,,1.24045E-06
p.Ile217Val,missense_variant,,,,1.24028E-06
p.Ile217Thr,missense_variant,,,,1.24026E-06
p.Met416Leu,missense_variant,,,,1.23982E-06
p.Cys219Arg,missense_variant,,,,1.23981E-06
p.Leu399Ser,missense_variant,,,,1.23977E-06
p.Leu392Pro,missense_variant,,,,1.23975E-06
p.Glu393Lys,missense_variant,,,,1.23974E-06
p.Val32Ala,missense_variant,,,,1.23946E-06
p.Arg408Pro,missense_variant,,,,1.23943E-06
p.Pro203Leu,missense_variant,,,,1.23943E-06
p.Asp43Gly,missense_variant,,,,1.23939E-06
p.Asp374Asn,missense_variant,,,,1.23936E-06
p.Gly29Cys,missense_variant,,,,1.23936E-06
p.Asp374Glu,missense_variant,,,,1.23933E-06
p.Thr14Ser,missense_variant,Likely benign,3410153,,1.23932E-06
p.Asp43Val,missense_variant,,,,1.2393E-06
p.Asp374Val,missense_variant,,,,1.23929E-06
p.Pro28Ala,missense_variant,,,,1.23929E-06
p.Ala16Thr,missense_variant,,,,1.23926E-06
p.Tyr19His,missense_variant,,,,1.23925E-06
p.Ala25Thr,missense_variant,,,,1.23924E-06
p.Arg49His,missense_variant,,,,1.23923E-06
p.Leu112Phe,missense_variant,,,,1.23923E-06
p.His36Asn,missense_variant,,,,1.23923E-06
p.Leu131Pro,missense_variant,,,,1.2392E-06
p.Ala396Pro,missense_variant,,,,1.2392E-06
p.Gly46Ser,missense_variant,,,,1.23918E-06
p.Arg49Ser,missense_variant,,,,1.23917E-06
p.Asp43Asn,missense_variant,Uncertain significance,3924271,,1.23917E-06
p.Ile292Met,missense_variant,,,,1.23917E-06
p.Thr356Pro,missense_variant,,,,1.23916E-06
p.His225Tyr,missense_variant,,,,1.23914E-06
p.Glu272Gly,missense_variant,,,,1.23911E-06
p.Gln413Arg,missense_variant,,,,1.23911E-06
p.Ile398Thr,missense_variant,,,,1.23911E-06
p.Cys429Arg,missense_variant,,,,1.2391E-06
p.Ile195Leu,missense_variant,,,,1.2391E-06
p.Met395Thr,missense_variant,,,,1.23909E-06
p.Pro183Leu,missense_variant,,,,1.23908E-06
p.Gln126Arg,missense_variant,,,,1.23908E-06
p.His299Arg,missense_variant,,,,1.23908E-06
p.Ala392Val,missense_variant,,,,1.23907E-06
p.Arg282Ser,missense_variant,,,,1.23907E-06
p.Cys332Gly,missense_variant,,,,1.23907E-06
p.Arg260Ser,missense_variant,,,,1.23907E-06
p.Val165Ile,missense_variant,,,,1.23906E-06
p.Val284Met,missense_variant,,,,1.23906E-06
p.Ser147Pro,missense_variant,,,,1.23905E-06
p.Ser156Asn,missense_variant,,,,1.23905E-06
p.Pro415Ser,missense_variant,,,,1.23904E-06
p.Ile236Phe,missense_variant,,,,1.23904E-06
p.Tyr151Cys,missense_variant,,,,1.23904E-06
p.Asn190Ser,missense_variant,,,,1.23904E-06
p.Met257Ile,missense_variant,,,,1.23904E-06
p.Cys253Ser,missense_variant,,,,1.23903E-06
p.Cys253Tyr,missense_variant,,,,1.23903E-06
p.Pro355Ser,missense_variant,,,,1.23902E-06
p.Leu267Pro,missense_variant,,,,1.23902E-06
p.Ser331Asn,missense_variant,,,,1.23902E-06
p.Thr251Ile,missense_variant,,,,1.23901E-06
p.Phe315Tyr,missense_variant,,,,1.23901E-06
p.Asn276Ser,missense_variant,,,,1.23901E-06
p.Met266Val,missense_variant,Uncertain significance,3410158,,1.23901E-06
p.Arg282Met,missense_variant,,,,1.23901E-06
p.Thr329Ala,missense_variant,,,,1.23901E-06
p.Asn334Lys,missense_variant,,,,1.23901E-06
p.Ile249Val,missense_variant,,,,1.23901E-06
p.Leu248Pro,missense_variant,,,,1.239E-06
p.Ile310Thr,missense_variant,,,,1.239E-06
p.Ile157Leu,missense_variant,,,,1.23899E-06
p.Tyr254His,missense_variant,,,,1.23899E-06
p.Leu256Pro,missense_variant,,,,1.23899E-06
p.Leu472Phe,missense_variant,,,,1.00535E-06
p.Val470Ala,missense_variant,,,,1.00361E-06
p.Pro469Leu,missense_variant,,,,1.00342E-06
p.Pro469Ser,missense_variant,,,,1.00177E-06
p.Lys468Glu,missense_variant,,,,1.00116E-06
p.Pro463Leu,missense_variant,,,,9.99E-07
p.Asn461Ser,missense_variant,,,,9.94E-07
p.Cys458Tyr,missense_variant,,,,9.88E-07
p.Ile455Leu,missense_variant,,,,9.79E-07
p.Asn451His,missense_variant,,,,9.71E-07
p.Asn451Asp,missense_variant,,,,9.71E-07
p.Val2Asp,missense_variant,,,,7.75E-07
p.Lys389Glu,missense_variant,,,,7.04E-07
p.Lys389Asn,missense_variant,,,,7.00E-07
p.Ser396Leu,missense_variant,,,,6.71E-07
p.Ser397Tyr,missense_variant,,,,6.68E-07
p.Leu398Phe,missense_variant,,,,6.65E-07
p.Leu399Arg,missense_variant,,,,6.65E-07
p.Lys405Glu,missense_variant,,,,6.63E-07
p.Gly406Ser,missense_variant,,,,6.63E-07
p.Lys405Arg,missense_variant,,,,6.63E-07
p.Cys401Ser,missense_variant,,,,6.63E-07
p.Lys405Asn,missense_variant,,,,6.63E-07
p.Thr404Ile,missense_variant,,,,6.62E-07
p.Met2Ile,missense_variant,,,,6.48E-07
p.Met2Val,missense_variant,,,,6.48E-07
p.Ala4Pro,missense_variant,,,,6.47E-07
p.Ser2Ala,missense_variant,,,,6.47E-07
p.Pro8Ser,missense_variant,,,,6.47E-07
p.Gly7Ser,missense_variant,,,,6.47E-07
p.Pro8Arg,missense_variant,,,,6.47E-07
p.Pro14Arg,missense_variant,,,,6.47E-07
p.Ser15Ala,missense_variant,,,,6.47E-07
p.Arg10His,missense_variant,,,,6.47E-07
p.Arg10Leu,missense_variant,,,,6.47E-07
p.Pro14Ala,missense_variant,,,,6.47E-07
p.Lys13Asn,missense_variant,,,,6.47E-07
p.Ala11Pro,missense_variant,,,,6.47E-07
p.Ala11Thr,missense_variant,,,,6.46E-07
p.Thr12Pro,missense_variant,,,,6.46E-07
p.Leu13Pro,missense_variant,,,,6.46E-07
p.Ser8Asn,missense_variant,,,,6.46E-07
p.Ser15Phe,missense_variant,,,,6.46E-07
p.Ser15Tyr,missense_variant,,,,6.46E-07
p.Val16Phe,missense_variant,,,,6.45E-07
p.Ala18Val,missense_variant,,,,6.45E-07
p.Arg19Lys,missense_variant,,,,6.45E-07
p.Thr20Ala,missense_variant,,,,6.45E-07
p.Gly21Ser,missense_variant,,,,6.45E-07
p.Gly21Val,missense_variant,,,,6.45E-07
p.Cys23Gly,missense_variant,,,,6.45E-07
p.Lys24Arg,missense_variant,,,,6.45E-07
p.Lys24Glu,missense_variant,,,,6.45E-07
p.Gln44Glu,missense_variant,,,,6.45E-07
p.Cys46Gly,missense_variant,,,,6.45E-07
p.His39Pro,missense_variant,,,,6.45E-07
p.Cys23Tyr,missense_variant,,,,6.45E-07
p.Cys23Phe,missense_variant,,,,6.45E-07
p.Leu43Arg,missense_variant,,,,6.45E-07
p.Ala40Ser,missense_variant,,,,6.45E-07
p.Met37Leu,missense_variant,,,,6.45E-07
p.Pro41Leu,missense_variant,,,,6.45E-07
p.Glu34Asp,missense_variant,,,,6.45E-07
p.Glu34Lys,missense_variant,,,,6.45E-07
p.Cys2Ser,missense_variant,,,,6.45E-07
p.Met37Leu,missense_variant,,,,6.45E-07
p.Ser33Pro,missense_variant,,,,6.45E-07
p.His4Tyr,missense_variant,,,,6.45E-07
p.Thr12Ser,missense_variant,,,,6.45E-07
p.Pro41Ser,missense_variant,,,,6.45E-07
p.Phe25Ser,missense_variant,,,,6.45E-07
p.Val7Gly,missense_variant,,,,6.45E-07
p.Ala32Gly,missense_variant,,,,6.44E-07
p.His39Gln,missense_variant,,,,6.44E-07
p.His4Gln,missense_variant,,,,6.44E-07
p.Leu15Val,missense_variant,,,,6.44E-07
p.Pro28Leu,missense_variant,,,,6.44E-07
p.Leu3Ser,missense_variant,,,,6.44E-07
p.Glu34Val,missense_variant,,,,6.44E-07
p.Gln26Arg,missense_variant,,,,6.44E-07
p.Arg17His,missense_variant,,,,6.44E-07
p.Met37Ile,missense_variant,,,,6.44E-07
p.Leu24Pro,missense_variant,,,,6.44E-07
p.Ala38Asp,missense_variant,,,,6.44E-07
p.Pro8Leu,missense_variant,,,,6.44E-07
p.Met37Lys,missense_variant,,,,6.44E-07
p.Pro22Arg,missense_variant,,,,6.44E-07
p.Gln20Arg,missense_variant,,,,6.44E-07
p.Ser35Tyr,missense_variant,drug response,828480,,6.44E-07
p.Arg17Ser,missense_variant,,,,6.44E-07
p.Thr12Asn,missense_variant,,,,6.44E-07
p.Pro23Ala,missense_variant,,,,6.44E-07
p.Pro28Ala,missense_variant,,,,6.44E-07
p.Phe25Leu,missense_variant,,,,6.44E-07
p.Pro27Ala,missense_variant,,,,6.44E-07
p.Leu29Val,missense_variant,,,,6.44E-07
p.Arg32Trp,missense_variant,,,,6.44E-07
p.Arg32Gln,missense_variant,,,,6.44E-07
p.Arg33Pro,missense_variant,,,,6.44E-07
p.Lys34Arg,missense_variant,,,,6.44E-07
p.Lys34Asn,missense_variant,,,,6.44E-07
p.Ala36Val,missense_variant,,,,6.44E-07
p.Ala36Glu,missense_variant,,,,6.44E-07
p.Ala37Thr,missense_variant,,,,6.44E-07
p.Gly41Arg,missense_variant,,,,6.42E-07
p.Gly41Glu,missense_variant,,,,6.41E-07
p.Lys44Gln,missense_variant,,,,6.39E-07
p.Lys44Glu,missense_variant,,,,6.39E-07
p.Val45Ile,missense_variant,,,,6.38E-07
p.Ser46Ala,missense_variant,,,,6.37E-07
p.Val47Leu,missense_variant,,,,6.36E-07
p.Val47Met,missense_variant,,,,6.36E-07
p.Val47Gly,missense_variant,,,,6.36E-07
p.Ile95Met,missense_variant,,,,6.33E-07
p.Ile95Ser,missense_variant,,,,6.32E-07
p.Met92Lys,missense_variant,,,,6.31E-07
p.Tyr93His,missense_variant,,,,6.31E-07
p.Thr51Ala,missense_variant,,,,6.31E-07
p.Ser52Ala,missense_variant,,,,6.29E-07
p.His53Tyr,missense_variant,,,,6.28E-07
p.His53Arg,missense_variant,,,,6.28E-07
p.Ser54Arg,missense_variant,,,,6.27E-07
p.Ser54Asn,missense_variant,,,,6.27E-07
p.Phe86Leu,missense_variant,,,,6.27E-07
p.Phe86Leu,missense_variant,,,,6.26E-07
p.Gly84Arg,missense_variant,,,,6.26E-07
p.Gly84Ala,missense_variant,,,,6.26E-07
p.Ala56Pro,missense_variant,,,,6.26E-07
p.Val82Gly,missense_variant,,,,6.25E-07
p.Arg57Ser,missense_variant,,,,6.25E-07
p.Ile79Met,missense_variant,,,,6.24E-07
p.Ile79Val,missense_variant,,,,6.24E-07
p.Leu392Phe,missense_variant,,,,6.24E-07
p.Leu392Val,missense_variant,,,,6.24E-07
p.Gln214Arg,missense_variant,,,,6.24E-07
p.Ala59Pro,missense_variant,,,,6.23E-07
p.Leu76Ile,missense_variant,,,,6.23E-07
p.Ala75Val,missense_variant,drug response,828460,,6.23E-07
p.Ala75Asp,missense_variant,,,,6.23E-07
p.Ile73Thr,missense_variant,,,,6.23E-07
p.Ser391Thr,missense_variant,,,,6.23E-07
p.Ser64Gly,missense_variant,,,,6.22E-07
p.Ile71Met,missense_variant,,,,6.22E-07
p.Ser64Cys,missense_variant,,,,6.22E-07
p.Ala70Thr,missense_variant,,,,6.22E-07
p.Thr69Met,missense_variant,,,,6.22E-07
p.Ile68Met,missense_variant,,,,6.22E-07
p.Pro65Ala,missense_variant,,,,6.22E-07
p.Ser66Cys,missense_variant,,,,6.21E-07
p.Ser66Pro,missense_variant,,,,6.21E-07
p.Ser64Asn,missense_variant,,,,6.21E-07
p.His387Tyr,missense_variant,,,,6.21E-07
p.Thr210Ile,missense_variant,drug response,828409,,6.21E-07
p.Asn386Lys,missense_variant,,,,6.21E-07
p.Lys100Thr,missense_variant,,,,6.21E-07
p.Thr209Ile,missense_variant,,,,6.21E-07
p.Pro61Ser,missense_variant,,,,6.21E-07
p.Cys389Gly,missense_variant,,,,6.21E-07
p.Thr385Asn,missense_variant,drug response,829193,,6.20E-07
p.Thr210Ala,missense_variant,,,,6.20E-07
p.Arg418Lys,missense_variant,,,,6.20E-07
p.Cys59Phe,missense_variant,,,,6.20E-07
p.Asp383Gly,missense_variant,,,,6.20E-07
p.Leu390Pro,missense_variant,,,,6.20E-07
p.Ala104Val,missense_variant,,,,6.20E-07
p.Val382Met,missense_variant,,,,6.20E-07
p.Pro393Leu,missense_variant,,,,6.20E-07
p.Pro393Arg,missense_variant,,,,6.20E-07
p.Thr8Lys,missense_variant,,,,6.20E-07
p.Pro391Leu,missense_variant,,,,6.20E-07
p.Ala208Thr,missense_variant,,,,6.20E-07
p.Thr8Met,missense_variant,,,,6.20E-07
p.Thr8Ser,missense_variant,,,,6.20E-07
p.Thr381Ala,missense_variant,,,,6.20E-07
p.Asn380Ile,missense_variant,,,,6.20E-07
p.Pro393Ser,missense_variant,,,,6.20E-07
p.Asn9Ser,missense_variant,,,,6.20E-07
p.Ala379Thr,missense_variant,,,,6.20E-07
p.Pro398Ser,missense_variant,,,,6.20E-07
p.Pro400Ala,missense_variant,,,,6.20E-07
p.Pro400Ser,missense_variant,,,,6.20E-07
p.Asn391Asp,missense_variant,,,,6.20E-07
p.Leu389Val,missense_variant,,,,6.20E-07
p.Cys397Phe,missense_variant,,,,6.20E-07
p.Asn9Lys,missense_variant,,,,6.20E-07
p.Met416Arg,missense_variant,,,,6.20E-07
p.Ala379Asp,missense_variant,,,,6.20E-07
p.Arg55Ile,missense_variant,,,,6.20E-07
p.Met416Leu,missense_variant,,,,6.20E-07
p.Leu395Pro,missense_variant,,,,6.20E-07
p.Trp398Ser,missense_variant,,,,6.20E-07
p.Ala394Glu,missense_variant,,,,6.20E-07
p.Ser396Tyr,missense_variant,,,,6.20E-07
p.Thr396Ser,missense_variant,,,,6.20E-07
p.Leu392Val,missense_variant,,,,6.20E-07
p.Cys412Phe,missense_variant,,,,6.20E-07
p.Thr378Lys,missense_variant,,,,6.20E-07
p.Glu395Val,missense_variant,,,,6.20E-07
p.Trp398Cys,missense_variant,,,,6.20E-07
p.Ser147Phe,missense_variant,,,,6.20E-07
p.Cys219Tyr,missense_variant,,,,6.20E-07
p.Tyr415Asp,missense_variant,,,,6.20E-07
p.Gly54Trp,missense_variant,,,,6.20E-07
p.Tyr150Asp,missense_variant,,,,6.20E-07
p.Glu401Gln,missense_variant,,,,6.20E-07
p.Thr411Ile,missense_variant,,,,6.20E-07
p.Ser11Arg,missense_variant,,,,6.20E-07
p.Ser11Arg,missense_variant,,,,6.20E-07
p.Asn12Asp,missense_variant,,,,6.20E-07
p.Asn12Ile,missense_variant,,,,6.20E-07
p.Gly53Cys,missense_variant,,,,6.20E-07
p.Arg167Pro,missense_variant,,,,6.20E-07
p.Cys13Arg,missense_variant,,,,6.20E-07
p.Gln402Arg,missense_variant,,,,6.20E-07
p.Asn33Ser,missense_variant,,,,6.20E-07
p.Ile107Phe,missense_variant,,,,6.20E-07
p.Ile107Val,missense_variant,,,,6.20E-07
p.Tyr408Phe,missense_variant,,,,6.20E-07
p.Glu401Asp,missense_variant,,,,6.20E-07
p.Cys13Trp,missense_variant,,,,6.20E-07
p.Asn33Lys,missense_variant,,,,6.20E-07
p.Leu202Phe,missense_variant,drug response,828410,,6.20E-07
p.Ser30Pro,missense_variant,,,,6.20E-07
p.Asp51Tyr,missense_variant,,,,6.20E-07
p.Leu37Phe,missense_variant,,,,6.20E-07
p.Leu405Phe,missense_variant,,,,6.20E-07
p.His407Leu,missense_variant,,,,6.20E-07
p.Cys404Trp,missense_variant,,,,6.20E-07
p.Arg401Pro,missense_variant,,,,6.20E-07
p.Thr14Ser,missense_variant,,,,6.20E-07
p.Leu37Ser,missense_variant,,,,6.20E-07
p.Thr134Ile,missense_variant,,,,6.20E-07
p.Pro136Ser,missense_variant,,,,6.20E-07
p.Gly201Val,missense_variant,,,,6.20E-07
p.Gly201Ala,missense_variant,,,,6.20E-07
p.Gly201Asp,missense_variant,,,,6.20E-07
p.Asp38Asn,missense_variant,,,,6.20E-07
p.Tyr408His,missense_variant,drug response,829161,,6.20E-07
p.Ser27Arg,missense_variant,,,,6.20E-07
p.Val407Ala,missense_variant,,,,6.20E-07
p.Ala16Val,missense_variant,,,,6.20E-07
p.Ser35Tyr,missense_variant,,,,6.20E-07
p.Ala16Pro,missense_variant,,,,6.20E-07
p.Val406Ile,missense_variant,,,,6.20E-07
p.Ile169Val,missense_variant,,,,6.20E-07
p.Arg369Leu,missense_variant,,,,6.20E-07
p.Phe443Ile,missense_variant,,,,6.20E-07
p.Cys45Arg,missense_variant,,,,6.20E-07
p.Gly39Asp,missense_variant,,,,6.20E-07
p.Thr50Ala,missense_variant,,,,6.20E-07
p.Val171Ala,missense_variant,,,,6.20E-07
p.Phe443Leu,missense_variant,,,,6.20E-07
p.Pro44Ser,missense_variant,,,,6.20E-07
p.Thr372Ser,missense_variant,,,,6.20E-07
p.Ala115Thr,missense_variant,,,,6.20E-07
p.Pro409Thr,missense_variant,,,,6.20E-07
p.Leu444Pro,missense_variant,,,,6.20E-07
p.Ser21Arg,missense_variant,,,,6.20E-07
p.Ala199Val,missense_variant,drug response,828411,,6.20E-07
p.Leu131Arg,missense_variant,drug response,829215,,6.20E-07
p.Val252Leu,missense_variant,,,,6.20E-07
p.Ala396Thr,missense_variant,,,,6.20E-07
p.Asn111Lys,missense_variant,,,,6.20E-07
p.Asn111Lys,missense_variant,,,,6.20E-07
p.Met395Ile,missense_variant,,,,6.20E-07
p.Met132Ile,missense_variant,,,,6.20E-07
p.Ala170Thr,missense_variant,,,,6.20E-07
p.Pro174Arg,missense_variant,,,,6.20E-07
p.Pro403Arg,missense_variant,,,,6.20E-07
p.Pro403Ser,missense_variant,,,,6.20E-07
p.Ile169Met,missense_variant,,,,6.20E-07
p.Leu160Ile,missense_variant,,,,6.20E-07
p.Leu141Val,missense_variant,,,,6.20E-07
p.Arg49Cys,missense_variant,,,,6.20E-07
p.Met132Val,missense_variant,,,,6.20E-07
p.Pro404Leu,missense_variant,,,,6.20E-07
p.Ser198Leu,missense_variant,,,,6.20E-07
p.Glu361Gln,missense_variant,,,,6.20E-07
p.Val145Glu,missense_variant,,,,6.20E-07
p.Ser446Asn,missense_variant,,,,6.20E-07
p.Pro47Arg,missense_variant,,,,6.20E-07
p.Asn48His,missense_variant,,,,6.20E-07
p.Ser365Ala,missense_variant,,,,6.20E-07
p.Ser365Pro,missense_variant,Uncertain significance,3924273,,6.20E-07
p.Ser365Thr,missense_variant,,,,6.20E-07
p.Asn364Ser,missense_variant,,,,6.20E-07
p.Ser164Arg,missense_variant,,,,6.20E-07
p.Ile169Leu,missense_variant,,,,6.20E-07
p.Asn334Thr,missense_variant,,,,6.20E-07
p.Ser127Asn,missense_variant,,,,6.20E-07
p.Val171Asp,missense_variant,,,,6.20E-07
p.Leu412Arg,missense_variant,,,,6.20E-07
p.Thr134Ala,missense_variant,,,,6.20E-07
p.Arg347Gly,missense_variant,,,,6.20E-07
p.Ala242Pro,missense_variant,,,,6.20E-07
p.Lys271Arg,missense_variant,,,,6.20E-07
p.Ser121Arg,missense_variant,,,,6.20E-07
p.Gly327Ala,missense_variant,,,,6.20E-07
p.Ser42Cys,missense_variant,,,,6.20E-07
p.Asp43Glu,missense_variant,,,,6.20E-07
p.Lys262Asn,missense_variant,,,,6.20E-07
p.Val318Leu,missense_variant,,,,6.20E-07
p.Arg431Leu,missense_variant,,,,6.20E-07
p.Ser437Thr,missense_variant,,,,6.20E-07
p.Gly440Ser,missense_variant,,,,6.20E-07
p.Leu160His,missense_variant,,,,6.20E-07
p.Ser197Tyr,missense_variant,,,,6.20E-07
p.Thr400Ile,missense_variant,,,,6.20E-07
p.Ala117Thr,missense_variant,,,,6.20E-07
p.Val128Met,missense_variant,,,,6.20E-07
p.Pro389Gln,missense_variant,,,,6.20E-07
p.Ile398Met,missense_variant,,,,6.20E-07
p.Ile188Ser,missense_variant,,,,6.20E-07
p.Trp135Gly,missense_variant,,,,6.20E-07
p.Ala435Thr,missense_variant,,,,6.20E-07
p.Ala177Ser,missense_variant,,,,6.20E-07
p.Phe137Leu,missense_variant,,,,6.20E-07
p.Ala306Thr,missense_variant,,,,6.20E-07
p.Pro44Leu,missense_variant,,,,6.20E-07
p.Lys176Glu,missense_variant,,,,6.20E-07
p.Ile195Val,missense_variant,,,,6.20E-07
p.Pro335Arg,missense_variant,,,,6.20E-07
p.Ser127Cys,missense_variant,,,,6.20E-07
p.Phe137Cys,missense_variant,,,,6.20E-07
p.Asp342Gly,missense_variant,,,,6.20E-07
p.Arg184Leu,missense_variant,,,,6.20E-07
p.Ser439Pro,missense_variant,,,,6.20E-07
p.Val393Leu,missense_variant,,,,6.20E-07
p.Val145Leu,missense_variant,,,,6.20E-07
p.Thr162Ser,missense_variant,,,,6.20E-07
p.Ile250Leu,missense_variant,,,,6.20E-07
p.Met163Arg,missense_variant,,,,6.20E-07
p.Arg184Gly,missense_variant,,,,6.20E-07
p.Met153Ile,missense_variant,,,,6.20E-07
p.Val287Leu,missense_variant,,,,6.20E-07
p.Phe352Leu,missense_variant,,,,6.20E-07
p.Asn129Tyr,missense_variant,,,,6.20E-07
p.Val191Ile,missense_variant,,,,6.20E-07
p.Asn193Lys,missense_variant,,,,6.20E-07
p.Arg265Pro,missense_variant,,,,6.20E-07
p.Gly414Arg,missense_variant,,,,6.20E-07
p.Thr366Ile,missense_variant,,,,6.20E-07
p.Tyr168His,missense_variant,,,,6.20E-07
p.Phe243Ile,missense_variant,,,,6.20E-07
p.Met257Lys,missense_variant,,,,6.20E-07
p.Asp149Gly,missense_variant,,,,6.20E-07
p.Leu234Pro,missense_variant,,,,6.20E-07
p.Met153Leu,missense_variant,,,,6.20E-07
p.Ala423Thr,missense_variant,,,,6.20E-07
p.Ile258Leu,missense_variant,,,,6.20E-07
p.Arg431Ser,missense_variant,,,,6.20E-07
p.Ile144Val,missense_variant,,,,6.20E-07
p.Val145Gly,missense_variant,,,,6.20E-07
p.Ser437Arg,missense_variant,,,,6.20E-07
p.Ser437Arg,missense_variant,,,,6.20E-07
p.Gly255Arg,missense_variant,,,,6.20E-07
p.Tyr301Cys,missense_variant,,,,6.20E-07
p.Arg418Gly,missense_variant,,,,6.20E-07
p.Asp420Glu,missense_variant,,,,6.20E-07
p.Trp320Leu,missense_variant,,,,6.20E-07
p.Met245Ile,missense_variant,,,,6.20E-07
p.Arg279Ser,missense_variant,,,,6.20E-07
p.Ser427Ala,missense_variant,,,,6.20E-07
p.Ser147Thr,missense_variant,,,,6.20E-07
p.Ser147Ala,missense_variant,,,,6.20E-07
p.Val247Leu,missense_variant,,,,6.20E-07
p.Met283Val,missense_variant,,,,6.20E-07
p.Ile360Phe,missense_variant,,,,6.20E-07
p.Ser394Cys,missense_variant,,,,6.20E-07
p.Ile188Met,missense_variant,,,,6.20E-07
p.Lys235Asn,missense_variant,,,,6.20E-07
p.His321Pro,missense_variant,,,,6.20E-07
p.Gln362Glu,missense_variant,,,,6.20E-07
p.His426Asp,missense_variant,,,,6.20E-07
p.Cys192Arg,missense_variant,,,,6.20E-07
p.Arg278Leu,missense_variant,,,,6.20E-07
p.Ala119Val,missense_variant,,,,6.20E-07
p.Ala289Pro,missense_variant,,,,6.20E-07
p.Asn190Lys,missense_variant,,,,6.20E-07
p.Leu425Phe,missense_variant,drug response,829159,,6.20E-07
p.Pro436Leu,missense_variant,,,,6.20E-07
p.Ile292Thr,missense_variant,,,,6.20E-07
p.Asn334Ser,missense_variant,,,,6.20E-07
p.Thr159Ile,missense_variant,,,,6.20E-07
p.Thr159Ser,missense_variant,,,,6.20E-07
p.Arg279Lys,missense_variant,,,,6.20E-07
p.Leu421Phe,missense_variant,,,,6.20E-07
p.Lys187Gln,missense_variant,,,,6.20E-07
p.Thr251Ala,missense_variant,,,,6.20E-07
p.Ile292Phe,missense_variant,,,,6.20E-07
p.Pro311Ser,missense_variant,,,,6.20E-07
p.Gly327Asp,missense_variant,,,,6.20E-07
p.Ser357Thr,missense_variant,,,,6.20E-07
p.Ser357Pro,missense_variant,,,,6.20E-07
p.Pro415His,missense_variant,,,,6.20E-07
p.Pro415Arg,missense_variant,,,,6.20E-07
p.Ile424Thr,missense_variant,,,,6.20E-07
p.Cys294Arg,missense_variant,,,,6.20E-07
p.Ile424Met,missense_variant,,,,6.20E-07
p.Gly269Val,missense_variant,,,,6.20E-07
p.Gly269Asp,missense_variant,,,,6.20E-07
p.Val284Gly,missense_variant,,,,6.20E-07
p.Cys332Tyr,missense_variant,,,,6.20E-07
p.Ser428Phe,missense_variant,,,,6.20E-07
p.Leu277Arg,missense_variant,,,,6.20E-07
p.Gly327Arg,missense_variant,,,,6.20E-07
p.Asn193Asp,missense_variant,,,,6.20E-07
p.His321Tyr,missense_variant,,,,6.20E-07
p.His321Asn,missense_variant,,,,6.20E-07
p.Leu233Pro,missense_variant,,,,6.20E-07
p.Asp274Gly,missense_variant,,,,6.20E-07
p.Thr162Pro,missense_variant,,,,6.20E-07
p.Met153Arg,missense_variant,,,,6.20E-07
p.Met153Thr,missense_variant,,,,6.20E-07
p.Phe158Ser,missense_variant,,,,6.20E-07
p.Met266Thr,missense_variant,,,,6.20E-07
p.Val290Glu,missense_variant,,,,6.20E-07
p.Ile324Val,missense_variant,Uncertain significance,3410157,,6.20E-07
p.Ile324Phe,missense_variant,,,,6.20E-07
p.Phe349Cys,missense_variant,,,,6.20E-07
p.Asp274Glu,missense_variant,,,,6.20E-07
p.Arg279Gly,missense_variant,,,,6.20E-07
p.Ile280Val,missense_variant,,,,6.20E-07
p.Val302Ala,missense_variant,,,,6.20E-07
p.Cys429Gly,missense_variant,,,,6.20E-07
p.Gln362Arg,missense_variant,,,,6.20E-07
p.Ile303Val,missense_variant,,,,6.20E-07
p.Ala306Asp,missense_variant,,,,6.20E-07
p.Asn330Thr,missense_variant,,,,6.20E-07
p.Thr356Ile,missense_variant,,,,6.20E-07
p.Arg282Lys,missense_variant,,,,6.20E-07
p.His321Gln,missense_variant,,,,6.20E-07
p.Leu416Pro,missense_variant,,,,6.20E-07
p.Leu259Trp,missense_variant,,,,6.20E-07
p.Ile298Val,missense_variant,,,,6.20E-07
p.Ala339Glu,missense_variant,,,,6.20E-07
p.Ile303Thr,missense_variant,,,,6.20E-07
p.Pro311Gln,missense_variant,,,,6.20E-07
p.Thr329Lys,missense_variant,,,,6.20E-07
p.Asn334Asp,missense_variant,,,,6.19E-07
p.Cys253Ser,missense_variant,,,,6.19E-07
p.Tyr254Asp,missense_variant,,,,6.19E-07
p.Thr309Ala,missense_variant,,,,6.19E-07
p.Gln316Arg,missense_variant,,,,6.19E-07
p.Phe243Ser,missense_variant,,,,6.19E-07
p.Asp342Glu,missense_variant,,,,6.19E-07
p.Val247Ala,missense_variant,,,,6.19E-07
p.Leu333Arg,missense_variant,,,,6.19E-07
p.Glu343Gly,missense_variant,,,,6.19E-07
p.Ser331Cys,missense_variant,,,,6.19E-07
p.Leu341Pro,missense_variant,,,,6.19E-07