row,source,ligand,variant,responsive,logec50,emax,window,r2,pval
K100,doubles_raw,DAMGO,WT,True,-8.01121054751607,0.6250103753284902,0.38087147957478995,0.6834106441574674,1.8307577676068831e-13
K100,doubles_raw,DAMGO,K100D,True,-6.513221458062902,0.6893282175024782,0.323706755802444,0.5198679582997915,7.493722198326225e-09
K100,doubles_raw,DAMGO,K100N,True,-6.896230277509945,0.661490552369837,0.3449673886856811,0.6980219190309334,5.484501741648273e-14
K100,doubles_raw,PZM21,WT,True,-8.15154177097353,0.7772983999008454,0.23458495804324908,0.5017176963550543,1.9302978215840483e-08
K100,doubles_raw,PZM21,K100D,False,-5.6269056453807025,1.0448337837106099,-0.0,0.026342196049089384,0.5062463468064855
K100,doubles_raw,PZM21,K100N,False,-6.233341073806653,0.9733671480698516,-0.0,0.020153108004962172,0.5950241532151213
K100,doubles_raw,Nalbuphine,WT,True,-8.07806405175391,0.8851794890902766,0.12707796007461492,0.28358341468367165,0.0002026392643191821
K100,doubles_raw,Nalbuphine,K100D,False,-9.660423084521742,1.0308537707983412,-0.0,0.00827732316027352,0.8090050289589454
K100,doubles_raw,Nalbuphine,K100N,False,-8.428570293074067,1.0433848092796585,-0.0,0.028142247646131602,0.48291304194108364
V175,ICL,DAMGO,WT,True,-8.166002768199423,0.627376538701791,0.3742430349277571,0.818468866142879,0.0
V175,ICL,DAMGO,V175E,True,-7.4457446029582,0.6967738175964044,0.2858504797398139,0.7193133092710335,8.548717289613705e-15
V175,ICL,DAMGO,V175N,True,-6.900144966718079,0.6881918481277735,0.3075481508058142,0.6830244489004635,1.8884893648873913e-13
V175,ICL,PZM21,WT,True,-8.229396018984605,0.6931125213762098,0.2897642728176544,0.8819141351236135,0.0
V175,ICL,PZM21,V175E,True,-7.560393421558373,0.9092238106344216,0.06865833726819892,0.12525895609528181,0.03295545923492704
V175,ICL,PZM21,V175N,False,-4.000000000000001,1.0499889138305452,-0.0,0.035745003207419135,0.3952695877141993
V175,ICL,Nalbuphine,WT,True,-8.910978024586793,0.8546321409678712,0.15492588534470708,0.5715547507160343,3.825991311401378e-05
V175,ICL,Nalbuphine,V175E,False,-10.842415706277043,1.0391598042109218,-0.0,0.08175700560437127,0.3593283504380612
V175,ICL,Nalbuphine,V175N,False,-4.950464750347207,0.9534294790435851,-0.0,0.016023623972646117,0.8237891367328756
R278,doubles_raw,DAMGO,WT,True,-8.01121054751607,0.6250103753284902,0.38087147957478995,0.6834106441574674,1.8307577676068831e-13
R278,doubles_raw,DAMGO,R278D,True,-6.182369207336948,0.7249943552332702,0.2879888692480411,0.654706169950172,1.674216321134736e-12
R278,doubles_raw,PZM21,WT,True,-8.15154177097353,0.7772983999008454,0.23458495804324908,0.5017176963550543,1.9302978215840483e-08
R278,doubles_raw,PZM21,R278D,False,-10.382670239513471,1.0267131837743928,-0.0,0.04690020101445247,0.2937843369573826
R278,doubles_raw,Nalbuphine,WT,True,-8.07806405175391,0.8851794890902766,0.12707796007461492,0.28358341468367165,0.0002026392643191821
R278,doubles_raw,Nalbuphine,R278D,False,-8.196708592766477,1.0625537698494965,-0.0,0.0808920567239978,0.11637139652165962
