,PC1,PC2,PC3,PC4,PC5,class
Buprenorphine,-13.235432332536838,6.399816125161514,-3.0057419229170677,5.068995396928092,-4.633326787970592,weak
Butorphanol,-14.104401684635127,6.578318649355906,-4.016885917153603,1.5230077185622002,1.4864898102033934,weak
C6guano,-15.413156207147473,-3.7579333936416353,1.5247038331203258,0.25212561209400197,-1.780822259676955,strong
Carfentanil,-14.756138709613452,-3.9160778427434733,1.6707624811302366,4.135290204050065,4.08128068149845,strong
DAMGO,-15.013094838435487,-5.435678859306467,2.1450076322116503,1.0916444722390541,2.3746129173914965,strong
Fentanyl,-14.546077496577988,-5.64715891187027,1.328170737288752,-1.0220773902085092,1.7258682772807294,strong
MP,-14.01954264252143,4.368662893913988,-3.481552177168021,-4.507872352918163,2.7955308721984418,weak
Methadone,-14.94172748868473,-3.6583355072749058,-0.19479377507561774,-4.536232753268373,-1.3266177146291143,intermediate
Morphine,-15.63751667303156,-3.727814374285865,0.9523902353717989,0.8651931286496478,-0.2079879110585463,strong
Nalbuphine,-12.546825976913128,8.610927221950924,-4.404889371554406,0.04600709049399902,2.6942131966646823,weak
Naloxone,-4.863573494885442,14.14281025790071,6.176488439123586,0.5311407930405864,0.9508605348006136,antagonist
Naltrexone,-8.922119709429733,12.136923676065559,4.59024598854495,-2.0849867726920075,-0.9978582463529155,antagonist
PZM21,-15.514500109275899,-2.827958883465207,0.8587914145494181,-0.8717240197651341,-4.146225600227874,intermediate
SR17018,-15.360181356385583,-5.290337294215181,1.5206028777000817,0.8407612932748724,0.6458017438074344,strong
TRV130,-15.721467203650485,-0.40053704836287135,-1.197064523425787,-1.3675598570844822,-2.824724804431924,intermediate
