position,wildtype,region,n_variants,variant_PC1,variant_PC2,variant_PC3,position_PC1,position_PC2,position_PC3
65,P,N-tail,19,-3.5769,-0.1858,-0.516,-5.8524,-0.1457,-0.555
66,S,N-tail,19,-2.6505,-0.6086,-0.4299,-4.2484,-0.9599,-0.4012
67,M,TM1,19,-3.5266,-0.329,0.0113,-5.7252,-0.3422,0.2999
68,I,TM1,19,-3.1537,-0.6007,-0.15,-5.0692,-0.8854,0.1393
69,T,TM1,19,-2.0642,-0.636,0.019,-3.2963,-0.968,-0.0912
70,A,TM1,19,-2.9573,0.5379,0.0662,-4.8331,1.1698,0.8071
71,I,TM1,19,-1.8923,-0.1373,0.7766,-3.0178,-0.0766,1.317
72,T,TM1,19,-2.5339,-0.1454,-0.3908,-4.1379,-0.1113,-0.1828
73,I,TM1,19,0.6735,-1.0737,0.6656,1.1914,-1.8747,1.2739
74,M,TM1,19,-1.5004,-0.6422,-0.4791,-2.3904,-1.0587,-0.8108
75,A,TM1,18,-0.2955,-0.3548,-0.1044,-0.4508,-0.6132,-0.1632
76,L,TM1,19,0.4246,-0.9803,-0.1209,0.7165,-1.7388,-0.0247
77,Y,TM1,19,2.2979,-0.6465,0.4513,3.7835,-1.2185,0.8376
78,S,TM1,19,-1.9005,-0.3202,-0.0311,-3.0619,-0.4352,-0.098
79,I,TM1,19,-0.4704,0.2393,-0.1911,-0.7828,0.4219,-0.8589
80,V,TM1,19,0.3506,0.1195,-0.0381,0.5592,0.2207,-0.0318
81,C,TM1,19,-0.545,0.6381,-0.4866,-0.9836,1.1399,-0.8765
82,V,TM1,19,0.6013,0.306,-0.2855,0.9169,0.4985,-0.3158
83,V,TM1,19,-0.6662,0.5078,-0.4523,-1.1478,0.9076,-0.7609
84,G,TM1,19,3.6458,1.4323,-0.3634,5.8345,2.2598,-0.782
85,L,TM1,19,0.7434,0.2668,0.0336,1.1858,0.4118,-0.5376
86,F,TM1,19,-0.6674,-0.6612,0.0335,-1.0289,-1.1683,-0.1365
87,G,TM1,19,0.1232,2.0748,-0.9332,0.0167,3.6613,-1.0141
88,N,TM1,19,3.2547,1.2484,0.0509,5.2081,1.9946,0.0665
89,F,TM1,19,-0.961,0.1909,-0.0381,-1.5872,0.3782,-0.183
90,L,TM1,19,0.6298,0.27,-0.463,1.0118,0.3872,-1.3414
91,V,TM1,19,2.808,1.0804,-0.3849,4.5079,1.7109,-1.1308
92,M,TM1,18,1.9604,0.6979,-0.1469,3.1336,1.0652,-0.5768
93,Y,TM1,19,-0.1751,-0.4613,-0.1186,-0.279,-0.78,0.3238
94,V,TM1,19,-0.0438,-0.1733,-0.8236,-0.1246,-0.361,-1.095
95,I,TM1,19,-0.0196,1.1667,-0.3488,-0.1399,2.048,-0.3323
96,V,TM1,19,-1.5504,-0.1859,-0.6568,-2.5584,-0.2676,-1.2502
97,R,TM1,18,-0.7283,-0.5366,-0.4988,-1.1694,-0.937,-1.1661
98,Y,TM1,19,-0.7814,-0.1019,-0.029,-1.2655,-0.0938,-0.2345
99,T,ICL1,19,-1.3749,0.0798,-0.1518,-2.249,0.2447,-0.1296
100,K,ICL1,19,1.8939,-1.1807,0.3322,3.1581,-2.0866,0.9423
101,M,ICL1,19,-0.9639,1.314,-0.7346,-1.6698,2.3614,-1.0208
102,K,ICL1,19,-1.1339,-0.3801,-0.2055,-1.811,-0.5968,-0.4424
103,T,TM2,19,-0.4631,1.1987,-0.2654,-0.8173,2.1264,-0.3815
104,A,TM2,19,0.5237,-0.0013,-0.0196,0.8537,-0.0217,-0.0942
105,T,TM2,19,-0.1963,0.9765,0.0516,-0.3939,1.7503,-0.0174
106,N,TM2,19,-0.3587,1.4594,-0.3189,-0.679,2.5606,-0.3381
107,I,TM2,19,-1.1448,0.9461,-0.6103,-1.9389,1.7146,-1.0292
108,Y,TM2,19,1.0825,1.2067,-0.2518,1.6822,2.075,-0.5781
109,I,TM2,19,0.3205,1.4632,-0.3402,0.3827,2.5461,0.1209
110,F,TM2,19,1.8036,0.2392,0.0392,2.9379,0.2939,-0.3952
111,N,TM2,19,0.4944,1.6241,-0.0318,0.6575,2.8442,0.134
112,L,TM2,19,2.2881,0.1309,-0.4289,3.6953,0.0292,-1.0476
113,A,TM2,19,3.4342,0.8852,-0.3667,5.5148,1.315,-0.3673
114,L,TM2,19,1.4903,-0.4453,-0.2886,2.4509,-0.9236,-0.4984
115,A,TM2,19,1.4418,-0.3302,0.3828,2.3628,-0.6355,0.4645
116,D,TM2,19,2.5585,0.526,0.374,4.1411,0.8256,0.4363
117,A,TM2,19,0.8086,-0.2818,-0.4084,1.3228,-0.6082,-1.029
118,L,TM2,19,1.6026,0.5815,-0.2536,2.5381,0.8824,-0.5671
119,A,TM2,19,-1.0516,1.8211,0.0443,-1.8571,3.3604,0.955
120,T,TM2,19,-0.2618,0.2759,-0.1547,-0.4621,0.5121,-0.0554
121,S,TM2,19,1.4363,-0.6789,0.0091,2.3834,-1.2536,-0.133
122,T,TM2,19,0.7236,0.9801,0.0456,1.1274,1.7545,0.4767
123,L,TM2,19,2.2702,1.5603,0.5997,3.6451,2.647,0.4761
124,P,TM2,19,0.3757,0.5053,-0.1122,0.5928,0.8468,-0.3513
125,F,TM2,19,2.7102,-0.709,0.3904,4.4804,-1.4212,0.0064
126,Q,TM2,19,0.4241,1.1844,-0.5535,0.5571,2.1092,-1.2165
127,S,TM2,19,-1.8135,0.4667,0.6966,-2.8875,0.9498,0.9308
128,V,TM2,19,0.5701,-0.1221,0.22,0.9735,-0.253,-0.2474
129,N,TM2,19,-2.3128,-0.2824,0.2055,-3.7511,-0.3559,0.0492
130,Y,TM2,19,-2.5475,-0.1932,0.3846,-4.1222,-0.1362,0.703
131,L,TM2,19,-0.5084,-0.0436,0.0538,-0.7913,-0.0446,-0.1746
132,M,TM2,19,-0.7235,-0.3407,0.0822,-1.1464,-0.5718,0.0583
133,G,TM2,19,-0.3614,-0.4761,-0.2155,-0.5349,-0.818,-1.0312
134,T,ECL1,19,-1.8463,-0.5027,-0.0176,-2.9546,-0.795,-0.2296
135,W,ECL1,19,1.6936,0.8994,-0.6814,2.6827,1.4413,-1.5897
136,P,ECL1,19,-2.2136,0.5216,-0.5599,-3.6957,1.0691,-0.5102
137,F,ECL1,19,-0.0785,0.2732,-0.1349,-0.1161,0.4402,-0.5773
138,G,TM3,19,0.5303,0.0854,0.0236,0.8268,0.13,-0.5588
139,T,TM3,19,-2.988,0.3363,-0.4185,-4.9102,0.7599,-1.0798
140,I,TM3,19,-2.5713,0.4694,-0.1372,-4.2093,0.9644,-0.0447
141,L,TM3,19,-0.6453,0.8789,-0.4756,-1.1358,1.5522,-0.6256
142,C,TM3,19,5.8577,1.3892,-0.2154,9.4331,2.0079,-0.9563
143,K,TM3,19,1.8389,0.2751,-0.6424,2.9295,0.3194,-1.1575
144,I,TM3,19,-0.1764,0.6337,-0.1342,-0.3545,1.126,-0.6677
145,V,TM3,19,-0.2291,0.3972,-0.5731,-0.4098,0.7253,-1.5339
146,I,TM3,19,-1.3329,1.1367,-0.7535,-2.3139,2.0931,-1.0954
147,S,TM3,19,-0.0811,0.8285,-0.2836,-0.2027,1.4978,-0.4143
148,I,TM3,19,-1.5211,3.0806,-0.285,-2.6612,5.5709,0.0321
149,D,TM3,19,2.3641,3.306,-0.4492,3.6244,5.7647,-0.2648
150,Y,TM3,19,0.1446,1.3955,0.4676,0.1407,2.5192,0.421
151,Y,TM3,19,-0.2867,2.5673,0.559,-0.5759,4.6067,0.8301
152,N,TM3,19,0.101,1.8638,0.3014,0.0725,3.3503,1.0277
153,M,TM3,19,0.8426,1.5709,-0.4392,1.1886,2.8038,0.1281
154,F,TM3,19,1.9799,0.0493,0.1252,3.2109,0.0622,0.74
155,T,TM3,19,0.64,-0.1278,-0.1927,1.0235,-0.2928,-0.4727
156,S,TM3,19,1.9403,1.7523,0.0862,3.0543,3.0295,0.4724
157,I,TM3,19,2.1176,0.0575,-0.3741,3.4233,-0.0249,-0.7472
158,F,TM3,19,-0.2107,0.6237,-0.8283,-0.4189,1.0548,-1.5053
159,T,TM3,19,0.8511,2.236,0.0375,1.2243,3.9122,-0.1129
160,L,TM3,19,1.7639,1.3268,-0.1257,2.7796,2.1951,-0.1377
161,C,TM3,19,2.052,-0.0264,-0.0015,3.3674,-0.1505,-0.1777
162,T,TM3,19,-1.2043,0.2393,-0.319,-1.9854,0.4989,-0.3579
163,M,TM3,19,2.5017,0.7154,-0.5259,4.0121,1.09,-0.7111
164,S,TM3,19,3.9443,0.5599,-0.8333,6.321,0.6947,-1.2044
165,V,TM3,19,2.5663,-0.8081,-0.0198,4.2203,-1.6004,-0.5013
166,D,TM3,19,3.3062,1.0834,0.4775,5.362,1.723,0.092
167,R,TM3,19,6.5525,0.353,-0.6235,10.5941,0.154,-0.5963
168,Y,TM3,19,3.7718,0.7799,0.2463,6.0861,1.1676,0.2525
169,I,TM3,19,1.9686,-1.0144,-0.2599,3.2418,-1.9607,-0.8561
170,A,TM3,19,4.9322,0.5117,-0.8121,7.9657,0.5524,-0.9166
171,V,TM3,19,3.955,-0.4514,0.3971,6.4791,-1.0327,0.7973
172,C,TM3,19,0.9738,0.3987,0.4544,1.5937,0.7199,0.868
173,H,TM3,19,0.4597,-0.8049,-0.2679,0.8052,-1.4936,-0.6981
174,P,ICL2,19,2.7564,-0.9366,0.0226,4.5767,-1.8549,0.235
175,V,ICL2,19,0.8377,-1.8849,0.2615,1.5039,-3.343,0.3221
176,K,ICL2,19,-0.7816,-1.2932,-0.1196,-1.1871,-2.2789,-0.2983
177,A,ICL2,19,1.5715,-0.7392,1.3065,2.6344,-1.2525,2.5227
178,L,ICL2,19,0.1048,-1.6283,0.6078,0.3333,-2.846,0.6722
179,D,ICL2,19,-2.8243,0.3472,0.1335,-4.594,0.8097,0.5404
180,F,ICL2,19,-0.0866,-1.0944,0.2084,-0.0441,-1.8841,0.6099
181,R,ICL2,19,4.6028,-0.3579,0.4141,7.5333,-0.8326,1.3096
182,T,TM4,19,-0.825,-0.5823,1.0484,-1.2786,-0.907,2.1571
183,P,TM4,19,-0.2649,-1.1027,-0.0218,-0.3724,-1.9405,0.2885
184,R,TM4,19,-1.5127,-0.8115,-0.1752,-2.3841,-1.3283,-0.3805
185,N,TM4,19,0.3723,-1.6217,-0.2707,0.6728,-2.9308,0.3589
186,A,TM4,19,2.6297,-0.2122,0.0398,4.3319,-0.5696,-0.4021
187,K,TM4,19,0.1631,-1.348,0.441,0.3758,-2.3339,1.0391
188,I,TM4,19,-0.6975,-0.7263,0.0913,-1.0938,-1.2421,0.2383
189,I,TM4,19,1.2243,-0.8416,-0.1035,2.0136,-1.5675,-0.2608
190,N,TM4,19,0.863,1.4052,0.5173,1.3374,2.4893,1.1778
191,V,TM4,19,-0.7687,0.4481,0.0832,-1.2467,0.8147,0.0799
192,C,TM4,19,0.3541,-0.5246,-0.0436,0.6068,-0.9942,-0.4536
193,N,TM4,19,0.2496,-0.6389,-0.214,0.4486,-1.2216,-0.4407
194,W,TM4,19,1.6386,-0.4498,0.5235,2.7529,-0.8676,0.6614
195,I,TM4,19,1.3933,-0.2707,0.306,2.3017,-0.5708,0.4098
196,L,TM4,19,1.3056,-0.4626,0.1218,2.1371,-0.9352,-0.0334
197,S,TM4,19,0.2663,1.2098,0.2642,0.3635,2.1438,1.1066
198,S,TM4,19,0.2248,1.585,-0.0003,0.2695,2.8115,0.4846
199,A,TM4,19,-0.1815,-0.5073,-0.0888,-0.2581,-0.8862,0.1948
200,I,TM4,19,1.5999,-1.0467,0.1195,2.6796,-1.9677,-0.1176
201,G,TM4,19,0.5234,0.6709,0.1121,0.8223,1.1701,0.28
202,L,TM4,19,0.6767,-0.6738,-0.5464,1.1047,-1.3038,-0.4916
203,P,TM4,19,2.4078,0.0832,0.1675,3.97,0.0017,0.2447
204,V,TM4,19,-0.1675,-0.1954,-0.1449,-0.2442,-0.3819,-0.3508
205,M,TM4,19,-0.4512,-0.5796,0.5573,-0.6552,-0.9682,0.7657
206,F,TM4,19,-0.7261,-1.2732,-0.1967,-1.0839,-2.2631,-0.7158
207,M,TM4,19,-2.2564,-0.3927,0.0172,-3.6435,-0.5653,0.1128
208,A,TM4,19,1.4031,0.0742,0.5876,2.3155,0.1028,0.968
209,T,ECL2,19,-1.2623,-0.942,-0.0602,-2.0145,-1.5881,-0.0488
210,T,ECL2,19,-0.1945,-0.6602,0.5752,-0.2444,-1.0939,0.5799
211,K,ECL2,19,-2.1693,-1.0138,-0.1301,-3.4656,-1.6966,-0.8066
212,Y,ECL2,19,-3.0283,-0.5706,0.1639,-4.8528,-0.8228,0.025
213,R,ECL2,19,-2.0453,-0.7184,-0.0755,-3.3022,-1.1642,-0.1429
214,Q,ECL2,18,-2.4191,0.1034,-0.0892,-3.9553,0.3261,-0.4249
215,G,ECL2,19,-1.7158,-0.3998,-0.1433,-2.7752,-0.6265,-0.43
216,S,ECL2,19,-2.1134,-0.6843,-0.5356,-3.4112,-1.1195,-1.2271
217,I,ECL2,19,-1.7881,-0.6843,-0.3951,-2.8596,-1.1476,-0.5735
218,D,ECL2,19,-2.2062,-0.5737,-0.132,-3.5652,-0.8947,-0.0825
219,C,ECL2,19,4.6775,0.224,-0.0768,7.5815,0.0606,-0.2361
220,T,ECL2,19,-2.21,-0.3229,0.0837,-3.5902,-0.4285,-0.0144
221,L,ECL2,19,0.1458,-0.7264,-0.0562,0.2544,-1.2909,0.1064
222,T,ECL2,19,-2.7351,-0.0505,-0.6114,-4.4759,0.0375,-0.5798
223,F,ECL2,19,-3.048,-0.1461,-0.0882,-4.9279,-0.0828,0.1921
224,S,ECL2,19,-2.8856,-0.4679,0.1673,-4.6707,-0.6414,0.2911
225,H,ECL2,19,-2.0754,-0.3634,-0.2058,-3.4194,-0.528,-0.2022
226,P,TM5,18,-1.3968,-0.3002,-0.7373,-2.2978,-0.478,-0.9122
227,T,TM5,19,-2.0277,-0.7669,-0.476,-3.2357,-1.2898,-0.9682
228,W,TM5,19,-2.0495,-0.1695,-0.1906,-3.3196,-0.1438,-0.2127
229,Y,TM5,19,-3.1721,0.1839,0.2057,-5.1253,0.5275,0.3939
230,W,TM5,19,-2.946,0.2055,-0.1929,-4.817,0.5436,-0.111
231,E,TM5,19,-2.0237,0.3337,0.3443,-3.3264,0.7146,0.6091
232,N,TM5,18,-2.3903,0.337,0.2168,-3.8843,0.7405,0.0904
233,L,TM5,19,-1.9826,-0.0847,-0.3285,-3.2058,-0.0521,-0.0057
234,L,TM5,19,-1.0656,-0.5267,0.6439,-1.6688,-0.8581,0.8085
235,K,TM5,19,-2.303,0.9181,0.3207,-3.8081,1.7921,0.6548
236,I,TM5,19,-0.4115,-0.7992,-0.3394,-0.6271,-1.4274,-0.9711
237,C,TM5,19,-0.8726,-0.3973,0.2302,-1.361,-0.6252,0.1199
238,V,TM5,19,0.9305,-0.057,0.58,1.5427,-0.0838,0.8082
239,F,TM5,19,0.1711,-0.0936,-0.1524,0.2452,-0.2003,-0.324
240,I,TM5,19,0.5494,-0.9533,-0.4686,0.9453,-1.8082,-0.9965
241,F,TM5,19,1.3221,0.191,-0.0171,2.1233,0.253,-0.527
242,A,TM5,19,0.5338,0.7977,0.2225,0.812,1.4253,0.7834
243,F,TM5,19,1.3972,0.2227,-0.5449,2.2107,0.2925,-0.9162
244,I,TM5,19,-0.0314,-0.0023,0.5455,-0.0214,0.0282,0.7208
245,M,TM5,19,0.2089,-0.6528,0.3501,0.35,-1.137,0.2699
246,P,TM5,19,5.0803,0.4464,-0.0481,8.2354,0.4399,-0.6258
247,V,TM5,19,0.297,-0.75,-0.0772,0.5504,-1.3594,0.1046
248,L,TM5,19,0.6124,-0.2779,-0.2988,1.0062,-0.5511,-0.56
249,I,TM5,19,1.951,-0.4718,0.2903,3.2322,-0.8975,0.3099
250,I,TM5,19,0.8119,0.2649,-0.1897,1.2824,0.3833,-0.5925
251,T,TM5,19,0.7956,-0.677,0.2637,1.3646,-1.2362,0.1025
252,V,TM5,19,-0.6272,-0.2623,-0.2996,-1.0127,-0.4356,-0.5231
253,C,TM5,19,1.6317,-0.4152,0.23,2.6982,-0.7945,0.0208
254,Y,TM5,19,2.7716,-0.8162,0.594,4.5969,-1.5698,1.351
255,G,TM5,19,-0.1498,-0.8679,-0.1245,-0.1823,-1.5587,-0.4843
256,L,TM5,19,-0.3385,-0.1319,0.1433,-0.543,-0.1727,0.3571
257,M,TM5,19,3.2848,-0.3716,-0.4546,5.3586,-0.8864,-0.5927
258,I,TM5,19,1.5017,-1.919,0.0599,2.5629,-3.4515,0.2585
259,L,TM5,19,-1.9905,-0.6381,-0.2241,-3.1999,-1.0348,0.0147
260,R,TM5,19,2.9893,-1.0263,0.4171,4.9498,-2.0134,0.6971
261,L,TM5,19,3.7909,-0.6751,0.0865,6.1922,-1.407,0.8
262,K,TM5,19,0.6076,-0.5927,0.0436,1.0243,-1.0619,0.1554
263,S,TM5,19,-1.2116,-0.2601,-0.0504,-1.9969,-0.4099,0.1846
264,V,TM5,19,-1.7594,-0.9201,-0.0553,-2.837,-1.5619,-0.5624
265,R,ICL3,19,-1.3703,-0.7108,0.5625,-2.1696,-1.157,0.495
266,M,ICL3,19,-2.7656,-0.5348,0.03,-4.4603,-0.7718,0.0529
267,L,ICL3,19,-1.7156,-0.6259,0.2096,-2.745,-0.9907,0.7272
268,S,ICL3,19,-1.5589,-1.3432,0.058,-2.4508,-2.2841,0.0677
269,G,ICL3,19,-2.079,-1.3183,0.1177,-3.2866,-2.2196,-0.0728
270,S,TM6,19,-0.8936,-1.1459,0.0416,-1.393,-1.962,0.2471
271,K,TM6,19,-1.9736,-1.4256,-0.2153,-3.1439,-2.4124,-0.2916
272,E,TM6,19,-2.7005,-0.0751,0.171,-4.3679,0.0631,0.5159
273,K,TM6,19,0.2303,-1.3087,0.257,0.4444,-2.3196,0.5221
274,D,TM6,19,-3.0061,0.672,0.4209,-4.9318,1.4171,0.8535
275,R,TM6,19,-1.2595,-1.2971,0.035,-1.9719,-2.2478,-0.3386
276,N,TM6,19,-2.1002,-0.2161,-0.1296,-3.3857,-0.327,-0.1303
277,L,TM6,19,0.0048,-1.4885,0.3483,0.1362,-2.5827,0.8648
278,R,TM6,19,0.4811,-1.8698,0.2367,0.9314,-3.3085,0.4011
279,R,TM6,19,0.3989,-1.8575,0.5295,0.7883,-3.2767,0.688
280,I,TM6,19,2.6796,-1.6748,0.878,4.5314,-3.0558,1.8512
281,T,TM6,19,-1.0843,0.0773,0.2179,-1.7487,0.2059,0.43
282,R,TM6,19,-1.0121,-1.1189,-0.4746,-1.6137,-1.9923,-1.0374
283,M,TM6,19,-2.366,1.1939,0.3611,-3.8986,2.282,1.1664
284,V,TM6,19,0.2879,-0.1606,0.1876,0.4943,-0.3074,0.3908
285,L,TM6,19,-1.2825,-0.7569,0.2699,-2.0363,-1.2148,0.2384
286,V,TM6,19,-1.2774,0.5421,-0.2887,-2.1414,1.0031,0.0458
287,V,TM6,19,-1.5226,1.4575,0.802,-2.5096,2.7451,2.0576
288,V,TM6,19,-0.0669,-0.7088,0.2163,-0.0619,-1.2407,0.5718
289,A,TM6,19,-0.8368,-0.4965,0.288,-1.325,-0.7916,0.7012
290,V,TM6,19,-0.285,-0.073,-0.2161,-0.4861,-0.1484,-0.4895
291,F,TM6,19,3.4487,-0.4119,0.2751,5.6484,-0.9015,0.7942
292,I,TM6,19,1.4073,-0.5784,0.4055,2.3651,-1.1179,0.7192
293,V,TM6,19,0.082,-0.6888,-0.0519,0.1628,-1.2626,-0.4567
294,C,TM6,19,1.573,0.2375,0.7513,2.5802,0.4,0.8688
295,W,TM6,19,0.6376,0.8065,0.3581,0.9969,1.4498,1.3782
296,T,TM6,19,0.9542,-0.1783,0.1586,1.5618,-0.4175,0.1196
297,P,TM6,19,6.6947,-0.0194,0.1865,10.8981,-0.4878,0.0175
298,I,TM6,18,2.7523,-0.3542,0.2961,4.5152,-0.7908,-0.0632
299,H,TM6,19,2.2368,0.53,0.6365,3.6277,0.8077,0.6674
300,I,TM6,19,1.078,-0.5532,0.0689,1.7969,-1.0813,-0.5083
301,Y,TM6,19,0.486,-0.8382,-0.0675,0.8458,-1.5536,-0.5323
302,V,TM6,19,-0.8716,0.6369,0.4099,-1.4907,1.216,0.619
303,I,TM6,19,-0.2678,-0.3732,-0.1666,-0.4389,-0.6871,-0.4079
304,I,TM6,19,-0.5571,-0.4064,0.1226,-0.8887,-0.6948,-0.4987
305,K,TM6,19,-0.6189,-0.7642,0.1811,-0.969,-1.3091,0.0779
306,A,TM6,19,-2.4297,0.4647,-0.1975,-3.9898,0.9355,-0.2426
307,L,TM6,19,-2.5705,-0.0907,-0.3505,-4.2199,-0.0533,-0.2371
308,V,TM6,19,-2.2783,-0.2194,0.014,-3.6933,-0.2559,-0.4326
309,T,ECL3,19,-2.9067,-0.4805,0.0883,-4.6872,-0.6822,0.3077
310,I,ECL3,19,-1.7632,0.1101,0.1895,-2.8773,0.3365,0.4332
311,P,ECL3,19,-0.6167,-0.156,0.2184,-0.9748,-0.2515,0.0531
312,E,ECL3,19,-2.1322,-0.6444,0.0155,-3.4413,-1.0512,-0.033
313,T,TM7,19,-1.8578,0.1233,-0.2048,-3.0368,0.3014,-0.2744
314,T,TM7,19,-2.2203,-0.5211,0.0451,-3.5817,-0.7961,-0.0701
315,F,TM7,19,-1.7461,-0.7215,0.2538,-2.7924,-1.139,0.294
316,Q,TM7,19,-2.5548,-0.1881,0.2252,-4.1182,-0.1725,0.3647
317,T,TM7,19,-1.8938,-0.2736,0.2675,-3.0569,-0.3585,0.0105
318,V,TM7,19,-0.6119,-0.7508,0.3712,-0.9188,-1.271,0.4887
319,S,TM7,19,-1.2434,-0.5652,-0.0591,-1.997,-0.9469,-0.2996
320,W,TM7,19,0.3791,-0.7411,-0.0627,0.6251,-1.3165,-0.2209
321,H,TM7,19,2.2583,-0.651,0.0611,3.6467,-1.2395,0.554
322,F,TM7,19,0.2493,0.0631,0.1565,0.4021,0.0691,-0.0644
323,C,TM7,19,1.9169,-0.0899,-0.1505,3.1195,-0.3374,-0.612
324,I,TM7,19,-0.2756,0.2651,0.3085,-0.4611,0.53,0.1502
325,A,TM7,19,2.2095,0.0004,-0.1173,3.6001,-0.1823,-0.3193
326,L,TM7,19,2.2606,0.3064,-0.1674,3.6614,0.3465,-0.8228
327,G,TM7,19,3.2114,0.4242,0.2731,5.2413,0.5214,0.3653
328,Y,TM7,19,3.5626,0.4079,0.8694,5.8571,0.5692,1.1725
329,T,TM7,19,1.305,0.2111,-0.2859,2.0978,0.2146,-1.0125
330,N,TM7,19,0.0724,0.6779,0.9521,0.1494,1.2709,1.4788
331,S,TM7,19,-0.9091,1.4118,-0.0963,-1.5672,2.5779,0.5423
332,C,TM7,19,2.0501,0.5418,-0.1324,3.2773,0.8025,-0.1561
333,L,TM7,19,1.1182,0.5642,-0.0846,1.7669,0.8859,-0.1474
334,N,TM7,19,2.3626,-0.0391,0.1883,3.8448,-0.1813,0.2843
335,P,TM7,19,0.9449,1.8572,-0.0487,1.3919,3.2147,0.0699
336,V,TM7,19,-0.5787,0.3391,-0.0749,-0.9231,0.6335,-0.4145
337,L,TM7,18,-0.0279,1.4321,0.1506,-0.0983,2.5726,1.1234
338,Y,TM7,19,1.4485,0.0885,0.1761,2.3582,0.0573,0.2863
339,A,TM7,19,-0.0018,-0.129,-0.1866,0.0406,-0.2404,-0.4572
340,F,TM7,19,-0.7855,-0.4533,0.7846,-1.1507,-0.719,1.3629
341,L,TM7,19,-1.7617,2.0343,0.3107,-2.9784,3.7446,1.5176
342,D,H8,19,1.1255,2.2123,0.2616,1.6992,3.8788,0.5116
343,E,H8,19,-3.2762,0.7257,0.1506,-5.3325,1.4885,0.7902
344,N,H8,18,2.2008,0.1869,0.4595,3.6246,0.2294,1.3395
345,F,H8,19,0.4648,1.0236,-0.1959,0.706,1.7701,-0.1372
346,K,H8,19,-0.1249,-0.214,0.1081,-0.1636,-0.3626,0.1878
347,R,H8,19,0.1243,-1.4399,-0.1415,0.3253,-2.593,-0.5245
348,C,H8,19,-1.7235,0.6272,0.1151,-2.8202,1.2228,0.3248
349,F,H8,19,0.004,0.9078,0.1188,-0.0143,1.6091,0.2117
350,R,H8,19,-1.255,-0.1853,-0.1012,-2.0293,-0.2699,-0.0629
351,E,H8,19,-4.1296,0.7266,-0.4997,-6.7961,1.5102,-0.119
352,F,H8,18,-3.6243,0.9096,-0.3302,-5.9978,1.8192,0.1949
353,C,H8,19,-2.34,0.7864,-0.1739,-3.8463,1.5207,0.2709
354,I,H8,19,-3.7387,-0.1215,-0.2985,-6.0908,0.0048,0.0427
355,P,C-tail,19,-3.2564,0.107,-0.2468,-5.2876,0.3596,-0.4686
