sheet,grain,rows,description
01_variant_scores,one row per library variant (hgvs),"10,178","Final per-variant scores: surface expression, 15-ligand saturating-concentration effects with SE and LFSR, three-parameter Hill parameters (Emin/logEC50/Emax) for morphine, fentanyl and DAMGO, operational-model parameters, variant-level PCA scores, and external annotation."
02_dose_response_scores,one row per variant,"10,178","Rescaled per-concentration scores and SDs for the three concentration-response screens, one column pair per ligand and concentration, plus the ligand-free (forskolin-only) arm of the DAMGO screen."
03_position_summary,one row per receptor position,399,"Position-level aggregates: mean missense effect per ligand, mean surface expression, mean Hill EC50/Emax per DRC ligand, position- and variant-level PCA scores, morphine-vs-fentanyl LOF bias, and G protein contact class."
04_position_lof_gof,one row per position x ligand,"5,985","Fraction of missense variants at each position scoring as loss- or gain-of-function for each ligand, with the synonymous-derived thresholds used."
05_ligand_summary,one row per ligand,15,"Ligand-level reference: chemotype, efficacy class, which screens it entered, wild-type pooled-cAMP and TRUPATH Gi1 logEC50 and Emax with SEM and n, and PCA ligand loadings from both the position- and variant-level fits."
06_ligand_contacts,one row per position x ligand,"4,517","Structural contact assignment: closest heavy-atom and side-chain distance from each receptor position to each ligand, the shell call (first / second), and the source structure."
07_validation_pharmacology,one row per variant x ligand (fitted curve),109,Fitted TRUPATH Gi1 BRET parameters for all low-throughput validation pharmacology: the single mutants behind figure 7d-f and the A119L double-mutant series behind figures 8d/f/g and S11a. The pipeline column distinguishes the two normalisations.
08_screen_samples,one row per sorted bin,532,"Per-sample screening metadata: assay, date, replicate, ligand and concentration, sort bin, mean/median sequencing coverage and number of variants observed."
09_validation_trupath_points,one row per individual replicate point,"6,335","Every individual point behind sheet 07, with raw BRET and the normalised value, across both the singles and doubles pipelines."
