sample,condition,replicate,time,tile,file
a20251009_rep1_Fentanyl_-10M_sample_25_bin_a_S25_merged,fentanyl-10,1,0,1,a20251009_rep1_Fentanyl_-10M_sample_25_bin_a_S25_merged
a20251009_rep1_Fentanyl_-10M_sample_26_bin_b_S26_merged,fentanyl-10,1,0,1,a20251009_rep1_Fentanyl_-10M_sample_26_bin_b_S26_merged
a20251009_rep1_Fentanyl_-10M_sample_27_bin_c_S27_merged,fentanyl-10,1,0,1,a20251009_rep1_Fentanyl_-10M_sample_27_bin_c_S27_merged
a20251009_rep1_Fentanyl_-10M_sample_28_bin_d_S28_merged,fentanyl-10,1,0,1,a20251009_rep1_Fentanyl_-10M_sample_28_bin_d_S28_merged
a20251009_rep1_Fentanyl_-11M_sample_29_bin_a_S29_merged,fentanyl-11,1,0,1,a20251009_rep1_Fentanyl_-11M_sample_29_bin_a_S29_merged
a20251009_rep1_Fentanyl_-11M_sample_30_bin_b_S30_merged,fentanyl-11,1,0,1,a20251009_rep1_Fentanyl_-11M_sample_30_bin_b_S30_merged
a20251009_rep1_Fentanyl_-11M_sample_31_bin_c_S31_merged,fentanyl-11,1,0,1,a20251009_rep1_Fentanyl_-11M_sample_31_bin_c_S31_merged
a20251009_rep1_Fentanyl_-11M_sample_32_bin_d_S32_merged,fentanyl-11,1,0,1,a20251009_rep1_Fentanyl_-11M_sample_32_bin_d_S32_merged
a20251009_rep1_Fentanyl_-12M_sample_33_bin_a_S33_merged,fentanyl-12,1,0,1,a20251009_rep1_Fentanyl_-12M_sample_33_bin_a_S33_merged
a20251009_rep1_Fentanyl_-12M_sample_34_bin_b_S34_merged,fentanyl-12,1,0,1,a20251009_rep1_Fentanyl_-12M_sample_34_bin_b_S34_merged
a20251009_rep1_Fentanyl_-12M_sample_35_bin_c_S35_merged,fentanyl-12,1,0,1,a20251009_rep1_Fentanyl_-12M_sample_35_bin_c_S35_merged
a20251009_rep1_Fentanyl_-12M_sample_36_bin_d_S36_merged,fentanyl-12,1,0,1,a20251009_rep1_Fentanyl_-12M_sample_36_bin_d_S36_merged
a20251009_rep1_Fentanyl_-5M_sample_5_bin_a_S5_merged,fentanyl-5,1,0,1,a20251009_rep1_Fentanyl_-5M_sample_5_bin_a_S5_merged
a20251009_rep1_Fentanyl_-5M_sample_6_bin_b_S6_merged,fentanyl-5,1,0,1,a20251009_rep1_Fentanyl_-5M_sample_6_bin_b_S6_merged
a20251009_rep1_Fentanyl_-5M_sample_7_bin_c_S7_merged,fentanyl-5,1,0,1,a20251009_rep1_Fentanyl_-5M_sample_7_bin_c_S7_merged
a20251009_rep1_Fentanyl_-5M_sample_8_bin_d_S8_merged,fentanyl-5,1,0,1,a20251009_rep1_Fentanyl_-5M_sample_8_bin_d_S8_merged
a20251009_rep1_Fentanyl_-6M_sample_10_bin_b_S10_merged,fentanyl-6,1,0,1,a20251009_rep1_Fentanyl_-6M_sample_10_bin_b_S10_merged
a20251009_rep1_Fentanyl_-6M_sample_11_bin_c_S11_merged,fentanyl-6,1,0,1,a20251009_rep1_Fentanyl_-6M_sample_11_bin_c_S11_merged
a20251009_rep1_Fentanyl_-6M_sample_12_bin_d_S12_merged,fentanyl-6,1,0,1,a20251009_rep1_Fentanyl_-6M_sample_12_bin_d_S12_merged
a20251009_rep1_Fentanyl_-6M_sample_9_bin_a_S9_merged,fentanyl-6,1,0,1,a20251009_rep1_Fentanyl_-6M_sample_9_bin_a_S9_merged
a20251009_rep1_Fentanyl_-7M_sample_13_bin_a_S13_merged,fentanyl-7,1,0,1,a20251009_rep1_Fentanyl_-7M_sample_13_bin_a_S13_merged
a20251009_rep1_Fentanyl_-7M_sample_14_bin_b_S14_merged,fentanyl-7,1,0,1,a20251009_rep1_Fentanyl_-7M_sample_14_bin_b_S14_merged
a20251009_rep1_Fentanyl_-7M_sample_15_bin_c_S15_merged,fentanyl-7,1,0,1,a20251009_rep1_Fentanyl_-7M_sample_15_bin_c_S15_merged
a20251009_rep1_Fentanyl_-7M_sample_16_bin_d_S16_merged,fentanyl-7,1,0,1,a20251009_rep1_Fentanyl_-7M_sample_16_bin_d_S16_merged
a20251009_rep1_Fentanyl_-8M_sample_17_bin_a_S17_merged,fentanyl-8,1,0,1,a20251009_rep1_Fentanyl_-8M_sample_17_bin_a_S17_merged
a20251009_rep1_Fentanyl_-8M_sample_18_bin_b_S18_merged,fentanyl-8,1,0,1,a20251009_rep1_Fentanyl_-8M_sample_18_bin_b_S18_merged
a20251009_rep1_Fentanyl_-8M_sample_19_bin_c_S19_merged,fentanyl-8,1,0,1,a20251009_rep1_Fentanyl_-8M_sample_19_bin_c_S19_merged
a20251009_rep1_Fentanyl_-8M_sample_20_bin_d_S20_merged,fentanyl-8,1,0,1,a20251009_rep1_Fentanyl_-8M_sample_20_bin_d_S20_merged
a20251009_rep1_Fentanyl_-9M_sample_21_bin_a_S21_merged,fentanyl-9,1,0,1,a20251009_rep1_Fentanyl_-9M_sample_21_bin_a_S21_merged
a20251009_rep1_Fentanyl_-9M_sample_22_bin_b_S22_merged,fentanyl-9,1,0,1,a20251009_rep1_Fentanyl_-9M_sample_22_bin_b_S22_merged
a20251009_rep1_Fentanyl_-9M_sample_23_bin_c_S23_merged,fentanyl-9,1,0,1,a20251009_rep1_Fentanyl_-9M_sample_23_bin_c_S23_merged
a20251009_rep1_Fentanyl_-9M_sample_24_bin_d_S24_merged,fentanyl-9,1,0,1,a20251009_rep1_Fentanyl_-9M_sample_24_bin_d_S24_merged
a20251009_rep1_FSK_0M_sample_1_bin_a_S1_merged,fsk,1,0,1,a20251009_rep1_FSK_0M_sample_1_bin_a_S1_merged
a20251009_rep1_FSK_0M_sample_2_bin_b_S2_merged,fsk,1,0,1,a20251009_rep1_FSK_0M_sample_2_bin_b_S2_merged
a20251009_rep1_FSK_0M_sample_3_bin_c_S3_merged,fsk,1,0,1,a20251009_rep1_FSK_0M_sample_3_bin_c_S3_merged
a20251009_rep1_FSK_0M_sample_4_bin_d_S4_merged,fsk,1,0,1,a20251009_rep1_FSK_0M_sample_4_bin_d_S4_merged
a20251010_rep2_Fentanyl_-10M_sample_61_bin_a_S61_merged,fentanyl-10,1,0,1,a20251010_rep2_Fentanyl_-10M_sample_61_bin_a_S61_merged
a20251010_rep2_Fentanyl_-10M_sample_62_bin_b_S62_merged,fentanyl-10,1,0,1,a20251010_rep2_Fentanyl_-10M_sample_62_bin_b_S62_merged
a20251010_rep2_Fentanyl_-10M_sample_63_bin_c_S63_merged,fentanyl-10,1,0,1,a20251010_rep2_Fentanyl_-10M_sample_63_bin_c_S63_merged
a20251010_rep2_Fentanyl_-10M_sample_64_bin_d_S64_merged,fentanyl-10,1,0,1,a20251010_rep2_Fentanyl_-10M_sample_64_bin_d_S64_merged
a20251010_rep2_Fentanyl_-11M_sample_65_bin_a_S65_merged,fentanyl-11,1,0,1,a20251010_rep2_Fentanyl_-11M_sample_65_bin_a_S65_merged
a20251010_rep2_Fentanyl_-11M_sample_66_bin_b_S66_merged,fentanyl-11,1,0,1,a20251010_rep2_Fentanyl_-11M_sample_66_bin_b_S66_merged
a20251010_rep2_Fentanyl_-11M_sample_67_bin_c_S67_merged,fentanyl-11,1,0,1,a20251010_rep2_Fentanyl_-11M_sample_67_bin_c_S67_merged
a20251010_rep2_Fentanyl_-11M_sample_68_bin_d_S68_merged,fentanyl-11,1,0,1,a20251010_rep2_Fentanyl_-11M_sample_68_bin_d_S68_merged
a20251010_rep2_Fentanyl_-12M_sample_69_bin_a_S69_merged,fentanyl-12,1,0,1,a20251010_rep2_Fentanyl_-12M_sample_69_bin_a_S69_merged
a20251010_rep2_Fentanyl_-12M_sample_70_bin_b_S70_merged,fentanyl-12,1,0,1,a20251010_rep2_Fentanyl_-12M_sample_70_bin_b_S70_merged
a20251010_rep2_Fentanyl_-12M_sample_71_bin_c_S71_merged,fentanyl-12,1,0,1,a20251010_rep2_Fentanyl_-12M_sample_71_bin_c_S71_merged
a20251010_rep2_Fentanyl_-12M_sample_72_bin_d_S72_merged,fentanyl-12,1,0,1,a20251010_rep2_Fentanyl_-12M_sample_72_bin_d_S72_merged
a20251010_rep2_Fentanyl_-5M_sample_41_bin_a_S41_merged,fentanyl-5,1,0,1,a20251010_rep2_Fentanyl_-5M_sample_41_bin_a_S41_merged
a20251010_rep2_Fentanyl_-5M_sample_42_bin_b_S42_merged,fentanyl-5,1,0,1,a20251010_rep2_Fentanyl_-5M_sample_42_bin_b_S42_merged
a20251010_rep2_Fentanyl_-5M_sample_43_bin_c_S43_merged,fentanyl-5,1,0,1,a20251010_rep2_Fentanyl_-5M_sample_43_bin_c_S43_merged
a20251010_rep2_Fentanyl_-5M_sample_44_bin_d_S44_merged,fentanyl-5,1,0,1,a20251010_rep2_Fentanyl_-5M_sample_44_bin_d_S44_merged
a20251010_rep2_Fentanyl_-6M_sample_45_bin_a_S45_merged,fentanyl-6,1,0,1,a20251010_rep2_Fentanyl_-6M_sample_45_bin_a_S45_merged
a20251010_rep2_Fentanyl_-6M_sample_46_bin_b_S46_merged,fentanyl-6,1,0,1,a20251010_rep2_Fentanyl_-6M_sample_46_bin_b_S46_merged
a20251010_rep2_Fentanyl_-6M_sample_47_bin_c_S47_merged,fentanyl-6,1,0,1,a20251010_rep2_Fentanyl_-6M_sample_47_bin_c_S47_merged
a20251010_rep2_Fentanyl_-6M_sample_48_bin_d_S48_merged,fentanyl-6,1,0,1,a20251010_rep2_Fentanyl_-6M_sample_48_bin_d_S48_merged
a20251010_rep2_Fentanyl_-7M_sample_49_bin_a_S49_merged,fentanyl-7,1,0,1,a20251010_rep2_Fentanyl_-7M_sample_49_bin_a_S49_merged
a20251010_rep2_Fentanyl_-7M_sample_50_bin_b_S50_merged,fentanyl-7,1,0,1,a20251010_rep2_Fentanyl_-7M_sample_50_bin_b_S50_merged
a20251010_rep2_Fentanyl_-7M_sample_51_bin_c_S51_merged,fentanyl-7,1,0,1,a20251010_rep2_Fentanyl_-7M_sample_51_bin_c_S51_merged
a20251010_rep2_Fentanyl_-7M_sample_52_bin_d_S52_merged,fentanyl-7,1,0,1,a20251010_rep2_Fentanyl_-7M_sample_52_bin_d_S52_merged
a20251010_rep2_Fentanyl_-8M_sample_53_bin_a_S53_merged,fentanyl-8,1,0,1,a20251010_rep2_Fentanyl_-8M_sample_53_bin_a_S53_merged
a20251010_rep2_Fentanyl_-8M_sample_54_bin_b_S54_merged,fentanyl-8,1,0,1,a20251010_rep2_Fentanyl_-8M_sample_54_bin_b_S54_merged
a20251010_rep2_Fentanyl_-8M_sample_55_bin_c_S55_merged,fentanyl-8,1,0,1,a20251010_rep2_Fentanyl_-8M_sample_55_bin_c_S55_merged
a20251010_rep2_Fentanyl_-8M_sample_56_bin_d_S56_merged,fentanyl-8,1,0,1,a20251010_rep2_Fentanyl_-8M_sample_56_bin_d_S56_merged
a20251010_rep2_Fentanyl_-9M_sample_57_bin_a_S57_merged,fentanyl-9,1,0,1,a20251010_rep2_Fentanyl_-9M_sample_57_bin_a_S57_merged
a20251010_rep2_Fentanyl_-9M_sample_58_bin_b_S58_merged,fentanyl-9,1,0,1,a20251010_rep2_Fentanyl_-9M_sample_58_bin_b_S58_merged
a20251010_rep2_Fentanyl_-9M_sample_59_bin_c_S59_merged,fentanyl-9,1,0,1,a20251010_rep2_Fentanyl_-9M_sample_59_bin_c_S59_merged
a20251010_rep2_Fentanyl_-9M_sample_60_bin_d_S60_merged,fentanyl-9,1,0,1,a20251010_rep2_Fentanyl_-9M_sample_60_bin_d_S60_merged
a20251010_rep2_FSK_0M_sample_37_bin_a_S37_merged,fsk,1,0,1,a20251010_rep2_FSK_0M_sample_37_bin_a_S37_merged
a20251010_rep2_FSK_0M_sample_38_bin_b_S38_merged,fsk,1,0,1,a20251010_rep2_FSK_0M_sample_38_bin_b_S38_merged
a20251010_rep2_FSK_0M_sample_39_bin_c_S39_merged,fsk,1,0,1,a20251010_rep2_FSK_0M_sample_39_bin_c_S39_merged
a20251010_rep2_FSK_0M_sample_40_bin_d_S40_merged,fsk,1,0,1,a20251010_rep2_FSK_0M_sample_40_bin_d_S40_merged
a20251011_rep3_Fentanyl_-10M_sample_100_bin_d_S100_merged,fentanyl-10,2,0,1,a20251011_rep3_Fentanyl_-10M_sample_100_bin_d_S100_merged
a20251011_rep3_Fentanyl_-10M_sample_97_bin_a_S97_merged,fentanyl-10,2,0,1,a20251011_rep3_Fentanyl_-10M_sample_97_bin_a_S97_merged
a20251011_rep3_Fentanyl_-10M_sample_98_bin_b_S98_merged,fentanyl-10,2,0,1,a20251011_rep3_Fentanyl_-10M_sample_98_bin_b_S98_merged
a20251011_rep3_Fentanyl_-10M_sample_99_bin_c_S99_merged,fentanyl-10,2,0,1,a20251011_rep3_Fentanyl_-10M_sample_99_bin_c_S99_merged
a20251011_rep3_Fentanyl_-11M_sample_101_bin_a_S101_merged,fentanyl-11,2,0,1,a20251011_rep3_Fentanyl_-11M_sample_101_bin_a_S101_merged
a20251011_rep3_Fentanyl_-11M_sample_102_bin_b_S102_merged,fentanyl-11,2,0,1,a20251011_rep3_Fentanyl_-11M_sample_102_bin_b_S102_merged
a20251011_rep3_Fentanyl_-11M_sample_103_bin_c_S103_merged,fentanyl-11,2,0,1,a20251011_rep3_Fentanyl_-11M_sample_103_bin_c_S103_merged
a20251011_rep3_Fentanyl_-11M_sample_104_bin_d_S104_merged,fentanyl-11,2,0,1,a20251011_rep3_Fentanyl_-11M_sample_104_bin_d_S104_merged
a20251011_rep3_Fentanyl_-12M_sample_105_bin_a_S105_merged,fentanyl-12,2,0,1,a20251011_rep3_Fentanyl_-12M_sample_105_bin_a_S105_merged
a20251011_rep3_Fentanyl_-12M_sample_106_bin_b_S106_merged,fentanyl-12,2,0,1,a20251011_rep3_Fentanyl_-12M_sample_106_bin_b_S106_merged
a20251011_rep3_Fentanyl_-12M_sample_107_bin_c_S107_merged,fentanyl-12,2,0,1,a20251011_rep3_Fentanyl_-12M_sample_107_bin_c_S107_merged
a20251011_rep3_Fentanyl_-12M_sample_108_bin_d_S108_merged,fentanyl-12,2,0,1,a20251011_rep3_Fentanyl_-12M_sample_108_bin_d_S108_merged
a20251011_rep3_Fentanyl_-5M_sample_77_bin_a_S77_merged,fentanyl-5,2,0,1,a20251011_rep3_Fentanyl_-5M_sample_77_bin_a_S77_merged
a20251011_rep3_Fentanyl_-5M_sample_78_bin_b_S78_merged,fentanyl-5,2,0,1,a20251011_rep3_Fentanyl_-5M_sample_78_bin_b_S78_merged
a20251011_rep3_Fentanyl_-5M_sample_79_bin_c_S79_merged,fentanyl-5,2,0,1,a20251011_rep3_Fentanyl_-5M_sample_79_bin_c_S79_merged
a20251011_rep3_Fentanyl_-5M_sample_80_bin_d_S80_merged,fentanyl-5,2,0,1,a20251011_rep3_Fentanyl_-5M_sample_80_bin_d_S80_merged
a20251011_rep3_Fentanyl_-6M_sample_81_bin_a_S81_merged,fentanyl-6,2,0,1,a20251011_rep3_Fentanyl_-6M_sample_81_bin_a_S81_merged
a20251011_rep3_Fentanyl_-6M_sample_82_bin_b_S82_merged,fentanyl-6,2,0,1,a20251011_rep3_Fentanyl_-6M_sample_82_bin_b_S82_merged
a20251011_rep3_Fentanyl_-6M_sample_83_bin_c_S83_merged,fentanyl-6,2,0,1,a20251011_rep3_Fentanyl_-6M_sample_83_bin_c_S83_merged
a20251011_rep3_Fentanyl_-6M_sample_84_bin_d_S84_merged,fentanyl-6,2,0,1,a20251011_rep3_Fentanyl_-6M_sample_84_bin_d_S84_merged
a20251011_rep3_Fentanyl_-7M_sample_85_bin_a_S85_merged,fentanyl-7,2,0,1,a20251011_rep3_Fentanyl_-7M_sample_85_bin_a_S85_merged
a20251011_rep3_Fentanyl_-7M_sample_86_bin_b_S86_merged,fentanyl-7,2,0,1,a20251011_rep3_Fentanyl_-7M_sample_86_bin_b_S86_merged
a20251011_rep3_Fentanyl_-7M_sample_87_bin_c_S87_merged,fentanyl-7,2,0,1,a20251011_rep3_Fentanyl_-7M_sample_87_bin_c_S87_merged
a20251011_rep3_Fentanyl_-7M_sample_88_bin_d_S88_merged,fentanyl-7,2,0,1,a20251011_rep3_Fentanyl_-7M_sample_88_bin_d_S88_merged
a20251011_rep3_Fentanyl_-8M_sample_89_bin_a_S89_merged,fentanyl-8,2,0,1,a20251011_rep3_Fentanyl_-8M_sample_89_bin_a_S89_merged
a20251011_rep3_Fentanyl_-8M_sample_90_bin_b_S90_merged,fentanyl-8,2,0,1,a20251011_rep3_Fentanyl_-8M_sample_90_bin_b_S90_merged
a20251011_rep3_Fentanyl_-8M_sample_91_bin_c_S91_merged,fentanyl-8,2,0,1,a20251011_rep3_Fentanyl_-8M_sample_91_bin_c_S91_merged
a20251011_rep3_Fentanyl_-8M_sample_92_bin_d_S92_merged,fentanyl-8,2,0,1,a20251011_rep3_Fentanyl_-8M_sample_92_bin_d_S92_merged
a20251011_rep3_Fentanyl_-9M_sample_93_bin_a_S93_merged,fentanyl-9,2,0,1,a20251011_rep3_Fentanyl_-9M_sample_93_bin_a_S93_merged
a20251011_rep3_Fentanyl_-9M_sample_94_bin_b_S94_merged,fentanyl-9,2,0,1,a20251011_rep3_Fentanyl_-9M_sample_94_bin_b_S94_merged
a20251011_rep3_Fentanyl_-9M_sample_95_bin_c_S95_merged,fentanyl-9,2,0,1,a20251011_rep3_Fentanyl_-9M_sample_95_bin_c_S95_merged
a20251011_rep3_Fentanyl_-9M_sample_96_bin_d_S96_merged,fentanyl-9,2,0,1,a20251011_rep3_Fentanyl_-9M_sample_96_bin_d_S96_merged
a20251011_rep3_FSK_0M_sample_73_bin_a_S73_merged,fsk,2,0,1,a20251011_rep3_FSK_0M_sample_73_bin_a_S73_merged
a20251011_rep3_FSK_0M_sample_74_bin_b_S74_merged,fsk,2,0,1,a20251011_rep3_FSK_0M_sample_74_bin_b_S74_merged
a20251011_rep3_FSK_0M_sample_75_bin_c_S75_merged,fsk,2,0,1,a20251011_rep3_FSK_0M_sample_75_bin_c_S75_merged
a20251011_rep3_FSK_0M_sample_76_bin_d_S76_merged,fsk,2,0,1,a20251011_rep3_FSK_0M_sample_76_bin_d_S76_merged
a20251017_rep1_FSK_0M_sample_1_bin_a_S109_merged,fsk,2,0,1,a20251017_rep1_FSK_0M_sample_1_bin_a_S109_merged
a20251017_rep1_FSK_0M_sample_2_bin_b_S110_merged,fsk,2,0,1,a20251017_rep1_FSK_0M_sample_2_bin_b_S110_merged
a20251017_rep1_FSK_0M_sample_3_bin_c_S111_merged,fsk,2,0,1,a20251017_rep1_FSK_0M_sample_3_bin_c_S111_merged
a20251017_rep1_FSK_0M_sample_4_bin_d_S112_merged,fsk,2,0,1,a20251017_rep1_FSK_0M_sample_4_bin_d_S112_merged
a20251017_rep1_Morphine_-105M_sample_29_bin_a_S137_merged,morphine-105,2,0,1,a20251017_rep1_Morphine_-105M_sample_29_bin_a_S137_merged
a20251017_rep1_Morphine_-105M_sample_30_bin_b_S138_merged,morphine-105,2,0,1,a20251017_rep1_Morphine_-105M_sample_30_bin_b_S138_merged
a20251017_rep1_Morphine_-105M_sample_31_bin_c_S139_merged,morphine-105,2,0,1,a20251017_rep1_Morphine_-105M_sample_31_bin_c_S139_merged
a20251017_rep1_Morphine_-105M_sample_32_bin_d_S140_merged,morphine-105,2,0,1,a20251017_rep1_Morphine_-105M_sample_32_bin_d_S140_merged
a20251017_rep1_Morphine_-115M_sample_33_bin_a_S141_merged,morphine-115,2,0,1,a20251017_rep1_Morphine_-115M_sample_33_bin_a_S141_merged
a20251017_rep1_Morphine_-115M_sample_34_bin_b_S142_merged,morphine-115,2,0,1,a20251017_rep1_Morphine_-115M_sample_34_bin_b_S142_merged
a20251017_rep1_Morphine_-115M_sample_35_bin_c_S143_merged,morphine-115,2,0,1,a20251017_rep1_Morphine_-115M_sample_35_bin_c_S143_merged
a20251017_rep1_Morphine_-115M_sample_36_bin_d_S144_merged,morphine-115,2,0,1,a20251017_rep1_Morphine_-115M_sample_36_bin_d_S144_merged
a20251017_rep1_Morphine_-45M_sample_5_bin_a_S113_merged,morphine-45,2,0,1,a20251017_rep1_Morphine_-45M_sample_5_bin_a_S113_merged
a20251017_rep1_Morphine_-45M_sample_6_bin_b_S114_merged,morphine-45,2,0,1,a20251017_rep1_Morphine_-45M_sample_6_bin_b_S114_merged
a20251017_rep1_Morphine_-45M_sample_7_bin_c_S115_merged,morphine-45,2,0,1,a20251017_rep1_Morphine_-45M_sample_7_bin_c_S115_merged
a20251017_rep1_Morphine_-45M_sample_8_bin_d_S116_merged,morphine-45,2,0,1,a20251017_rep1_Morphine_-45M_sample_8_bin_d_S116_merged
a20251017_rep1_Morphine_-55M_sample_10_bin_b_S118_merged,morphine-55,2,0,1,a20251017_rep1_Morphine_-55M_sample_10_bin_b_S118_merged
a20251017_rep1_Morphine_-55M_sample_11_bin_c_S119_merged,morphine-55,2,0,1,a20251017_rep1_Morphine_-55M_sample_11_bin_c_S119_merged
a20251017_rep1_Morphine_-55M_sample_12_bin_d_S120_merged,morphine-55,2,0,1,a20251017_rep1_Morphine_-55M_sample_12_bin_d_S120_merged
a20251017_rep1_Morphine_-55M_sample_9_bin_a_S117_merged,morphine-55,2,0,1,a20251017_rep1_Morphine_-55M_sample_9_bin_a_S117_merged
a20251017_rep1_Morphine_-65M_sample_13_bin_a_S121_merged,morphine-65,2,0,1,a20251017_rep1_Morphine_-65M_sample_13_bin_a_S121_merged
a20251017_rep1_Morphine_-65M_sample_14_bin_b_S122_merged,morphine-65,2,0,1,a20251017_rep1_Morphine_-65M_sample_14_bin_b_S122_merged
a20251017_rep1_Morphine_-65M_sample_15_bin_c_S123_merged,morphine-65,2,0,1,a20251017_rep1_Morphine_-65M_sample_15_bin_c_S123_merged
a20251017_rep1_Morphine_-65M_sample_16_bin_d_S124_merged,morphine-65,2,0,1,a20251017_rep1_Morphine_-65M_sample_16_bin_d_S124_merged
a20251017_rep1_Morphine_-75M_sample_17_bin_a_S125_merged,morphine-75,2,0,1,a20251017_rep1_Morphine_-75M_sample_17_bin_a_S125_merged
a20251017_rep1_Morphine_-75M_sample_18_bin_b_S126_merged,morphine-75,2,0,1,a20251017_rep1_Morphine_-75M_sample_18_bin_b_S126_merged
a20251017_rep1_Morphine_-75M_sample_19_bin_c_S127_merged,morphine-75,2,0,1,a20251017_rep1_Morphine_-75M_sample_19_bin_c_S127_merged
a20251017_rep1_Morphine_-75M_sample_20_bin_d_S128_merged,morphine-75,2,0,1,a20251017_rep1_Morphine_-75M_sample_20_bin_d_S128_merged
a20251017_rep1_Morphine_-85M_sample_21_bin_a_S129_merged,morphine-85,2,0,1,a20251017_rep1_Morphine_-85M_sample_21_bin_a_S129_merged
a20251017_rep1_Morphine_-85M_sample_22_bin_b_S130_merged,morphine-85,2,0,1,a20251017_rep1_Morphine_-85M_sample_22_bin_b_S130_merged
a20251017_rep1_Morphine_-85M_sample_23_bin_c_S131_merged,morphine-85,2,0,1,a20251017_rep1_Morphine_-85M_sample_23_bin_c_S131_merged
a20251017_rep1_Morphine_-85M_sample_24_bin_d_S132_merged,morphine-85,2,0,1,a20251017_rep1_Morphine_-85M_sample_24_bin_d_S132_merged
a20251017_rep1_Morphine_-95M_sample_25_bin_a_S133_merged,morphine-95,2,0,1,a20251017_rep1_Morphine_-95M_sample_25_bin_a_S133_merged
a20251017_rep1_Morphine_-95M_sample_26_bin_b_S134_merged,morphine-95,2,0,1,a20251017_rep1_Morphine_-95M_sample_26_bin_b_S134_merged
a20251017_rep1_Morphine_-95M_sample_27_bin_c_S135_merged,morphine-95,2,0,1,a20251017_rep1_Morphine_-95M_sample_27_bin_c_S135_merged
a20251017_rep1_Morphine_-95M_sample_28_bin_d_S136_merged,morphine-95,2,0,1,a20251017_rep1_Morphine_-95M_sample_28_bin_d_S136_merged
a20251018_rep2_DAMGO_-5M_sample_41_bin_a_S149_merged,damgo,3,0,1,a20251018_rep2_DAMGO_-5M_sample_41_bin_a_S149_merged
a20251018_rep2_DAMGO_-5M_sample_42_bin_b_S150_merged,damgo,3,0,1,a20251018_rep2_DAMGO_-5M_sample_42_bin_b_S150_merged
a20251018_rep2_DAMGO_-5M_sample_43_bin_c_S151_merged,damgo,3,0,1,a20251018_rep2_DAMGO_-5M_sample_43_bin_c_S151_merged
a20251018_rep2_DAMGO_-5M_sample_44_bin_d_S152_merged,damgo,3,0,1,a20251018_rep2_DAMGO_-5M_sample_44_bin_d_S152_merged
a20251018_rep2_DAMGOPAM_-5M_sample_45_bin_a_S153_merged,damgopam,3,0,1,a20251018_rep2_DAMGOPAM_-5M_sample_45_bin_a_S153_merged
a20251018_rep2_DAMGOPAM_-5M_sample_46_bin_b_S154_merged,damgopam,3,0,1,a20251018_rep2_DAMGOPAM_-5M_sample_46_bin_b_S154_merged
a20251018_rep2_DAMGOPAM_-5M_sample_47_bin_c_S155_merged,damgopam,3,0,1,a20251018_rep2_DAMGOPAM_-5M_sample_47_bin_c_S155_merged
a20251018_rep2_DAMGOPAM_-5M_sample_48_bin_d_S156_merged,damgopam,3,0,1,a20251018_rep2_DAMGOPAM_-5M_sample_48_bin_d_S156_merged
a20251018_rep2_FSK_0M_sample_37_bin_a_S145_merged,fsk,3,0,1,a20251018_rep2_FSK_0M_sample_37_bin_a_S145_merged
a20251018_rep2_FSK_0M_sample_38_bin_b_S146_merged,fsk,3,0,1,a20251018_rep2_FSK_0M_sample_38_bin_b_S146_merged
a20251018_rep2_FSK_0M_sample_39_bin_c_S147_merged,fsk,3,0,1,a20251018_rep2_FSK_0M_sample_39_bin_c_S147_merged
a20251018_rep2_FSK_0M_sample_40_bin_d_S148_merged,fsk,3,0,1,a20251018_rep2_FSK_0M_sample_40_bin_d_S148_merged
a20251018_rep2_Morphine_-105M_sample_73_bin_a_S181_merged,morphine-105,3,0,1,a20251018_rep2_Morphine_-105M_sample_73_bin_a_S181_merged
a20251018_rep2_Morphine_-105M_sample_74_bin_b_S182_merged,morphine-105,3,0,1,a20251018_rep2_Morphine_-105M_sample_74_bin_b_S182_merged
a20251018_rep2_Morphine_-105M_sample_75_bin_c_S183_merged,morphine-105,3,0,1,a20251018_rep2_Morphine_-105M_sample_75_bin_c_S183_merged
a20251018_rep2_Morphine_-105M_sample_76_bin_d_S184_merged,morphine-105,3,0,1,a20251018_rep2_Morphine_-105M_sample_76_bin_d_S184_merged
a20251018_rep2_Morphine_-115M_sample_77_bin_a_S185_merged,morphine-115,3,0,1,a20251018_rep2_Morphine_-115M_sample_77_bin_a_S185_merged
a20251018_rep2_Morphine_-115M_sample_78_bin_b_S186_merged,morphine-115,3,0,1,a20251018_rep2_Morphine_-115M_sample_78_bin_b_S186_merged
a20251018_rep2_Morphine_-115M_sample_79_bin_c_S187_merged,morphine-115,3,0,1,a20251018_rep2_Morphine_-115M_sample_79_bin_c_S187_merged
a20251018_rep2_Morphine_-115M_sample_80_bin_d_S188_merged,morphine-115,3,0,1,a20251018_rep2_Morphine_-115M_sample_80_bin_d_S188_merged
a20251018_rep2_Morphine_-45M_sample_49_bin_a_S157_merged,morphine-45,3,0,1,a20251018_rep2_Morphine_-45M_sample_49_bin_a_S157_merged
a20251018_rep2_Morphine_-45M_sample_50_bin_b_S158_merged,morphine-45,3,0,1,a20251018_rep2_Morphine_-45M_sample_50_bin_b_S158_merged
a20251018_rep2_Morphine_-45M_sample_51_bin_c_S159_merged,morphine-45,3,0,1,a20251018_rep2_Morphine_-45M_sample_51_bin_c_S159_merged
a20251018_rep2_Morphine_-45M_sample_52_bin_d_S160_merged,morphine-45,3,0,1,a20251018_rep2_Morphine_-45M_sample_52_bin_d_S160_merged
a20251018_rep2_Morphine_-55M_sample_53_bin_a_S161_merged,morphine-55,3,0,1,a20251018_rep2_Morphine_-55M_sample_53_bin_a_S161_merged
a20251018_rep2_Morphine_-55M_sample_54_bin_b_S162_merged,morphine-55,3,0,1,a20251018_rep2_Morphine_-55M_sample_54_bin_b_S162_merged
a20251018_rep2_Morphine_-55M_sample_55_bin_c_S163_merged,morphine-55,3,0,1,a20251018_rep2_Morphine_-55M_sample_55_bin_c_S163_merged
a20251018_rep2_Morphine_-55M_sample_56_bin_d_S164_merged,morphine-55,3,0,1,a20251018_rep2_Morphine_-55M_sample_56_bin_d_S164_merged
a20251018_rep2_Morphine_-65M_sample_57_bin_a_S165_merged,morphine-65,3,0,1,a20251018_rep2_Morphine_-65M_sample_57_bin_a_S165_merged
a20251018_rep2_Morphine_-65M_sample_58_bin_b_S166_merged,morphine-65,3,0,1,a20251018_rep2_Morphine_-65M_sample_58_bin_b_S166_merged
a20251018_rep2_Morphine_-65M_sample_59_bin_c_S167_merged,morphine-65,3,0,1,a20251018_rep2_Morphine_-65M_sample_59_bin_c_S167_merged
a20251018_rep2_Morphine_-65M_sample_60_bin_d_S168_merged,morphine-65,3,0,1,a20251018_rep2_Morphine_-65M_sample_60_bin_d_S168_merged
a20251018_rep2_Morphine_-75M_sample_61_bin_a_S169_merged,morphine-75,3,0,1,a20251018_rep2_Morphine_-75M_sample_61_bin_a_S169_merged
a20251018_rep2_Morphine_-75M_sample_62_bin_b_S170_merged,morphine-75,3,0,1,a20251018_rep2_Morphine_-75M_sample_62_bin_b_S170_merged
a20251018_rep2_Morphine_-75M_sample_63_bin_c_S171_merged,morphine-75,3,0,1,a20251018_rep2_Morphine_-75M_sample_63_bin_c_S171_merged
a20251018_rep2_Morphine_-75M_sample_64_bin_d_S172_merged,morphine-75,3,0,1,a20251018_rep2_Morphine_-75M_sample_64_bin_d_S172_merged
a20251018_rep2_Morphine_-85M_sample_65_bin_a_S173_merged,morphine-85,3,0,1,a20251018_rep2_Morphine_-85M_sample_65_bin_a_S173_merged
a20251018_rep2_Morphine_-85M_sample_66_bin_b_S174_merged,morphine-85,3,0,1,a20251018_rep2_Morphine_-85M_sample_66_bin_b_S174_merged
a20251018_rep2_Morphine_-85M_sample_67_bin_c_S175_merged,morphine-85,3,0,1,a20251018_rep2_Morphine_-85M_sample_67_bin_c_S175_merged
a20251018_rep2_Morphine_-85M_sample_68_bin_d_S176_merged,morphine-85,3,0,1,a20251018_rep2_Morphine_-85M_sample_68_bin_d_S176_merged
a20251018_rep2_Morphine_-95M_sample_69_bin_a_S177_merged,morphine-95,3,0,1,a20251018_rep2_Morphine_-95M_sample_69_bin_a_S177_merged
a20251018_rep2_Morphine_-95M_sample_70_bin_b_S178_merged,morphine-95,3,0,1,a20251018_rep2_Morphine_-95M_sample_70_bin_b_S178_merged
a20251018_rep2_Morphine_-95M_sample_71_bin_c_S179_merged,morphine-95,3,0,1,a20251018_rep2_Morphine_-95M_sample_71_bin_c_S179_merged
a20251018_rep2_Morphine_-95M_sample_72_bin_d_S180_merged,morphine-95,3,0,1,a20251018_rep2_Morphine_-95M_sample_72_bin_d_S180_merged
a20251019_rep3_DAMGO_-5M_sample_85_bin_a_S193_merged,damgo,3,0,1,a20251019_rep3_DAMGO_-5M_sample_85_bin_a_S193_merged
a20251019_rep3_DAMGO_-5M_sample_86_bin_b_S194_merged,damgo,3,0,1,a20251019_rep3_DAMGO_-5M_sample_86_bin_b_S194_merged
a20251019_rep3_DAMGO_-5M_sample_87_bin_c_S195_merged,damgo,3,0,1,a20251019_rep3_DAMGO_-5M_sample_87_bin_c_S195_merged
a20251019_rep3_DAMGO_-5M_sample_88_bin_d_S196_merged,damgo,3,0,1,a20251019_rep3_DAMGO_-5M_sample_88_bin_d_S196_merged
a20251019_rep3_DAMGOPAM_-5M_sample_89_bin_a_S197_merged,damgopam,3,0,1,a20251019_rep3_DAMGOPAM_-5M_sample_89_bin_a_S197_merged
a20251019_rep3_DAMGOPAM_-5M_sample_90_bin_b_S198_merged,damgopam,3,0,1,a20251019_rep3_DAMGOPAM_-5M_sample_90_bin_b_S198_merged
a20251019_rep3_DAMGOPAM_-5M_sample_91_bin_c_S199_merged,damgopam,3,0,1,a20251019_rep3_DAMGOPAM_-5M_sample_91_bin_c_S199_merged
a20251019_rep3_DAMGOPAM_-5M_sample_92_bin_d_S200_merged,damgopam,3,0,1,a20251019_rep3_DAMGOPAM_-5M_sample_92_bin_d_S200_merged
a20251019_rep3_FSK_0M_sample_81_bin_a_S189_merged,fsk,3,0,1,a20251019_rep3_FSK_0M_sample_81_bin_a_S189_merged
a20251019_rep3_FSK_0M_sample_82_bin_b_S190_merged,fsk,3,0,1,a20251019_rep3_FSK_0M_sample_82_bin_b_S190_merged
a20251019_rep3_FSK_0M_sample_83_bin_c_S191_merged,fsk,3,0,1,a20251019_rep3_FSK_0M_sample_83_bin_c_S191_merged
a20251019_rep3_FSK_0M_sample_84_bin_d_S192_merged,fsk,3,0,1,a20251019_rep3_FSK_0M_sample_84_bin_d_S192_merged
a20251019_rep3_Morphine_-105M_sample_117_bin_a_S225_merged,morphine-105,3,0,1,a20251019_rep3_Morphine_-105M_sample_117_bin_a_S225_merged
a20251019_rep3_Morphine_-105M_sample_118_bin_b_S226_merged,morphine-105,3,0,1,a20251019_rep3_Morphine_-105M_sample_118_bin_b_S226_merged
a20251019_rep3_Morphine_-105M_sample_119_bin_c_S227_merged,morphine-105,3,0,1,a20251019_rep3_Morphine_-105M_sample_119_bin_c_S227_merged
a20251019_rep3_Morphine_-105M_sample_120_bin_d_S228_merged,morphine-105,3,0,1,a20251019_rep3_Morphine_-105M_sample_120_bin_d_S228_merged
a20251019_rep3_Morphine_-115M_sample_121_bin_a_S229_merged,morphine-115,3,0,1,a20251019_rep3_Morphine_-115M_sample_121_bin_a_S229_merged
a20251019_rep3_Morphine_-115M_sample_122_bin_b_S230_merged,morphine-115,3,0,1,a20251019_rep3_Morphine_-115M_sample_122_bin_b_S230_merged
a20251019_rep3_Morphine_-115M_sample_123_bin_c_S231_merged,morphine-115,3,0,1,a20251019_rep3_Morphine_-115M_sample_123_bin_c_S231_merged
a20251019_rep3_Morphine_-115M_sample_124_bin_d_S232_merged,morphine-115,3,0,1,a20251019_rep3_Morphine_-115M_sample_124_bin_d_S232_merged
a20251019_rep3_Morphine_-45M_sample_93_bin_a_S201_merged,morphine-45,3,0,1,a20251019_rep3_Morphine_-45M_sample_93_bin_a_S201_merged
a20251019_rep3_Morphine_-45M_sample_94_bin_b_S202_merged,morphine-45,3,0,1,a20251019_rep3_Morphine_-45M_sample_94_bin_b_S202_merged
a20251019_rep3_Morphine_-45M_sample_95_bin_c_S203_merged,morphine-45,3,0,1,a20251019_rep3_Morphine_-45M_sample_95_bin_c_S203_merged
a20251019_rep3_Morphine_-45M_sample_96_bin_d_S204_merged,morphine-45,3,0,1,a20251019_rep3_Morphine_-45M_sample_96_bin_d_S204_merged
a20251019_rep3_Morphine_-55M_sample_100_bin_d_S208_merged,morphine-55,3,0,1,a20251019_rep3_Morphine_-55M_sample_100_bin_d_S208_merged
a20251019_rep3_Morphine_-55M_sample_97_bin_a_S205_merged,morphine-55,3,0,1,a20251019_rep3_Morphine_-55M_sample_97_bin_a_S205_merged
a20251019_rep3_Morphine_-55M_sample_98_bin_b_S206_merged,morphine-55,3,0,1,a20251019_rep3_Morphine_-55M_sample_98_bin_b_S206_merged
a20251019_rep3_Morphine_-55M_sample_99_bin_c_S207_merged,morphine-55,3,0,1,a20251019_rep3_Morphine_-55M_sample_99_bin_c_S207_merged
a20251019_rep3_Morphine_-65M_sample_101_bin_a_S209_merged,morphine-65,1,0,1,a20251019_rep3_Morphine_-65M_sample_101_bin_a_S209_merged
a20251019_rep3_Morphine_-65M_sample_102_bin_b_S210_merged,morphine-65,1,0,1,a20251019_rep3_Morphine_-65M_sample_102_bin_b_S210_merged
a20251019_rep3_Morphine_-65M_sample_103_bin_c_S211_merged,morphine-65,1,0,1,a20251019_rep3_Morphine_-65M_sample_103_bin_c_S211_merged
a20251019_rep3_Morphine_-65M_sample_104_bin_d_S212_merged,morphine-65,1,0,1,a20251019_rep3_Morphine_-65M_sample_104_bin_d_S212_merged
a20251019_rep3_Morphine_-75M_sample_105_bin_a_S213_merged,morphine-75,1,0,1,a20251019_rep3_Morphine_-75M_sample_105_bin_a_S213_merged
a20251019_rep3_Morphine_-75M_sample_106_bin_b_S214_merged,morphine-75,1,0,1,a20251019_rep3_Morphine_-75M_sample_106_bin_b_S214_merged
a20251019_rep3_Morphine_-75M_sample_107_bin_c_S215_merged,morphine-75,1,0,1,a20251019_rep3_Morphine_-75M_sample_107_bin_c_S215_merged
a20251019_rep3_Morphine_-75M_sample_108_bin_d_S216_merged,morphine-75,1,0,1,a20251019_rep3_Morphine_-75M_sample_108_bin_d_S216_merged
a20251019_rep3_Morphine_-85M_sample_109_bin_a_S217_merged,morphine-85,1,0,1,a20251019_rep3_Morphine_-85M_sample_109_bin_a_S217_merged
a20251019_rep3_Morphine_-85M_sample_110_bin_b_S218_merged,morphine-85,1,0,1,a20251019_rep3_Morphine_-85M_sample_110_bin_b_S218_merged
a20251019_rep3_Morphine_-85M_sample_111_bin_c_S219_merged,morphine-85,1,0,1,a20251019_rep3_Morphine_-85M_sample_111_bin_c_S219_merged
a20251019_rep3_Morphine_-85M_sample_112_bin_d_S220_merged,morphine-85,1,0,1,a20251019_rep3_Morphine_-85M_sample_112_bin_d_S220_merged
a20251019_rep3_Morphine_-95M_sample_113_bin_a_S221_merged,morphine-95,1,0,1,a20251019_rep3_Morphine_-95M_sample_113_bin_a_S221_merged
a20251019_rep3_Morphine_-95M_sample_114_bin_b_S222_merged,morphine-95,1,0,1,a20251019_rep3_Morphine_-95M_sample_114_bin_b_S222_merged
a20251019_rep3_Morphine_-95M_sample_115_bin_c_S223_merged,morphine-95,1,0,1,a20251019_rep3_Morphine_-95M_sample_115_bin_c_S223_merged
a20251019_rep3_Morphine_-95M_sample_116_bin_d_S224_merged,morphine-95,1,0,1,a20251019_rep3_Morphine_-95M_sample_116_bin_d_S224_merged