pos,Ga_distance
0,46.802779198193754
1,44.42160970230408
2,41.81681898997782
3,41.948296781963855
4,41.355746810180094
5,38.50082897929036
6,36.675660802492644
7,37.26374528842129
8,35.66060212192873
9,32.848084390754266
10,32.1803456583894
11,32.45520773882729
12,29.96189144896987
13,27.39804454188091
14,27.898453006629747
15,27.624845345531018
16,24.39964157527645
17,22.816963789224204
18,23.99014841168603
19,22.93901599351931
20,19.297517160672424
21,19.30164210068069
22,20.993064298100798
23,18.582589447841347
24,15.589106049870647
25,17.996258430055317
26,18.974579515012774
27,15.592551535089207
28,14.765221545485627
29,18.34561099836895
30,19.05170336906489
31,15.9423239771267
32,13.085582232581244
33,15.096426895719333
34,12.798119135100361
35,10.491411081607584
36,7.374090636359151
37,8.547390949160357
38,6.365031784989105
39,9.158552979379406
40,11.73357728411266
41,10.887635282742675
42,11.017424957622886
43,14.21769583884498
44,15.528574290316314
45,15.146447712011808
46,16.80138269094788
47,19.514163264156586
48,20.29481411665771
49,20.511813281483136
50,22.68469545906153
51,24.975798710278436
52,25.24556975898639
53,25.9449209164341
54,28.61576858955295
55,30.704528706307453
56,31.432150606418393
57,34.2219461673567
58,36.192837069206206
59,35.791250028382585
60,36.73577392087292
61,40.18611537165345
62,41.18470301244468
63,41.79313744053132
64,43.749446044085325
65,45.844820404357904
66,46.27296555410675
67,46.63210717654028
68,44.33655334177544
69,46.28414093402647
70,43.7030786531074
71,44.79887673988046
72,43.666539840753096
73,41.2972490805688
74,39.144816118225584
75,39.25924394571204
76,37.857746859214366
77,35.08743577669839
78,34.15574333130136
79,34.12597526601665
80,32.16272200870701
81,29.43819911872791
82,29.44883293320081
83,28.816427669769922
84,26.7303894614635
85,23.931160125332067
86,23.88678827609493
87,23.25221705931271
88,20.74158612878498
89,18.633383094475036
90,19.070843998986533
91,18.15453836745074
92,15.117797561113242
93,13.942196667792876
94,15.01777098957035
95,13.165330792846405
96,9.769753111400101
97,10.977069554952472
98,12.014661093173197
99,8.792527496298373
100,7.129599776095941
101,10.530019160705802
102,9.517797412120665
103,5.714493594460689
104,5.764043017477197
105,8.056378714928174
106,8.657207209616699
107,6.106931860482713
108,6.66248567495982
109,8.942347420878427
110,8.147289920759622
111,5.735420424470405
112,6.950196281052379
113,10.405608231101569
114,9.48369863252723
115,9.180637617378592
116,11.263599145039656
117,11.331764156746603
118,13.065395669907907
119,13.195287194786742
120,16.336433885963597
121,17.270590000234073
122,17.010513473417515
123,16.986693043194926
124,20.683034505861745
125,21.345052598671288
126,19.865001244061208
127,22.276963859833966
128,25.099169321543346
129,24.70146970280284
130,24.836068783415826
131,27.79925493942841
132,29.551505608712688
133,30.013961424915365
134,30.254885138206543
135,33.20284539628547
136,35.757004444873274
137,35.27697722001247
138,35.804929418758434
139,39.004562111624224
140,40.11459036773949
141,39.75391789227539
142,43.24387657346385
143,45.34454869103128
144,48.044588422062986
145,51.050669418723075
146,52.05782540527158
147,55.416303184809145
148,53.988992398914085
149,50.3808257136983
150,47.94674629022201
151,45.09529991141104
152,41.87869768943724
153,41.30144903505387
154,40.82703620991906
155,43.927516944146795
156,45.13326761378884
157,46.4563226084893
158,48.973364363961835
159,48.418111359423065
160,46.750366084463515
161,45.262779090977126
162,43.72288441198834
163,41.52774834554919
164,40.286144279863905
165,39.63830540641137
166,37.935710983856026
167,35.620447298491676
168,34.880304289657914
169,34.314332551421096
170,32.086194293129594
171,29.897073513271707
172,29.95707648344812
173,28.9238923413083
174,26.238641442572245
175,24.723712285237855
176,25.135129635499045
177,25.895450018067432
178,23.520525213525776
179,20.315423584176
180,20.208270147180972
181,21.148396280195165
182,18.444001374923168
183,15.742165388088516
184,16.75483384036188
185,17.691453954379547
186,14.7352353419138
187,12.163918610636633
188,14.72650567180424
189,13.984744295565324
190,10.97013789190192
191,11.544921857456915
192,13.391789903333772
193,9.959422429021783
194,8.794439964703544
195,12.089979927659252
196,10.092041249619767
197,6.892472593235361
198,7.768153982588528
199,7.49188638797567
200,9.539850090426238
201,11.643031588649004
202,9.430722841362893
203,7.865727390956797
204,9.341271934846237
205,6.816763222763126
206,7.064649644177318
207,10.624217496129067
208,11.162978229736952
209,7.353125732802246
210,8.592548655208908
211,11.096588276919915
212,8.864436832300568
213,6.353090396790774
214,9.775873195208796
215,10.928876228012392
216,8.456421452029764
217,9.519391509198757
218,13.035567170199549
219,13.23982029486426
220,12.428144626139146
221,14.901468156340254
222,17.363242271455217
223,17.587797490925578
224,18.154348657224393
225,20.79260163737938
226,22.539731194741307
227,22.81324357226243
228,24.0517450655016
229,26.26186194231368
230,29.27912578726967
231,30.50207192264609
232,30.463314802979223
233,32.159031509158304
234,34.708169418843156
235,35.4216289810639
236,36.04048164896047
237,38.26955542263339
238,40.30420860037832
239,40.62355537729104
240,41.979954035024925
241,44.18009158394935
242,45.731000001296124
243,44.689640106870506
244,47.44970128067017
245,47.08981751414673
246,46.13134567639182
247,45.042236432469714
248,41.979125982996955
249,40.642236816557904
250,41.02231755154007
251,38.54084377454876
252,36.3451966137455
253,36.20250699428151
254,34.76972204956604
255,32.466926001391556
256,30.937007319488703
257,30.709813841106655
258,29.062049829653876
259,26.490993239098753
260,25.805632412466096
261,25.374707210702606
262,23.263554646254928
263,20.304997389338737
264,20.586357424871284
265,20.517119361882582
266,17.8151923731579
267,15.170775362882367
268,14.14010724795507
269,14.079335522177926
270,11.925506187557565
271,9.424773705311695
272,9.403429987972295
273,10.344564842969298
274,8.501090108336648
275,4.918912310420466
276,4.971143925341423
277,5.935123382228074
278,8.463563349271167
279,9.65519209109893
280,10.216657979748417
281,12.216985939565557
282,14.4151322306589
