human_position,mouse_position,SSE,inactive_4DKL_contact,active_5C1M_contact,inactive_first_shell,inactive_second_shell,active_first_shell,active_second_shell,state_specific,displacement_Angstrom,large_displacement
66,,,none,none,0,0,0,0,neither,,
67,65,,none,none,0,0,0,0,neither,5.43,1
68,66,,none,none,0,0,0,0,neither,3.881,1
69,67,,none,none,0,0,0,0,neither,2.811,1
70,68,,none,none,0,0,0,0,neither,3.112,1
71,69,,none,none,0,0,0,0,neither,2.807,1
72,70,,none,none,0,0,0,0,neither,1.925,0
73,71,,second_shell,second_shell,0,1,0,1,neither,1.751,0
74,72,,first_shell,none,1,0,0,0,inactive_only,1.758,0
75,73,,second_shell,none,0,1,0,0,neither,1.601,0
76,74,,none,none,0,0,0,0,neither,1.997,0
77,75,,first_shell,first_shell,1,0,1,0,both_states,1.603,0
78,76,,first_shell,none,1,0,0,0,inactive_only,1.461,0
79,77,,second_shell,none,0,1,0,0,neither,1.553,0
80,78,,none,none,0,0,0,0,neither,1.464,0
81,79,,first_shell,second_shell,1,0,0,1,inactive_only,1.375,0
82,80,,second_shell,first_shell,0,1,1,0,active_only,1.5,0
83,81,,none,first_shell,0,0,1,0,active_only,1.872,0
84,82,,none,first_shell,0,0,1,0,active_only,1.151,0
85,83,,first_shell,first_shell,1,0,1,0,both_states,0.673,0
86,84,,second_shell,first_shell,0,1,1,0,active_only,1.182,0
87,85,,none,first_shell,0,0,1,0,active_only,0.884,0
88,86,,first_shell,first_shell,1,0,1,0,both_states,0.166,0
89,87,,second_shell,first_shell,0,1,1,0,active_only,0.797,0
90,88,,none,first_shell,0,0,1,0,active_only,0.941,0
91,89,,second_shell,first_shell,0,1,1,0,active_only,0.583,0
92,90,,none,none,0,0,0,0,neither,1.658,0
93,91,,none,first_shell,0,0,1,0,active_only,2.142,0
94,92,,none,none,0,0,0,0,neither,1.619,0
95,93,,second_shell,none,0,1,0,0,neither,2.158,0
96,94,,second_shell,none,0,1,0,0,neither,2.933,1
97,95,,first_shell,none,1,0,0,0,inactive_only,2.965,1
98,96,,first_shell,none,1,0,0,0,inactive_only,2.749,1
99,97,,first_shell,first_shell,1,0,1,0,both_states,3.776,1
100,98,,second_shell,first_shell,0,1,1,0,active_only,7.221,1
101,99,,first_shell,first_shell,1,0,1,0,both_states,6.351,1
102,100,,first_shell,first_shell,1,0,1,0,both_states,4.304,1
103,101,,first_shell,first_shell,1,0,1,0,both_states,3.525,1
104,102,,first_shell,first_shell,1,0,1,0,both_states,2.981,1
105,103,,first_shell,first_shell,1,0,1,0,both_states,3.208,1
106,104,,first_shell,first_shell,1,0,1,0,both_states,3.142,1
107,105,,first_shell,first_shell,1,0,1,0,both_states,2.586,1
108,106,,first_shell,first_shell,1,0,1,0,both_states,2.287,0
109,107,,second_shell,first_shell,0,1,1,0,active_only,2.363,0
110,108,,first_shell,first_shell,1,0,1,0,both_states,2.034,0
111,109,,first_shell,first_shell,1,0,1,0,both_states,2.019,0
112,110,,first_shell,first_shell,1,0,1,0,both_states,1.839,0
113,111,,first_shell,first_shell,1,0,1,0,both_states,1.263,0
114,112,,first_shell,second_shell,1,0,0,1,inactive_only,1.315,0
115,113,,second_shell,second_shell,0,1,0,1,neither,1.308,0
116,114,,first_shell,first_shell,1,0,1,0,both_states,1.062,0
117,115,,none,none,0,0,0,0,neither,0.25,0
118,116,,second_shell,second_shell,0,1,0,1,neither,0.397,0
119,117,,first_shell,first_shell,1,0,1,0,both_states,1.244,0
120,118,,none,second_shell,0,0,0,1,neither,1.147,0
121,119,,none,none,0,0,0,0,neither,0.978,0
122,120,,none,second_shell,0,0,0,1,neither,1.065,0
123,121,,first_shell,none,1,0,0,0,inactive_only,0.967,0
124,122,,first_shell,none,1,0,0,0,inactive_only,0.823,0
125,123,,second_shell,second_shell,0,1,0,1,neither,1.424,0
126,124,,first_shell,first_shell,1,0,1,0,both_states,1.453,0
127,125,,first_shell,second_shell,1,0,0,1,inactive_only,1.046,0
128,126,,none,second_shell,0,0,0,1,neither,1.216,0
129,127,,none,first_shell,0,0,1,0,active_only,1.41,0
130,128,,second_shell,first_shell,0,1,1,0,active_only,1.294,0
131,129,,none,none,0,0,0,0,neither,1.363,0
132,130,,none,second_shell,0,0,0,1,neither,1.834,0
133,131,,none,first_shell,0,0,1,0,active_only,2.421,0
134,132,,none,first_shell,0,0,1,0,active_only,2.319,0
135,133,,none,first_shell,0,0,1,0,active_only,1.924,0
136,134,,none,first_shell,0,0,1,0,active_only,2.146,0
137,135,,none,first_shell,0,0,1,0,active_only,1.563,0
138,136,,none,first_shell,0,0,1,0,active_only,1.74,0
139,137,,first_shell,first_shell,1,0,1,0,both_states,1.48,0
140,138,,none,first_shell,0,0,1,0,active_only,1.709,0
141,139,,none,first_shell,0,0,1,0,active_only,1.504,0
142,140,,none,second_shell,0,0,0,1,neither,1.161,0
143,141,,first_shell,first_shell,1,0,1,0,both_states,0.933,0
144,142,,none,none,0,0,0,0,neither,1.332,0
145,143,,none,first_shell,0,0,1,0,active_only,0.901,0
146,144,,none,first_shell,0,0,1,0,active_only,0.906,0
147,145,,none,none,0,0,0,0,neither,1.158,0
148,146,,second_shell,second_shell,0,1,0,1,neither,1.695,0
149,147,,first_shell,first_shell,1,0,1,0,both_states,1.654,0
150,148,,first_shell,first_shell,1,0,1,0,both_states,1.414,0
151,149,,none,none,0,0,0,0,neither,1.753,0
152,150,,first_shell,first_shell,1,0,1,0,both_states,2.462,0
153,151,,first_shell,first_shell,1,0,1,0,both_states,2.355,0
154,152,,second_shell,second_shell,0,1,0,1,neither,1.744,0
155,153,,second_shell,first_shell,0,1,1,0,active_only,2.029,0
156,154,,first_shell,first_shell,1,0,1,0,both_states,2.313,0
157,155,,first_shell,first_shell,1,0,1,0,both_states,2.26,0
158,156,,second_shell,first_shell,0,1,1,0,active_only,1.759,0
159,157,,first_shell,first_shell,1,0,1,0,both_states,1.813,0
160,158,,second_shell,first_shell,0,1,1,0,active_only,2.271,0
161,159,,none,first_shell,0,0,1,0,active_only,1.805,0
162,160,,first_shell,first_shell,1,0,1,0,both_states,1.471,0
163,161,,none,first_shell,0,0,1,0,active_only,1.604,0
164,162,,none,first_shell,0,0,1,0,active_only,1.546,0
165,163,,none,first_shell,0,0,1,0,active_only,1.216,0
166,164,,second_shell,first_shell,0,1,1,0,active_only,1.077,0
167,165,,first_shell,first_shell,1,0,1,0,both_states,1.115,0
168,166,,second_shell,first_shell,0,1,1,0,active_only,0.998,0
169,167,,none,first_shell,0,0,1,0,active_only,1.095,0
170,168,,second_shell,first_shell,0,1,1,0,active_only,1.02,0
171,169,,first_shell,first_shell,1,0,1,0,both_states,1.312,0
172,170,,first_shell,first_shell,1,0,1,0,both_states,1.728,0
173,171,,first_shell,first_shell,1,0,1,0,both_states,2.312,0
174,172,,first_shell,first_shell,1,0,1,0,both_states,2.262,0
175,173,,first_shell,first_shell,1,0,1,0,both_states,2.984,1
176,174,,first_shell,first_shell,1,0,1,0,both_states,2.784,1
177,175,,second_shell,first_shell,0,1,1,0,active_only,1.894,0
178,176,,none,first_shell,0,0,1,0,active_only,2.737,1
179,177,,none,first_shell,0,0,1,0,active_only,3.165,1
180,178,,none,first_shell,0,0,1,0,active_only,2.262,0
181,179,,first_shell,first_shell,1,0,1,0,both_states,1.161,0
182,180,,first_shell,first_shell,1,0,1,0,both_states,1.436,0
183,181,,first_shell,first_shell,1,0,1,0,both_states,2.539,1
184,182,,first_shell,first_shell,1,0,1,0,both_states,2.258,0
185,183,,none,first_shell,0,0,1,0,active_only,1.401,0
186,184,,second_shell,first_shell,0,1,1,0,active_only,1.749,0
187,185,,first_shell,first_shell,1,0,1,0,both_states,1.9,0
188,186,,none,first_shell,0,0,1,0,active_only,1.347,0
189,187,,first_shell,first_shell,1,0,1,0,both_states,0.961,0
190,188,,first_shell,first_shell,1,0,1,0,both_states,1.432,0
191,189,,first_shell,second_shell,1,0,0,1,inactive_only,1.305,0
192,190,,none,none,0,0,0,0,neither,0.775,0
193,191,,first_shell,first_shell,1,0,1,0,both_states,0.805,0
194,192,,first_shell,first_shell,1,0,1,0,both_states,0.937,0
195,193,,none,none,0,0,0,0,neither,0.736,0
196,194,,none,first_shell,0,0,1,0,active_only,0.382,0
197,195,,none,second_shell,0,0,0,1,neither,0.681,0
198,196,,none,none,0,0,0,0,neither,0.555,0
199,197,,none,none,0,0,0,0,neither,0.842,0
200,198,,none,none,0,0,0,0,neither,1.106,0
201,199,,none,none,0,0,0,0,neither,0.889,0
202,200,,none,none,0,0,0,0,neither,0.436,0
203,201,,none,none,0,0,0,0,neither,0.248,0
204,202,,none,none,0,0,0,0,neither,0.861,0
205,203,,none,none,0,0,0,0,neither,1.068,0
206,204,,first_shell,first_shell,1,0,1,0,both_states,0.908,0
207,205,,first_shell,first_shell,1,0,1,0,both_states,0.418,0
208,206,,first_shell,first_shell,1,0,1,0,both_states,0.449,0
209,207,,first_shell,first_shell,1,0,1,0,both_states,0.912,0
210,208,,second_shell,first_shell,0,1,1,0,active_only,1.2,0
211,209,,second_shell,none,0,1,0,0,neither,0.925,0
212,210,,none,none,0,0,0,0,neither,2.22,0
213,211,,none,none,0,0,0,0,neither,3.279,1
214,212,,none,none,0,0,0,0,neither,3.826,1
215,213,,none,none,0,0,0,0,neither,2.037,0
216,214,,none,none,0,0,0,0,neither,1.883,0
217,215,,none,first_shell,0,0,1,0,active_only,1.479,0
218,216,,none,first_shell,0,0,1,0,active_only,1.658,0
219,217,,none,first_shell,0,0,1,0,active_only,1.086,0
220,218,,none,none,0,0,0,0,neither,1.117,0
221,219,,second_shell,first_shell,0,1,1,0,active_only,1.299,0
222,220,,first_shell,first_shell,1,0,1,0,both_states,2.066,0
223,221,,first_shell,first_shell,1,0,1,0,both_states,2.309,0
224,222,,first_shell,first_shell,1,0,1,0,both_states,4.393,1
225,223,,first_shell,first_shell,1,0,1,0,both_states,4.349,1
226,224,,first_shell,first_shell,1,0,1,0,both_states,3.156,1
227,225,,first_shell,first_shell,1,0,1,0,both_states,2.514,1
228,226,,first_shell,first_shell,1,0,1,0,both_states,2.526,1
229,227,,second_shell,none,0,1,0,0,neither,2.255,0
230,228,,none,second_shell,0,0,0,1,neither,1.855,0
231,229,,first_shell,first_shell,1,0,1,0,both_states,1.337,0
232,230,,second_shell,first_shell,0,1,1,0,active_only,0.928,0
233,231,,none,none,0,0,0,0,neither,1.273,0
234,232,,second_shell,first_shell,0,1,1,0,active_only,0.607,0
235,233,,first_shell,first_shell,1,0,1,0,both_states,0.638,0
236,234,,second_shell,second_shell,0,1,0,1,neither,1.104,0
237,235,,none,none,0,0,0,0,neither,1.086,0
238,236,,first_shell,first_shell,1,0,1,0,both_states,1.024,0
239,237,,first_shell,first_shell,1,0,1,0,both_states,1.488,0
240,238,,none,none,0,0,0,0,neither,1.83,0
241,239,,none,none,0,0,0,0,neither,1.87,0
242,240,,first_shell,first_shell,1,0,1,0,both_states,1.753,0
243,241,,second_shell,first_shell,0,1,1,0,active_only,1.637,0
244,242,,none,first_shell,0,0,1,0,active_only,1.51,0
245,243,,none,first_shell,0,0,1,0,active_only,2.184,0
246,244,,none,second_shell,0,0,0,1,neither,2.363,0
247,245,,none,second_shell,0,0,0,1,neither,1.629,0
248,246,,none,none,0,0,0,0,neither,1.836,0
249,247,,none,first_shell,0,0,1,0,active_only,2.372,0
250,248,,none,first_shell,0,0,1,0,active_only,2.361,0
251,249,,none,none,0,0,0,0,neither,2.731,1
252,250,,none,none,0,0,0,0,neither,2.439,0
253,251,,none,none,0,0,0,0,neither,1.782,0
254,252,,none,first_shell,0,0,1,0,active_only,3.287,1
255,253,,none,second_shell,0,0,0,1,neither,3.712,1
256,254,,none,first_shell,0,0,1,0,active_only,2.757,1
257,255,,second_shell,first_shell,0,1,1,0,active_only,2.702,1
258,256,,none,none,0,0,0,0,neither,4.021,1
259,257,,none,first_shell,0,0,1,0,active_only,4.0,1
260,258,,first_shell,first_shell,1,0,1,0,both_states,3.186,1
261,259,,first_shell,first_shell,1,0,1,0,both_states,3.248,1
262,260,,none,none,0,0,0,0,neither,3.925,1
263,261,,first_shell,second_shell,1,0,0,1,inactive_only,4.858,1
264,262,,second_shell,first_shell,0,1,1,0,active_only,4.021,1
265,263,,none,first_shell,0,0,1,0,active_only,3.697,1
266,264,,none,first_shell,0,0,1,0,active_only,,
267,265,,none,first_shell,0,0,1,0,active_only,,
268,266,,none,first_shell,0,0,1,0,active_only,,
269,267,,none,first_shell,0,0,1,0,active_only,,
270,268,,none,second_shell,0,0,0,1,neither,,
271,269,,none,second_shell,0,0,0,1,neither,,
272,270,,first_shell,first_shell,1,0,1,0,both_states,8.67,1
273,271,,first_shell,first_shell,1,0,1,0,both_states,8.031,1
274,272,,second_shell,first_shell,0,1,1,0,active_only,12.295,1
275,273,,second_shell,second_shell,0,1,0,1,neither,8.705,1
276,274,,none,first_shell,0,0,1,0,active_only,8.477,1
277,275,,first_shell,second_shell,1,0,0,1,inactive_only,9.293,1
278,276,,first_shell,second_shell,1,0,0,1,inactive_only,7.985,1
279,277,,first_shell,none,1,0,0,0,inactive_only,5.97,1
280,278,,first_shell,first_shell,1,0,1,0,both_states,6.886,1
281,279,,first_shell,none,1,0,0,0,inactive_only,7.174,1
282,280,,first_shell,none,1,0,0,0,inactive_only,5.283,1
283,281,,first_shell,none,1,0,0,0,inactive_only,4.371,1
284,282,,none,none,0,0,0,0,neither,5.737,1
285,283,,none,none,0,0,0,0,neither,4.976,1
286,284,,second_shell,second_shell,0,1,0,1,neither,2.317,0
287,285,,first_shell,first_shell,1,0,1,0,both_states,2.589,1
288,286,,second_shell,second_shell,0,1,0,1,neither,3.173,1
289,287,,second_shell,none,0,1,0,0,neither,2.154,0
290,288,,first_shell,first_shell,1,0,1,0,both_states,0.64,0
291,289,,first_shell,first_shell,1,0,1,0,both_states,1.605,0
292,290,,second_shell,first_shell,0,1,1,0,active_only,1.359,0
293,291,,second_shell,first_shell,0,1,1,0,active_only,0.703,0
294,292,,none,first_shell,0,0,1,0,active_only,0.387,0
295,293,,first_shell,first_shell,1,0,1,0,both_states,0.352,0
296,294,,first_shell,first_shell,1,0,1,0,both_states,0.37,0
297,295,,first_shell,first_shell,1,0,1,0,both_states,0.866,0
298,296,,first_shell,first_shell,1,0,1,0,both_states,0.889,0
299,297,,first_shell,first_shell,1,0,1,0,both_states,0.674,0
300,298,,first_shell,first_shell,1,0,1,0,both_states,0.822,0
301,299,,first_shell,first_shell,1,0,1,0,both_states,1.063,0
302,300,,first_shell,first_shell,1,0,1,0,both_states,0.876,0
303,301,,first_shell,first_shell,1,0,1,0,both_states,0.821,0
304,302,,first_shell,first_shell,1,0,1,0,both_states,1.139,0
305,303,,first_shell,first_shell,1,0,1,0,both_states,1.194,0
306,304,,first_shell,first_shell,1,0,1,0,both_states,0.61,0
307,305,,first_shell,first_shell,1,0,1,0,both_states,0.949,0
308,306,,first_shell,first_shell,1,0,1,0,both_states,1.423,0
309,307,,first_shell,none,1,0,0,0,inactive_only,1.914,0
310,308,,first_shell,first_shell,1,0,1,0,both_states,1.479,0
311,309,,first_shell,first_shell,1,0,1,0,both_states,2.586,1
312,310,,first_shell,none,1,0,0,0,inactive_only,2.656,1
313,311,,first_shell,none,1,0,0,0,inactive_only,2.141,0
314,312,,none,none,0,0,0,0,neither,1.719,0
315,313,,first_shell,first_shell,1,0,1,0,both_states,1.491,0
316,314,,first_shell,second_shell,1,0,0,1,inactive_only,1.47,0
317,315,,none,first_shell,0,0,1,0,active_only,1.487,0
318,316,,none,none,0,0,0,0,neither,1.673,0
319,317,,first_shell,first_shell,1,0,1,0,both_states,1.412,0
320,318,,first_shell,first_shell,1,0,1,0,both_states,1.329,0
321,319,,none,first_shell,0,0,1,0,active_only,1.409,0
322,320,,none,second_shell,0,0,0,1,neither,1.307,0
323,321,,second_shell,first_shell,0,1,1,0,active_only,0.768,0
324,322,,first_shell,first_shell,1,0,1,0,both_states,0.898,0
325,323,,none,second_shell,0,0,0,1,neither,1.512,0
326,324,,second_shell,first_shell,0,1,1,0,active_only,1.38,0
327,325,,first_shell,first_shell,1,0,1,0,both_states,1.418,0
328,326,,first_shell,first_shell,1,0,1,0,both_states,1.68,0
329,327,,second_shell,second_shell,0,1,0,1,neither,1.995,0
330,328,,first_shell,first_shell,1,0,1,0,both_states,2.084,0
331,329,,first_shell,first_shell,1,0,1,0,both_states,1.731,0
332,330,,none,first_shell,0,0,1,0,active_only,1.748,0
333,331,,none,second_shell,0,0,0,1,neither,2.492,0
334,332,,first_shell,first_shell,1,0,1,0,both_states,2.551,1
335,333,,second_shell,first_shell,0,1,1,0,active_only,2.261,0
336,334,,none,second_shell,0,0,0,1,neither,3.675,1
337,335,,second_shell,first_shell,0,1,1,0,active_only,3.896,1
338,336,,first_shell,first_shell,1,0,1,0,both_states,4.888,1
339,337,,none,first_shell,0,0,1,0,active_only,6.773,1
340,338,,first_shell,none,1,0,0,0,inactive_only,6.106,1
341,339,,first_shell,none,1,0,0,0,inactive_only,3.1,1
342,340,,first_shell,first_shell,1,0,1,0,both_states,3.748,1
343,341,,first_shell,first_shell,1,0,1,0,both_states,5.417,1
344,342,,first_shell,first_shell,1,0,1,0,both_states,4.554,1
345,343,,second_shell,second_shell,0,1,0,1,neither,3.984,1
346,344,,second_shell,none,0,1,0,0,neither,4.643,1
347,345,,none,first_shell,0,0,1,0,active_only,4.61,1
348,346,,none,none,0,0,0,0,neither,4.228,1
349,347,,none,none,0,0,0,0,neither,4.163,1
350,,,none,none,0,0,0,0,neither,,
351,,,none,none,0,0,0,0,neither,,
352,,,none,none,0,0,0,0,neither,,
