,EC50,Emax,both,neither
2.0,0.0,0.0,0.0,1.0
3.0,0.0,0.0,0.0,1.0
4.0,0.0,0.0,0.0,1.0
5.0,0.0,0.0,0.0,1.0
6.0,0.0,0.0,0.0,1.0
7.0,0.0,0.0,0.0,1.0
8.0,0.0,0.0,0.0,1.0
9.0,0.0,0.0,0.0,1.0
10.0,0.0,0.0,0.0,1.0
11.0,0.0,0.0,0.0,1.0
12.0,0.0,0.0,0.0,1.0
13.0,0.0,0.0,0.0,1.0
14.0,0.0,0.0,0.0,1.0
15.0,0.0,0.0,0.0,1.0
16.0,0.0,0.0,0.0,1.0
17.0,0.0,0.0,0.0,1.0
18.0,0.0,0.0,0.0,1.0
19.0,0.0,0.0,0.0,1.0
20.0,0.0,0.0,0.0,1.0
21.0,0.0,0.0,0.0,1.0
22.0,0.0,0.0,0.0,1.0
23.0,0.0,0.0,0.0,1.0
24.0,0.0,0.0,0.0,1.0
25.0,0.0,0.0,0.0,1.0
26.0,0.0,0.0,0.0,1.0
27.0,0.0,0.0,0.0,1.0
28.0,0.0,0.0,0.0,1.0
29.0,0.0,0.0,0.0,1.0
30.0,0.0,0.0,0.0,1.0
31.0,0.0,0.0,0.0,1.0
32.0,0.0,0.0,0.0,1.0
33.0,0.0,0.0,0.0,1.0
34.0,0.0,0.0,0.0,1.0
35.0,0.0,0.0,0.0,1.0
36.0,0.0,0.0,0.0,1.0
37.0,0.0,0.0,0.0,1.0
38.0,0.0033333333333333335,0.0,0.0,0.9966666666666667
39.0,0.0,0.0,0.0,1.0
40.0,0.0,0.0,0.0,1.0
41.0,0.0,0.0,0.0,1.0
42.0,0.0,0.0,0.0,1.0
43.0,0.0,0.0,0.0,1.0
44.0,0.0,0.0,0.0,1.0
45.0,0.0,0.0,0.0,1.0
46.0,0.0,0.0,0.0,1.0
47.0,0.0,0.0,0.0,1.0
48.0,0.0,0.0,0.0,1.0
49.0,0.0,0.0,0.0,1.0
50.0,0.0,0.0,0.0,1.0
51.0,0.0,0.0,0.0,1.0
52.0,0.006666666666666667,0.0,0.0,0.9933333333333333
53.0,0.0,0.0,0.0,1.0
54.0,0.0033333333333333335,0.0,0.0,0.9966666666666667
55.0,0.04,0.0,0.0,0.96
56.0,0.0,0.0,0.0,1.0
57.0,0.0,0.0,0.0,1.0
58.0,0.0,0.0,0.0,1.0
59.0,0.0,0.0,0.0,1.0
60.0,0.0,0.0,0.0,1.0
61.0,0.0,0.0,0.0,1.0
62.0,0.0,0.0,0.0,1.0
63.0,0.0,0.0,0.0,1.0
64.0,0.0,0.0,0.0,1.0
65.0,0.0,0.0,0.0,1.0
66.0,0.013333333333333334,0.0,0.0,0.9866666666666667
67.0,0.0,0.0,0.0,1.0
68.0,0.0,0.0,0.0,1.0
69.0,0.0,0.0,0.0,1.0
70.0,0.0,0.0,0.0,1.0
71.0,0.03666666666666667,0.0,0.0,0.9633333333333334
72.0,0.04666666666666667,0.0,0.0,0.9533333333333334
73.0,0.7066666666666667,0.0,0.29333333333333333,0.0
74.0,0.7466666666666667,0.0,0.0,0.25333333333333335
75.0,0.18666666666666668,0.11666666666666667,0.023333333333333334,0.6733333333333333
76.0,0.17333333333333334,0.0,0.8266666666666667,0.0
77.0,0.0,0.0,1.0,0.0
78.0,0.07,0.0,0.0,0.93
79.0,0.66,0.0,0.0033333333333333335,0.33666666666666667
80.0,0.0,0.36,0.64,0.0
81.0,0.2,0.02666666666666667,0.006666666666666667,0.7666666666666667
82.0,0.13,0.38666666666666666,0.25,0.23333333333333334
83.0,0.5566666666666666,0.04666666666666667,0.2966666666666667,0.1
84.0,0.0,0.11,0.89,0.0
85.0,0.03666666666666667,0.5933333333333334,0.07,0.3
86.0,0.8,0.0033333333333333335,0.06,0.13666666666666666
87.0,0.0033333333333333335,0.69,0.006666666666666667,0.3
88.0,0.0,0.7433333333333333,0.25666666666666665,0.0
89.0,0.09333333333333334,0.11333333333333333,0.006666666666666667,0.7866666666666666
90.0,0.0,0.93,0.006666666666666667,0.06333333333333334
91.0,0.0,0.5766666666666667,0.42333333333333334,0.0
92.0,0.0,0.8533333333333334,0.14666666666666667,0.0
93.0,0.24333333333333335,0.22333333333333333,0.4533333333333333,0.08
94.0,0.0,0.47333333333333333,0.0,0.5266666666666666
95.0,0.0,0.7666666666666667,0.22666666666666666,0.006666666666666667
96.0,0.7,0.0,0.0,0.3
97.0,0.5166666666666667,0.0,0.0,0.48333333333333334
98.0,0.023333333333333334,0.006666666666666667,0.0,0.97
99.0,0.26,0.006666666666666667,0.0,0.7333333333333333
100.0,0.0,0.056666666666666664,0.9433333333333334,0.0
101.0,0.0,0.0,0.0,1.0
102.0,0.02,0.0,0.0,0.98
103.0,0.33,0.17666666666666667,0.29333333333333333,0.2
104.0,0.0,1.0,0.0,0.0
105.0,0.006666666666666667,0.5666666666666667,0.41,0.016666666666666666
106.0,0.0,1.0,0.0,0.0
107.0,0.16,0.0,0.0,0.84
108.0,0.0,0.62,0.38,0.0
109.0,0.0,1.0,0.0,0.0
110.0,0.0,0.0,1.0,0.0
111.0,0.0,0.26,0.74,0.0
112.0,0.0,0.11333333333333333,0.8866666666666667,0.0
113.0,0.0,0.06,0.94,0.0
114.0,0.05,0.11666666666666667,0.8333333333333334,0.0
115.0,0.0,0.16666666666666666,0.8333333333333334,0.0
116.0,0.0,0.2866666666666667,0.7133333333333334,0.0
117.0,0.1,0.4866666666666667,0.18333333333333332,0.23
118.0,0.0,0.5866666666666667,0.41,0.0033333333333333335
119.0,0.65,0.013333333333333334,0.04,0.2966666666666667
120.0,0.006666666666666667,0.7666666666666667,0.016666666666666666,0.21
121.0,0.043333333333333335,0.22,0.72,0.016666666666666666
122.0,0.5633333333333334,0.0,0.43666666666666665,0.0
123.0,0.0,0.11666666666666667,0.8833333333333333,0.0
124.0,0.0033333333333333335,0.47333333333333333,0.01,0.5133333333333333
125.0,0.03666666666666667,0.0033333333333333335,0.96,0.0
126.0,0.9,0.0,0.0,0.1
127.0,0.6366666666666667,0.0,0.0,0.36333333333333334
128.0,0.5233333333333333,0.016666666666666666,0.4266666666666667,0.03333333333333333
129.0,0.3,0.0,0.0,0.7
130.0,0.016666666666666666,0.0,0.0,0.9833333333333333
131.0,0.20666666666666667,0.02,0.006666666666666667,0.7666666666666667
132.0,0.7633333333333333,0.0,0.0,0.23666666666666666
133.0,0.0,0.0,0.0,1.0
134.0,0.0,0.0,0.0,1.0
135.0,0.03333333333333333,0.0,0.9666666666666667,0.0
136.0,0.58,0.0,0.0,0.42
137.0,0.49666666666666665,0.023333333333333334,0.44666666666666666,0.03333333333333333
138.0,0.63,0.03,0.16666666666666666,0.17333333333333334
139.0,0.0,0.0,0.0,1.0
140.0,0.013333333333333334,0.0,0.0,0.9866666666666667
141.0,0.0033333333333333335,0.5966666666666667,0.0033333333333333335,0.39666666666666667
143.0,0.0,0.006666666666666667,0.9933333333333333,0.0
144.0,0.0,0.5333333333333333,0.0,0.4666666666666667
145.0,0.056666666666666664,0.056666666666666664,0.01,0.8766666666666667
146.0,0.0,0.01,0.0,0.99
147.0,0.02666666666666667,0.6466666666666666,0.05333333333333334,0.2733333333333333
148.0,0.0,0.5233333333333333,0.0,0.4766666666666667
149.0,0.0,0.02,0.98,0.0
150.0,0.01,0.006666666666666667,0.9833333333333333,0.0
151.0,0.0,0.8233333333333334,0.0,0.17666666666666667
152.0,0.0,1.0,0.0,0.0
153.0,0.0,0.38333333333333336,0.6166666666666667,0.0
154.0,0.0,0.03333333333333333,0.9666666666666667,0.0
155.0,0.14333333333333334,0.35,0.09,0.4166666666666667
156.0,0.0,0.49666666666666665,0.5033333333333333,0.0
157.0,0.0,0.8833333333333333,0.11666666666666667,0.0
158.0,0.0033333333333333335,0.5866666666666667,0.0,0.41
159.0,0.0,0.7466666666666667,0.01,0.24333333333333335
160.0,0.0033333333333333335,0.5866666666666667,0.4066666666666667,0.0033333333333333335
161.0,0.0,0.4633333333333333,0.5366666666666666,0.0
162.0,0.03,0.2866666666666667,0.0033333333333333335,0.68
163.0,0.0,0.5433333333333333,0.45666666666666667,0.0
164.0,0.0,1.0,0.0,0.0
165.0,0.01,0.01,0.98,0.0
166.0,0.0,0.1,0.9,0.0
167.0,0.0,1.0,0.0,0.0
168.0,0.0,0.03333333333333333,0.9666666666666667,0.0
169.0,0.0,0.3233333333333333,0.6766666666666666,0.0
170.0,0.0,0.98,0.02,0.0
171.0,0.0,0.08666666666666667,0.9133333333333333,0.0
172.0,0.04,0.19333333333333333,0.76,0.006666666666666667
173.0,0.37333333333333335,0.0033333333333333335,0.6233333333333333,0.0
174.0,0.0,0.0,1.0,0.0
175.0,0.81,0.0,0.19,0.0
176.0,0.33,0.0,0.0,0.67
177.0,0.0,0.02666666666666667,0.9733333333333334,0.0
178.0,0.7166666666666667,0.0,0.2833333333333333,0.0
179.0,0.30333333333333334,0.0,0.0,0.6966666666666667
180.0,0.08666666666666667,0.13666666666666666,0.74,0.03666666666666667
182.0,0.9966666666666667,0.0,0.0,0.0033333333333333335
183.0,0.76,0.013333333333333334,0.11,0.11666666666666667
184.0,0.13,0.0033333333333333335,0.0,0.8666666666666667
185.0,0.27666666666666667,0.10666666666666667,0.5633333333333334,0.05333333333333334
186.0,0.0,0.04666666666666667,0.9533333333333334,0.0
187.0,0.48333333333333334,0.0,0.5133333333333333,0.0033333333333333335
188.0,0.2633333333333333,0.03333333333333333,0.016666666666666666,0.6866666666666666
189.0,0.016666666666666666,0.0,0.9833333333333333,0.0
190.0,0.0,0.02,0.98,0.0
191.0,0.016666666666666666,0.10666666666666667,0.0033333333333333335,0.8733333333333333
192.0,0.09,0.12333333333333334,0.7766666666666666,0.01
193.0,0.5233333333333333,0.0,0.4766666666666667,0.0
194.0,0.0,0.4266666666666667,0.5733333333333334,0.0
195.0,0.0,0.09666666666666666,0.9033333333333333,0.0
196.0,0.0,0.92,0.06666666666666667,0.013333333333333334
197.0,0.0,0.59,0.41,0.0
198.0,0.0,0.0033333333333333335,0.9966666666666667,0.0
199.0,0.6266666666666667,0.0,0.36666666666666664,0.006666666666666667
200.0,0.0,0.4066666666666667,0.5933333333333334,0.0
201.0,0.0,0.0033333333333333335,0.9966666666666667,0.0
202.0,0.0,0.15,0.85,0.0
203.0,0.0,0.04,0.96,0.0
204.0,0.62,0.013333333333333334,0.3333333333333333,0.03333333333333333
205.0,0.16333333333333333,0.3466666666666667,0.28,0.21
206.0,0.08,0.013333333333333334,0.0,0.9066666666666666
207.0,0.0,0.0,0.0,1.0
208.0,0.016666666666666666,0.0,0.9833333333333333,0.0
209.0,0.6533333333333333,0.0,0.006666666666666667,0.34
210.0,0.09666666666666666,0.34,0.05333333333333334,0.51
211.0,0.08,0.0,0.0,0.92
212.0,0.04666666666666667,0.0,0.0,0.9533333333333334
213.0,0.15666666666666668,0.0,0.0,0.8433333333333334
214.0,0.0,0.0,0.0,1.0
215.0,0.08666666666666667,0.0,0.0,0.9133333333333333
216.0,0.0,0.0,0.0,1.0
217.0,0.9966666666666667,0.0,0.0,0.0033333333333333335
218.0,0.03666666666666667,0.0,0.0,0.9633333333333334
220.0,0.03,0.0,0.0,0.97
221.0,0.9966666666666667,0.0,0.0033333333333333335,0.0
222.0,0.006666666666666667,0.0,0.0,0.9933333333333333
223.0,0.11,0.0,0.0,0.89
224.0,0.03333333333333333,0.0,0.0,0.9666666666666667
225.0,0.0,0.0,0.0,1.0
226.0,0.7966666666666666,0.0,0.0,0.20333333333333334
227.0,0.0,0.0,0.0,1.0
228.0,0.0,0.0,0.0,1.0
229.0,0.25,0.0,0.0,0.75
230.0,0.0,0.0,0.0,1.0
231.0,0.2733333333333333,0.0,0.0,0.7266666666666667
232.0,0.0,0.0,0.0,1.0
233.0,0.32,0.0,0.0,0.68
234.0,0.8066666666666666,0.0,0.0,0.19333333333333333
235.0,0.5933333333333334,0.0,0.0,0.4066666666666667
236.0,0.43333333333333335,0.0,0.0033333333333333335,0.5633333333333334
237.0,0.7733333333333333,0.0033333333333333335,0.19,0.03333333333333333
238.0,0.0033333333333333335,0.11666666666666667,0.88,0.0
239.0,0.7066666666666667,0.0,0.29333333333333333,0.0
240.0,0.13333333333333333,0.016666666666666666,0.85,0.0
241.0,0.0,0.02,0.98,0.0
242.0,0.0,0.77,0.23,0.0
243.0,0.0,0.07666666666666666,0.9233333333333333,0.0
244.0,0.43666666666666665,0.0,0.5633333333333334,0.0
245.0,0.0033333333333333335,0.91,0.023333333333333334,0.06333333333333334
247.0,0.0,0.97,0.02666666666666667,0.0033333333333333335
248.0,0.13333333333333333,0.44333333333333336,0.30333333333333334,0.12
249.0,0.0,0.38,0.62,0.0
250.0,0.0,0.006666666666666667,0.9933333333333333,0.0
251.0,0.0,0.13333333333333333,0.8666666666666667,0.0
252.0,0.8466666666666667,0.0,0.14,0.013333333333333334
253.0,0.0,0.056666666666666664,0.9433333333333334,0.0
254.0,0.0,0.0,1.0,0.0
255.0,0.22333333333333333,0.11333333333333333,0.03333333333333333,0.63
256.0,0.33,0.06333333333333334,0.07,0.5366666666666666
257.0,0.0,0.8433333333333334,0.15666666666666668,0.0
258.0,0.0,0.0,1.0,0.0
259.0,0.0,0.0,0.0,1.0
260.0,0.0,0.013333333333333334,0.9866666666666667,0.0
261.0,0.0,0.57,0.43,0.0
262.0,0.0,0.89,0.06666666666666667,0.043333333333333335
263.0,0.15,0.0,0.0,0.85
264.0,0.16333333333333333,0.0,0.0,0.8366666666666667
265.0,0.27666666666666667,0.0,0.0,0.7233333333333334
266.0,0.03,0.0,0.0,0.97
267.0,0.3466666666666667,0.0,0.0,0.6533333333333333
268.0,0.9666666666666667,0.0,0.0,0.03333333333333333
269.0,0.043333333333333335,0.0,0.0,0.9566666666666667
270.0,0.8366666666666667,0.0,0.0,0.16333333333333333
271.0,0.67,0.0,0.0,0.33
272.0,0.0,0.0,0.0,1.0
273.0,0.8933333333333333,0.0,0.10666666666666667,0.0
274.0,0.0,0.0,0.0,1.0
275.0,0.9533333333333334,0.0,0.0,0.04666666666666667
276.0,0.0,0.0,0.0,1.0
277.0,0.49666666666666665,0.09333333333333334,0.33666666666666667,0.07333333333333333
278.0,0.3,0.06666666666666667,0.62,0.013333333333333334
279.0,0.8,0.0,0.2,0.0
280.0,0.0,0.0033333333333333335,0.9966666666666667,0.0
281.0,0.06666666666666667,0.36333333333333334,0.51,0.06
282.0,0.9766666666666667,0.0,0.0,0.023333333333333334
283.0,0.0,0.0033333333333333335,0.0,0.9966666666666667
284.0,0.07666666666666666,0.25666666666666665,0.6333333333333333,0.03333333333333333
285.0,0.45666666666666667,0.0,0.0,0.5433333333333333
286.0,0.5566666666666666,0.013333333333333334,0.01,0.42
287.0,0.18666666666666668,0.2,0.06333333333333334,0.55
288.0,0.16666666666666666,0.31333333333333335,0.39666666666666667,0.12333333333333334
289.0,0.9033333333333333,0.0,0.023333333333333334,0.07333333333333333
290.0,0.35,0.07666666666666666,0.5066666666666667,0.06666666666666667
291.0,0.0,0.0,1.0,0.0
292.0,0.06333333333333334,0.03,0.9066666666666666,0.0
293.0,0.2,0.0,0.8,0.0
294.0,0.0,0.04,0.96,0.0
295.0,0.26,0.0,0.74,0.0
296.0,0.04666666666666667,0.11666666666666667,0.8366666666666667,0.0
298.0,0.0,0.0,1.0,0.0
299.0,0.0,0.0,1.0,0.0
300.0,0.006666666666666667,0.31,0.68,0.0033333333333333335
301.0,0.36333333333333334,0.0,0.6366666666666667,0.0
302.0,1.0,0.0,0.0,0.0
303.0,0.24333333333333335,0.03666666666666667,0.69,0.03
304.0,0.6333333333333333,0.0,0.36666666666666664,0.0
305.0,1.0,0.0,0.0,0.0
306.0,0.0033333333333333335,0.0,0.0,0.9966666666666667
307.0,0.0033333333333333335,0.0,0.0,0.9966666666666667
308.0,0.04666666666666667,0.0,0.0,0.9533333333333334
309.0,0.0,0.0,0.0,1.0
310.0,0.4066666666666667,0.0,0.0,0.5933333333333334
311.0,0.9966666666666667,0.0,0.0033333333333333335,0.0
312.0,0.6033333333333334,0.0,0.0,0.39666666666666667
313.0,0.9266666666666666,0.0,0.0,0.07333333333333333
314.0,0.01,0.0,0.0,0.99
315.0,0.48333333333333334,0.0,0.0,0.5166666666666667
316.0,0.0,0.0,0.0,1.0
317.0,0.85,0.0,0.0,0.15
318.0,0.9933333333333333,0.0,0.0033333333333333335,0.0033333333333333335
319.0,0.08,0.0033333333333333335,0.0,0.9166666666666666
320.0,0.9,0.0,0.1,0.0
321.0,0.0,0.0,1.0,0.0
322.0,0.18,0.26,0.43,0.13
323.0,0.05,0.02,0.9266666666666666,0.0033333333333333335
324.0,0.9733333333333334,0.0,0.02666666666666667,0.0
325.0,0.0,0.21666666666666667,0.7833333333333333,0.0
326.0,0.0,0.0,1.0,0.0
327.0,0.0,0.013333333333333334,0.9866666666666667,0.0
328.0,0.2,0.0,0.8,0.0
329.0,0.043333333333333335,0.25,0.69,0.016666666666666666
330.0,0.013333333333333334,0.6733333333333333,0.26,0.05333333333333334
331.0,0.0,0.6366666666666667,0.36333333333333334,0.0
332.0,0.0,0.09,0.91,0.0
333.0,0.0,0.05333333333333334,0.9466666666666667,0.0
334.0,0.0,0.0033333333333333335,0.9966666666666667,0.0
335.0,0.0,0.20333333333333334,0.7966666666666666,0.0
336.0,0.02666666666666667,0.68,0.24333333333333335,0.05
337.0,0.0,0.44,0.56,0.0
338.0,0.0,0.49333333333333335,0.5066666666666667,0.0
339.0,0.09,0.05,0.86,0.0
340.0,0.02,0.64,0.09666666666666666,0.24333333333333335
341.0,0.0,0.4533333333333333,0.0,0.5466666666666666
342.0,0.0,0.01,0.99,0.0
343.0,0.0,0.0,0.0,1.0
344.0,0.0,0.043333333333333335,0.9566666666666667,0.0
345.0,0.006666666666666667,0.03333333333333333,0.96,0.0
346.0,0.87,0.0,0.13,0.0
347.0,0.41,0.08333333333333333,0.43333333333333335,0.07333333333333333
348.0,0.0,0.023333333333333334,0.0,0.9766666666666667
349.0,0.03,0.16,0.8033333333333333,0.006666666666666667
350.0,0.016666666666666666,0.0,0.0,0.9833333333333333
351.0,0.0,0.0,0.0,1.0
352.0,0.0,0.0,0.0,1.0
353.0,0.0,0.0,0.0,1.0
354.0,0.0,0.0,0.0,1.0
355.0,0.0,0.0,0.0,1.0
356.0,0.0,0.0,0.0,1.0
357.0,0.0,0.0,0.0,1.0
358.0,0.0,0.0,0.0,1.0
359.0,0.0,0.0,0.0,1.0
360.0,0.0,0.0,0.0,1.0
361.0,0.0,0.0,0.0,1.0
362.0,0.0,0.0,0.0,1.0
363.0,0.0,0.0,0.0,1.0
364.0,0.0,0.0,0.0,1.0
365.0,0.0,0.0,0.0,1.0
366.0,0.0,0.0,0.0,1.0
367.0,0.0,0.0,0.0,1.0
368.0,0.0,0.0,0.0,1.0
369.0,0.0,0.0,0.0,1.0
370.0,0.0,0.0,0.0,1.0
371.0,0.0,0.0,0.0,1.0
372.0,0.0,0.0,0.0,1.0
373.0,0.0,0.0,0.0,1.0
374.0,0.0,0.0,0.0,1.0
375.0,0.0,0.0,0.0,1.0
376.0,0.0,0.0,0.0,1.0
377.0,0.0,0.0,0.0,1.0
378.0,0.0,0.0,0.0,1.0
379.0,0.0,0.0,0.0,1.0
380.0,0.0,0.0,0.0,1.0
381.0,0.0,0.0,0.0,1.0
382.0,0.0,0.0,0.0,1.0
383.0,0.0,0.0,0.0,1.0
384.0,0.0,0.0,0.0,1.0
385.0,0.0,0.0,0.0,1.0
386.0,0.0,0.0,0.0,1.0
387.0,0.0,0.0,0.0,1.0
388.0,0.0,0.0,0.0,1.0
389.0,0.0,0.0,0.0,1.0
390.0,0.0,0.0,0.0,1.0
391.0,0.0,0.0,0.0,1.0
392.0,0.0,0.0,0.0,1.0
393.0,0.0,0.0,0.0,1.0
394.0,0.0,0.0,0.0,1.0
395.0,0.0,0.0,0.0,1.0
396.0,0.0,0.0,0.0,1.0
397.0,0.006666666666666667,0.0,0.0,0.9933333333333333
398.0,0.0,0.0,0.0,1.0
399.0,0.0,0.0,0.0,1.0
400.0,0.0,0.0,0.0,1.0
