position,ec50,act,dec50,eloss,wt,motif,dist,lof_ec50,lof_emax,cls,resid
2.0,-8.13091634920464,1.05947895262639,0.022823551048313462,-0.059478952626389914,D,,,False,False,neither,-0.15307364628636067
3.0,-8.182974281431965,1.1402035102945092,-0.02923438117901256,-0.14020351029450917,S,,,False,False,neither,-0.12601829043565324
4.0,-8.216561889999278,1.1626135653380725,-0.06282198974632536,-0.16261356533807247,S,,,False,False,neither,-0.1376431507176794
5.0,-8.093066052402667,1.0812820274370938,0.06067384785028551,-0.08128202743709378,A,,,False,False,neither,-0.0938554660507287
6.0,-8.07288599707634,1.0973117603150666,0.08085390317661378,-0.09731176031506661,A,,,False,False,neither,-0.05796563278789241
7.0,-8.03530575303133,1.181814497830492,0.11843414722162215,-0.18181449783049208,P,,,False,False,neither,0.062430666365467874
8.0,-8.127408624243277,1.1565990486966946,0.02633127600967633,-0.1565990486966946,T,,,False,False,neither,-0.054384351298126576
9.0,-8.10941139903195,1.1421298518345888,0.044328501221002625,-0.14212985183458882,N,,,False,False,neither,-0.05056751644973978
10.0,-8.114485500088218,1.124001496988642,0.039254400164734804,-0.12400149698864205,A,,,False,False,neither,-0.0734081287231339
11.0,-8.140964017679963,1.0891601975274863,0.012775882572990227,-0.08916019752748627,S,,,False,False,neither,-0.13403251023668283
12.0,-8.084687325669417,1.1575785815579962,0.06905257458353553,-0.1575785815579962,N,,,False,False,neither,-0.010703071428901811
13.0,-8.330238147352098,1.1660184292264728,-0.1764982470991452,-0.1660184292264728,C,,,False,False,neither,-0.24798250557823706
14.0,-8.1444628798547,1.1411669107622335,0.009277020398252844,-0.14116691076223353,T,,,False,False,neither,-0.08656271795254106
15.0,-8.108617201343492,1.1506969653554648,0.04512269890946108,-0.15069696535546484,D,,,False,False,neither,-0.04137720561364677
16.0,-8.256039504294463,1.1157522414488608,-0.1022996040415105,-0.11575224144886076,A,,,False,False,neither,-0.22304673257043456
17.0,-8.008755876481905,1.1461743562009854,0.14498402377104824,-0.1461743562009854,L,,,False,False,neither,0.05405178178783698
18.0,-8.014451657523905,1.173430989392333,0.13928824272904805,-0.17343098939233292,A,,,False,False,neither,0.07506858903365074
19.0,-8.159066865700881,1.143552277871006,-0.005326965447927989,-0.1435522778710061,Y,,,False,False,neither,-0.09882894883666876
20.0,-8.093351878132212,1.154155680971508,0.06038802212074046,-0.1541556809715079,S,,,False,False,neither,-0.02272220306789552
21.0,-8.142758255109298,1.1420625415484786,0.010981645143655072,-0.14206254154847864,S,,,False,False,neither,-0.08398033929370055
22.0,-7.936395704546667,1.1697050013447898,0.2173441957062856,-0.16970500134478983,C,,,False,False,neither,0.14947292502721293
23.0,-8.044369512089553,1.1259785409159964,0.10937038816340028,-0.12597854091599636,S,,,False,False,neither,-0.001354558775605294
24.0,-8.09765510680301,1.1587399829025369,0.05608479344994244,-0.15873998290253688,P,,,False,False,neither,-0.022532632895530397
25.0,-8.225519176826246,1.1405586272127857,-0.07177927657329342,-0.14055862721278567,A,,,False,False,neither,-0.1682151570779836
26.0,-8.246837496406565,1.0864850071147145,-0.09309759615361202,-0.08648500711471452,P,,,False,False,neither,-0.24252778232955322
27.0,-8.060453393439229,1.1082392118835263,0.0932865068137243,-0.10823921188352625,S,,,False,False,neither,-0.03482369051992151
28.0,-8.145580413910206,1.1935999771983494,0.008159486342746547,-0.19359997719834943,P,,,False,False,neither,-0.03629375439688309
29.0,-8.029840802413867,1.122752905528668,0.12389909783908593,-0.12275290552866802,G,,,False,False,neither,0.010012899491536692
30.0,-8.066353019391437,1.1849524383262808,0.08738688086151569,-0.18495243832628083,S,,,False,False,neither,0.03445870692046027
31.0,-8.088695504549012,1.1245630014244272,0.06504439570394105,-0.12456300142442722,W,,,False,False,neither,-0.0470678364282861
32.0,-8.12852809045468,1.1522998540307932,0.02521180979827342,-0.15229985403079316,V,,,False,False,neither,-0.05971719985477994
33.0,-8.121767605836423,1.1750134391477445,0.031972294416529934,-0.17501343914774448,N,,,False,False,neither,-0.030696495366009657
34.0,-8.092106406621413,1.1297809618501593,0.06163349363153969,-0.1297809618501593,L,,,False,False,neither,-0.0453649290446122
35.0,-8.080340170137251,1.1695828915054356,0.07339973011570144,-0.1695828915054356,S,,,False,False,neither,0.0054087869208906125
36.0,-8.03405379569294,1.1520054949313276,0.11968610456001372,-0.15200549493132764,H,,,False,False,neither,0.0344686112421734
37.0,-8.074978056393494,1.0875060314862264,0.07876184385945884,-0.08750603148622638,L,,,False,False,neither,-0.06966769768526362
38.0,-7.952271310605631,1.1009508627701354,0.20146858964732228,-0.10095086277013543,D,,,False,False,neither,0.06621551931842823
39.0,-8.081145794938399,1.1441483856338508,0.07259410531455401,-0.1441483856338508,G,,,False,False,neither,-0.020323668677074025
40.0,-8.084983950202744,1.0754265257408941,0.06875595005020863,-0.07542652574089415,N,,,False,False,neither,-0.09151198919499631
41.0,-8.205460507137476,1.1285245472822167,-0.051720606884522624,-0.12852454728221674,L,,,False,False,neither,-0.15995036597836956
42.0,-7.994733229647681,1.128181915962423,0.15900667060527152,-0.1281819159624229,S,,,False,False,neither,0.050441119144263524
43.0,-8.014729561231661,1.161833632206871,0.13901033902129178,-0.16183363220687097,D,,,False,False,neither,0.06342481245571516
44.0,-8.133200512275462,1.0897006045600346,0.02053938797749133,-0.08970060456003459,P,,,False,False,neither,-0.12573938437366944
45.0,-7.944562808149022,1.060658328891682,0.2091770921039311,-0.06065832889168199,C,,,False,False,neither,0.03443573057590266
46.0,-8.135530562597648,1.1690762500505094,0.01820933765530519,-0.1690762500505094,G,,,False,False,neither,-0.05027813438442838
47.0,-8.119160441889449,1.0965061484113092,0.0345794583635044,-0.09650614841130922,P,,,False,False,neither,-0.10502960941712003
48.0,-8.062687870844846,1.0808410025418442,0.09105202940810742,-0.08084100254184423,N,,,False,False,neither,-0.06390950649071456
49.0,-8.123582759943103,1.125574136772126,0.03015714030984995,-0.12557413677212592,R,,,False,False,neither,-0.08096413882914745
50.0,-8.018923032706729,1.045004027377362,0.13481686754622402,-0.04500402737736198,T,,,False,False,neither,-0.05526633419918231
51.0,-8.160829175054124,1.0665225202866533,-0.007089274801170831,-0.06652252028665329,D,,,False,False,neither,-0.176083494733423
52.0,-8.000483218338557,1.07621254716663,0.1532566819143959,-0.07621254716662995,L,,,False,False,neither,-0.006240924964970612
53.0,-8.049322002188056,1.1090711847430164,0.10441789806489687,-0.10907118474301636,G,,,False,False,neither,-0.02287693266399715
54.0,-7.998858324431473,1.0997635148280438,0.15488157582147988,-0.0997635148280438,G,,,False,False,neither,0.018464857124542128
55.0,-7.894535669892019,1.1505784938713575,0.2592042303609343,-0.15057849387135747,R,,,False,False,neither,0.17258821905543006
56.0,-8.142041817423783,1.0788517751341429,0.011698082829170176,-0.07885177513414288,D,,,False,False,neither,-0.1452129753154745
57.0,-8.027793649149151,1.0889127234991358,0.12594625110380164,-0.08891272349913582,S,,,False,False,neither,-0.02110467612987177
58.0,-8.10240987973932,1.0963123956716616,0.051330020513633556,-0.09631239567166161,L,,,False,False,neither,-0.08846893268414818
59.0,-7.964910676340316,1.103756559571537,0.188829223912637,-0.10375655957153707,C,,,False,False,neither,0.05632584841912969
60.0,-8.142573157871078,1.100973657745003,0.011166742381874428,-0.10097365774500311,P,,,False,False,neither,-0.12406398796194529
61.0,-8.207200654766993,1.0967382959536949,-0.053460754514039976,-0.09673829595369487,P,,,False,False,neither,-0.19284230843856043
62.0,-8.048519164035513,1.0903298269434678,0.10522073621743999,-0.0903298269434678,T,,,False,False,neither,-0.04044137308688989
63.0,-8.131760057750487,1.1738014762638038,0.021979842502465985,-0.17380147626380382,G,,,False,False,neither,-0.04187671927346476
64.0,-8.099202612853533,1.0712866523318116,0.054537287399419654,-0.07128665233181164,S,,,False,False,neither,-0.10978789300114539
65.0,-8.110491323290429,1.127880529328769,0.043248576962524155,-0.12788052932876903,P,,,False,False,neither,-0.06561234542723088
66.0,-7.948557888996982,1.1190999072215704,0.20518201125597102,-0.11909990722157038,S,,23.059,False,False,neither,0.08771572878326442
67.0,-7.992173001864999,1.1314708996763356,0.1615668983879539,-0.13147089967633563,M,,24.298,False,False,neither,0.05622468222365329
68.0,-8.00688510381873,1.1986786629558541,0.14685479643422283,-0.19867866295585412,I,,23.407,False,False,neither,0.10737887041761898
69.0,-7.962506385553137,1.1122117436404078,0.19123351469981564,-0.11221174364040776,T,,17.464,False,False,neither,0.06701655702408649
70.0,-8.335725922235136,1.1006030938864295,-0.1819860219821834,-0.10060309388642952,A,,18.883,False,False,neither,-0.3175799196959027
71.0,-7.95632885839678,1.0118588119215577,0.19741104185617253,-0.011858811921557688,I,,21.632,False,False,neither,-0.025155793798312925
72.0,-8.064975494679839,1.0733804302506986,0.08876440557311405,-0.07338043025069863,T,,18.386,False,False,neither,-0.07350878890825469
73.0,-7.238336346001538,0.8672449439370395,0.915403554251415,0.13275505606296045,I,,12.965,True,False,EC50,0.5511093567081911
74.0,-7.737553773705426,1.0299277406459775,0.41618612654752685,-0.029927740645977474,M,,15.647,True,False,EC50,0.211327562139488
75.0,-7.930780294744556,0.8911262559305572,0.22295960550839666,0.10887374406944283,A,,19.328,False,False,neither,-0.11792995322352401
76.0,-7.362871298166545,0.8189825332145445,0.790868602086408,0.1810174667854555,L,,13.251,True,True,both,0.37927531597429054
77.0,-7.148139249534306,0.5940454187200105,1.0056006507186472,0.4059545812799895,Y,,8.044,True,True,both,0.37356001559026286
78.0,-7.943477090734794,1.1034723884160644,0.21026280951815934,-0.10347238841606443,S,,17.297,False,False,neither,0.0774809349515595
79.0,-7.750176864589487,0.9494846962005153,0.4035630356634661,0.05051530379948466,I,,17.091,True,False,EC50,0.11986707737025404
80.0,-7.747215498068843,0.7499144305698756,0.4065244021841101,0.2500855694301244,V,,10.505,True,True,both,-0.07275838089615061
81.0,-7.898923587708416,0.9242910709820225,0.25481631254453685,0.07570892901797754,C,,13.169,False,False,neither,-0.05357040389237444
82.0,-7.865594763630607,0.8202114073351535,0.28814513662234553,0.17978859266484648,V,,17.799,False,True,Emax,-0.12224380380955047
83.0,-7.595928971730795,0.8639049221537125,0.5578109285221577,0.1360950778462875,V,,16.395,True,False,EC50,0.19024337633736832
84.0,-7.463864359894318,0.3367231035533531,0.689875540358635,0.6632768964466469,G,,13.626,True,True,both,-0.19435123287634637
85.0,-7.9759589286315435,0.8192456266251673,0.17778097162140938,0.1807543733748327,L,,14.285,False,True,Emax,-0.23355447244874095
86.0,-7.591387071422424,0.9279617310960286,0.5623528288305293,0.07203826890397136,F,,19.45,True,False,EC50,0.2575635057943948
87.0,-8.200313259476802,0.8262558576318904,-0.04657335922384931,0.17374414236810964,G,,17.7,False,True,Emax,-0.45103849714244953
88.0,-8.113381319354989,0.2320169131786135,0.04035858089796385,0.7679830868213865,N,,12.905,False,True,Emax,-0.9464844375288034
89.0,-8.020025877845356,0.965777057013228,0.133714022407597,0.034222942986771976,F,,17.051,False,False,neither,-0.1340147720920815
90.0,-8.081629102327014,0.7161406384462367,0.072110797925939,0.28385936155376335,L,,21.982,False,True,Emax,-0.44027164928317597
91.0,-7.847502655353582,0.4366560780547186,0.3062372448993713,0.5633439219452814,V,,19.948,False,True,Emax,-0.480051225189681
92.0,-7.995371421731397,0.5735017559922586,0.158368478521556,0.4264982440077414,M,,18.117,False,True,Emax,-0.49380576593845893
93.0,-7.71225850237636,0.8273690723125442,0.4414813978765926,0.1726309276874558,Y,,24.724,True,True,both,0.03810725477130983
94.0,-8.113841631629326,0.84960904346009,0.03989826862362733,0.15039095653990997,V,,25.768,False,True,Emax,-0.34167981520219015
95.0,-7.899893560375582,0.7405061528663711,0.25384633987737093,0.2594938471336289,I,,22.079,False,True,Emax,-0.23465693081876
96.0,-7.710252240043774,1.0689795025812383,0.44348766020917907,-0.0689795025812383,V,,24.945,True,False,EC50,0.2769013809791019
97.0,-7.799882272125746,0.9636087406734253,0.3538576281272068,0.03639125932657472,R,,29.768,False,False,neither,0.08400379708114819
98.0,-8.02123161880024,0.9519988100108514,0.1325082814527132,0.048001189989148596,Y,,30.211,False,False,neither,-0.14872374497287794
99.0,-7.870725954948737,0.9810286288579333,0.28301394530421575,0.018971371142066706,T,,28.14,False,False,neither,0.030232299873518997
100.0,-7.588540552686673,0.7160396734353341,0.5651993475662795,0.28396032656466585,K,,31.037,True,True,both,0.05271795061715889
101.0,-8.117927171283236,0.8988975274742451,0.035812728969716545,0.10110247252575488,M,,24.512,False,False,neither,-0.29746067351275074
102.0,-7.973294294856859,0.9726429108023528,0.1804456053960939,0.027357089197647233,K,,32.054,False,False,neither,-0.08055437838710044
103.0,-7.753783122722083,0.8538193620805443,0.39995677753087033,0.14618063791945568,T,,29.494,True,False,EC50,0.022504973978891507
104.0,-8.098799413959783,0.7579121344718737,0.0549404862931695,0.24208786552812633,A,,27.214,False,True,Emax,-0.41650422779001
105.0,-7.813729088961271,0.7816141165556932,0.3400108112916822,0.21838588344430676,T,,24.608,False,True,Emax,-0.10820501444841313
106.0,-8.195976939455004,0.7349864166760854,-0.04223703920205146,0.26501358332391456,N,,25.698,False,True,Emax,-0.5361498716468158
107.0,-7.919846120346163,1.055634439175628,0.23389377990678994,-0.05563443917562805,I,,23.296,False,False,neither,0.05422880596316307
108.0,-7.854026828136878,0.6297750884502566,0.29971307211607456,0.37022491154974335,Y,,20.64,False,True,Emax,-0.29731106077363223
109.0,-8.319137138591838,0.7018936270207907,-0.1653972383388851,0.2981063729792093,I,,20.351,False,True,Emax,-0.6917423253160154
110.0,-7.382322167421552,0.6797215947439106,0.7714177328314014,0.3202784052560894,F,,21.0,True,True,both,0.22334316937936893
111.0,-7.628768174547327,0.6594066804227866,0.5249717257056261,0.3405933195772134,N,,17.649,True,True,both,-0.04301226451062856
112.0,-7.495699898751989,0.5760837625373624,0.6580400015009635,0.4239162374626376,L,,14.71,True,True,both,0.008396226498111448
113.0,-7.485517370927477,0.3352622581134814,0.668222529325476,0.6647377418865186,A,,16.917,True,True,both,-0.21743593074013756
114.0,-7.474313730738416,0.670012645289777,0.6794261695145369,0.329987354710223,L,,16.107,True,True,both,0.12183644813178118
115.0,-7.5726646388285,0.6316928884264887,0.581075261424453,0.36830711157351126,A,,11.609,True,True,both,-0.014069350952803705
116.0,-7.623532871094576,0.35464965151548256,0.5302070291583769,0.6453503484845174,D,Na+,9.906,True,True,both,-0.3364510116593473
117.0,-7.888114804974443,0.7975214099182394,0.2656250952785095,0.2024785900817606,A,,14.008,False,True,Emax,-0.16700094813652366
118.0,-7.835268771714342,0.6121202495987119,0.3184711285386106,0.3878797504012881,L,,11.688,False,True,Emax,-0.2958554509965875
119.0,-7.721130128926338,0.9724766936629765,0.43260977132661527,0.02752330633702349,A,,6.779,True,False,EC50,0.17144688811342285
120.0,-8.093590662060839,0.7798767526234615,0.06014923819211404,0.22012324737653854,T,,9.751,False,True,Emax,-0.3897692735364524
121.0,-7.704848112072166,0.7031858168456763,0.448891788180787,0.29681418315432373,S,,12.364,True,True,both,-0.07618690119912186
122.0,-7.3516141498321375,0.8551281114691464,0.8021257504208155,0.14487188853085364,T,,7.516,True,False,EC50,0.4259565734993609
123.0,-7.460655601413622,0.562759982201366,0.6930842988393309,0.437240017798634,L,,8.152,True,True,both,0.030382687380517526
124.0,-8.070841577925654,0.8464933204568723,0.08289832232729921,0.1535066795431277,P,,12.574,False,True,Emax,-0.3017332943842397
125.0,-7.193899615855984,0.6755700069798759,0.9598402843969689,0.3244299930201241,F,,12.538,True,True,both,0.40769699925422564
126.0,-7.63341242793333,1.0222929697277685,0.5203274723196225,-0.022292969727768508,Q,,5.917,True,False,EC50,0.3079865277225795
127.0,-7.7406417638342875,1.011399485270362,0.41309813641866544,-0.011399485270362053,S,,13.113,True,False,EC50,0.19008114231515688
128.0,-7.524760361946174,0.8606601737676153,0.6289795383067789,0.13933982623238472,V,,16.339,True,False,EC50,0.2582320032118889
129.0,-7.82391273509031,1.0789768627002507,0.32982716516264254,-0.07897686270025073,N,,10.791,False,False,neither,0.17303869782478998
130.0,-8.078913926463493,1.078844559199471,0.07482597378946032,-0.07884455919947109,Y,,12.324,False,False,neither,-0.0820921562591369
131.0,-7.867717356532269,0.9268047354344764,0.2860225437206836,0.07319526456552361,L,,17.363,False,False,neither,-0.019900681237264295
132.0,-7.728454887704244,0.9731974378609944,0.4252850125487093,0.02680256213900556,M,,18.443,True,False,EC50,0.16482848741310208
133.0,-8.010121191394704,0.9841337906946656,0.14361870885824857,0.015866209305334444,G,,15.952,False,False,neither,-0.10611975405135854
134.0,-8.055030621104367,1.0443491617468246,0.0987092791485864,-0.04434916174682457,T,,17.928,False,False,neither,-0.09201571704918607
135.0,-7.025659601151578,0.7080866925306567,1.1280802991013745,0.2919133074693433,W,,12.699,True,True,both,0.6078046634773565
136.0,-7.783549776755716,1.076044482144351,0.37019012349723734,-0.07604448214435111,P,,17.925,True,False,EC50,0.21052780618888278
137.0,-7.530806495221959,0.8548815614629881,0.6229334050309943,0.1451184385370119,F,,16.308,True,False,EC50,0.24652259926416364
138.0,-7.720970991646935,0.8881909982641611,0.43276890860601824,0.11180900173583885,G,,16.746,True,False,EC50,0.08900268022048913
139.0,-8.165778888888799,1.2243493911178003,-0.012038988635845627,-0.22434939111780028,T,,17.902,False,False,neither,-0.026356576583896646
140.0,-7.962831708892024,1.1012924338873986,0.19090819136092918,-0.10129243388739861,I,,19.023,False,False,neither,0.05598987435840547
141.0,-8.278131067473048,0.8266064423944484,-0.1243911672200948,0.17339355760555164,L,,16.053,False,True,Emax,-0.5285127180802184
143.0,-7.45328888090045,0.5804612418174872,0.7004510193525029,0.41953875818251285,K,,14.135,True,True,both,0.055097348741030006
144.0,-8.092895791694797,0.8336397648344862,0.060844108558155696,0.1663602351655138,I,,14.282,False,True,Emax,-0.3363845056242341
145.0,-8.06007609371076,0.9242828464130636,0.09366380654219242,0.07571715358693643,V,,9.726,False,False,neither,-0.2147309703005254
146.0,-8.202026300244533,1.0086216434802489,-0.04828639999158035,-0.008621643480248853,I,,7.051,False,False,neither,-0.27402578990777254
147.0,-8.054905976405864,0.8093311801761706,0.09883392384708856,0.19066881982382944,S,,10.671,False,True,Emax,-0.3222180734097445
148.0,-8.509929750796932,0.8499219196526328,-0.3561898505439789,0.15007808034736725,I,,9.996,False,False,neither,-0.7374613032148118
149.0,-7.128577418846405,0.4039142853960033,1.0251624814065483,0.5960857146039966,D,Na+,3.536,True,True,both,0.2067857478493993
150.0,-7.338189826075952,0.6511769731027192,0.8155500741770005,0.34882302689728084,Y,,2.834,True,True,both,0.23950064235514235
151.0,-8.377098992461688,0.8216652453833846,-0.22335909220873518,0.1783347546166154,Y,,9.445,False,True,Emax,-0.6323232133334585
152.0,-8.438465244638342,0.7107664296756501,-0.28472534438538943,0.28923357032434993,N,,8.216,False,True,Emax,-0.8023747306641107
153.0,-7.662841457127066,0.5834278168775336,0.4908984431258867,0.41657218312246636,M,,3.682,True,True,both,-0.15154786553638278
154.0,-7.48982428330113,0.5933456885700445,0.6639156169518232,0.40665431142995545,F,,7.186,True,True,both,0.031189218351575176
155.0,-7.961072466286864,0.8568017569056271,0.19266743396608899,0.1431982430943729,T,,11.116,False,False,neither,-0.18186150363561415
156.0,-7.8004703513306355,0.5859503427000764,0.35326954892231743,0.4140496572999236,S,,9.069,False,True,Emax,-0.28670458376466124
157.0,-7.9735802645506375,0.5199909072814259,0.1801596357023154,0.48000909271857406,I,PIF,7.606,False,True,Emax,-0.524457376010323
158.0,-8.040417686910795,0.8284509792345877,0.1133222133421583,0.17154902076541234,F,,12.814,False,True,Emax,-0.2889916178026782
159.0,-8.153484353846407,0.7787983819472614,0.00025554640654590344,0.22120161805273864,T,,14.298,False,True,Emax,-0.4507198116204155
160.0,-7.889764022899208,0.5972549541719394,0.2639758773537446,0.4027450458280606,L,,11.954,False,True,Emax,-0.36491928494530534
161.0,-7.749586014246373,0.5450055803329249,0.4041538860065801,0.4549944196670751,C,,14.901,True,True,both,-0.2759477478276532
162.0,-8.004153263203472,0.894639239218064,0.14958663704948094,0.10536076078193601,T,,18.171,False,False,neither,-0.187860057864214
163.0,-7.804583758955533,0.5467156778937478,0.3491561412974198,0.45328432210625225,M,,18.458,False,True,Emax,-0.3292695286804721
164.0,-8.329361810092603,0.2885055537661843,-0.17562190983965031,0.7114944462338157,S,,19.86,False,True,Emax,-1.1071038061365912
165.0,-7.410456205645679,0.5653112885599897,0.7432836946072738,0.4346887114400103,V,,18.622,True,True,both,0.08308246519768703
166.0,-7.383114132034346,0.4782379419724499,0.7706257682186068,0.5217620580275502,D,DRY,23.916,True,True,both,0.025089184221886218
167.0,-8.799760247125592,0.03973998766385127,-0.6460203468726391,0.9602600123361488,R,DRY,22.326,False,True,Emax,-1.8213024257095887
168.0,-7.173631346063536,0.37963807589851717,0.9801085541894166,0.6203619241014828,Y,DRY,19.11,True,True,both,0.1379401665074681
169.0,-7.6814390584728525,0.5840779591404578,0.47230084178010046,0.4159220408595422,I,,18.919,True,True,both,-0.16950830151856455
170.0,-8.372529628262887,0.2667340021687261,-0.21878972800993424,0.7332659978312739,A,,26.474,False,True,Emax,-1.1716086137335227
171.0,-7.4795822593488746,0.30975827100664544,0.6741576409040784,0.6902417289933546,V,,26.915,True,True,both,-0.23649574434176224
172.0,-7.6989762600640494,0.7499572076893538,0.4547636401889035,0.2500427923106462,C,,22.791,True,True,both,-0.024477219607115352
173.0,-7.358205660651198,0.8065327155074168,0.7955342396017553,0.1934672844925832,H,,18.912,True,True,both,0.371739635288151
174.0,-7.065379941732992,0.5015289352484135,1.0883599585199608,0.49847106475158653,P,,25.3,True,True,both,0.36564947743284537
175.0,-7.526463505128694,0.8945848669246956,0.6272763951242588,0.10541513307530437,V,,24.571,True,False,EC50,0.28977641319316827
176.0,-7.83858498176539,1.0865436318692274,0.31515491848756305,-0.08654363186922742,K,,17.733,False,False,neither,0.16578218691064675
177.0,-7.466921034936445,0.5928366726245693,0.6868188653165079,0.4071633273754307,A,,24.652,True,True,both,0.053593610775837686
178.0,-7.369678657876142,0.881960833035421,0.7840612423768105,0.11803916696457895,L,,26.568,True,False,EC50,0.43418920343309336
179.0,-7.86074983983558,1.2053070696762669,0.29299006041737297,-0.20530706967626688,D,,21.956,False,False,neither,0.26001023751385544
180.0,-7.657977896783888,0.7574765300127408,0.49576200346906507,0.24252346998725915,F,,19.527,True,True,both,0.02389037963179147
182.0,-7.357984908164219,0.9693195740616457,0.7957549920887343,0.030680425938354294,T,,25.399,True,False,EC50,0.5314980056716103
183.0,-7.710251177147192,0.889399736301365,0.4434887231057605,0.11060026369863496,P,,29.78,True,False,EC50,0.100907106235123
184.0,-7.9523694788569,0.9327570673188496,0.201370421396053,0.06724293268115045,R,,24.021,False,False,neither,-0.09871928076898578
185.0,-7.665393972623611,0.8295611237631623,0.48834592762934204,0.17043887623683773,N,,20.695,True,True,both,0.08712008242626146
186.0,-7.446848720868222,0.4605929228239416,0.7068911793847308,0.5394070771760584,A,,25.325,True,True,both,-0.0559382275566197
187.0,-7.461960882757097,0.8496914091220276,0.6917790174958558,0.15030859087797244,K,,26.149,True,True,both,0.31028165530579377
188.0,-7.9000804469954895,0.951331707609255,0.2536594532574634,0.048668292390744994,I,,20.994,False,False,neither,-0.02822636014447788
189.0,-7.444613048417908,0.684641261978857,0.7091268518350446,0.315358738021143,I,,19.956,True,True,both,0.16587375860780473
190.0,-7.1661494388500415,0.7154583113072585,0.9875904614029114,0.28454168869274155,N,,19.5,True,True,both,0.47453930636722186
191.0,-8.105127005377996,0.9327963281725696,0.04861289487495668,0.06720367182743037,V,,22.584,False,False,neither,-0.25143833008661054
192.0,-7.6504602168196865,0.7635980489812003,0.5032796834332665,0.23640195101879968,C,,19.287,True,True,both,0.03740739248324065
193.0,-7.302039059052552,0.8442662100430757,0.851700841200401,0.15573378995692433,N,,16.946,True,True,both,0.46488656740360856
194.0,-7.755484554729085,0.6338835220684134,0.398255345523868,0.36611647793158664,W,,13.976,True,True,both,-0.1947423584602881
195.0,-7.482237989961895,0.6033065116527414,0.6715019102910578,0.3966934883472586,I,,19.434,True,True,both,0.04853751582932175
196.0,-8.110072926040122,0.6744391028985585,0.04366697421283128,0.32556089710144154,L,,16.502,False,True,Emax,-0.50958464206183
197.0,-7.856519880007435,0.557291424227521,0.2972200202455175,0.442708575772479,S,,12.242,False,True,Emax,-0.3708409962673924
198.0,-7.241731139064933,0.612320079210699,0.9120087611880203,0.387679920789301,S,,15.804,True,True,both,0.2978780226473886
199.0,-7.202948537968075,0.8709565986713693,0.9507913622848783,0.12904340132863068,A,,15.313,True,False,EC50,0.5901347345063654
200.0,-7.74780517501962,0.5938420710702065,0.4059347252333332,0.4061579289297935,I,,8.739,True,True,both,-0.22630519870707633
201.0,-7.374150620070167,0.7002935024838616,0.779589280182786,0.2997064975161384,G,,11.248,True,True,both,0.2516760073015438
202.0,-7.5623433011752335,0.6699843669103666,0.5913965990777195,0.33001563308963344,L,,15.574,True,True,both,0.03377916375460521
203.0,-7.193533798145274,0.570337495508048,0.9602061021076791,0.429662504491952,P,,13.418,True,True,both,0.30493075609353126
204.0,-7.417020778879119,0.8712115483055399,0.7367191213738336,0.12878845169446007,V,,8.056,True,False,EC50,0.376312354411362
205.0,-7.81467281717802,0.8291033750038689,0.3390670830749327,0.17089662499613112,M,,13.386,False,True,Emax,-0.06260737418013618
206.0,-7.963594970319209,0.9133051021129533,0.19014492993374432,0.08669489788704665,F,,16.04,False,False,neither,-0.1290084744239386
207.0,-8.064050095949092,0.9925927906954229,0.08968980430386075,0.007407209304577056,M,,10.564,False,False,neither,-0.15175850102243263
208.0,-7.033940138630082,0.7635957860703284,1.119799761622871,0.2364042139296716,A,,11.456,True,True,both,0.6539252529298822
209.0,-7.699493685397626,0.927264897213313,0.4542462148553268,0.07273510278668704,T,,15.307,True,False,EC50,0.14877396680481852
210.0,-7.920830112761412,0.8591677407546836,0.23290978749154068,0.1408322592453164,T,,15.873,False,False,neither,-0.13930039151618007
211.0,-7.964503779906399,1.0728629875170361,0.18923612034655424,-0.07286298751703613,K,,12.983,False,False,neither,0.026455811336042717
212.0,-7.935314831990812,1.115016622903944,0.2184250682621407,-0.11501662290394399,Y,,20.504,False,False,neither,0.09695700420206378
213.0,-7.89994267931662,0.9906454978506173,0.25379722093633283,0.009354502149382715,R,,14.82,False,False,neither,0.01044049090938301
214.0,-8.1309036147095,1.1006485902861731,0.022836285543453627,-0.10064859028617312,Q,,19.314,False,False,neither,-0.11271302388284235
215.0,-7.904732750579453,1.0174823161771056,0.24900714967350002,-0.017482316177105606,G,,21.272,False,False,neither,0.03195157261279083
216.0,-8.047644795271122,1.057383937243456,0.10609510498183106,-0.05738393724345592,S,,17.517,False,False,neither,-0.07185529103619026
217.0,-7.552532222979739,1.0458129729579262,0.601207677273214,-0.04581297295792619,I,,17.146,True,False,EC50,0.4119172744802373
218.0,-8.034370853964537,1.0805939160702942,0.1193690462884156,-0.0805939160702942,D,,11.053,False,False,neither,-0.035834644213275646
220.0,-8.038069147001618,1.0712727108312061,0.1156707532513348,-0.07127271083120612,T,,8.097,False,False,neither,-0.0486680903762024
221.0,-7.225082171455087,0.9199523875223945,0.9286577287978659,0.0800476124776055,L,,6.479,True,False,EC50,0.6160189294219297
222.0,-7.985204284760393,1.1556653070472702,0.16853561549256035,-0.15566530704727022,T,,13.83,False,False,neither,0.08690488410447156
223.0,-7.904659686906034,1.1397875921442837,0.249080213346919,-0.1397875921442837,F,,8.681,False,False,neither,0.1518886877045565
224.0,-7.896588040004625,1.1820083055810704,0.25715186024832803,-0.1820083055810704,S,,17.215,False,False,neither,0.20133831872223854
225.0,-7.979383180645179,1.1074621940890568,0.17435671960777377,-0.10746219408905677,H,,20.224,False,False,neither,0.045485013826248255
226.0,-7.727669531788065,1.0091406973487465,0.4260703684648881,-0.009140697348746452,P,,18.085,True,False,EC50,0.2008396720542744
227.0,-7.9835145273848065,1.120666806198727,0.17022537286814643,-0.12066680619872705,T,,13.465,False,False,neither,0.05429471392500583
228.0,-8.129997641360442,1.1288722304158212,0.02374225889251136,-0.1288722304158212,W,,14.569,False,False,neither,-0.08414675685503187
229.0,-7.836461303479858,1.164316303806588,0.3172785967730949,-0.16431630380658802,Y,,15.273,False,False,neither,0.2441261874539338
230.0,-8.087224164917151,1.1281878862068317,0.0665157353358019,-0.12818788620683175,W,,12.707,False,False,neither,-0.04204396504742433
231.0,-7.8685784429564825,1.0972084859311118,0.28516145729647047,-0.09720848593111175,E,,8.25,False,False,neither,0.14624070831420463
232.0,-7.995537624978983,1.05656393376976,0.15820227527397002,-0.0565639337697601,N,,9.953,False,False,neither,-0.02055175687304933
233.0,-7.869742139839539,1.0612889587718592,0.2839977604134143,-0.06128895877185925,L,,11.124,False,False,neither,0.10987444133519642
234.0,-7.600010444725577,0.9485336155816467,0.5537294555273755,0.05146638441835327,L,,6.085,True,False,EC50,0.269101400271857
235.0,-7.758744066154982,1.0881724198100011,0.3949958340979709,-0.08817241981000112,K,,4.457,True,False,EC50,0.2472193797048359
236.0,-7.835007585682771,0.9330706766853816,0.31873231457018214,0.06692932331461843,I,,8.993,False,False,neither,0.018949962099896966
237.0,-7.4766731503441815,0.8893710855332697,0.6770667499087715,0.11062891446673029,C,,9.06,True,False,EC50,0.334457054142003
238.0,-7.466196906311737,0.7038393615588151,0.6875429939412161,0.2961606384411849,V,,3.871,True,True,both,0.16310480446190745
239.0,-7.045630997403198,0.8857402368393567,1.1081089028497546,0.11425976316064335,F,,6.314,True,False,EC50,0.7619408304626984
240.0,-7.486602487578573,0.7856763847936048,0.6671374126743803,0.2143236152063952,I,,10.743,True,True,both,0.2229027719248231
241.0,-7.319072304692678,0.6809535466882395,0.8346675955602745,0.3190464533117605,F,,10.43,True,True,both,0.287800394178539
242.0,-7.956288128719761,0.5544524472674286,0.19745177153319204,0.4455475527325714,A,,6.79,False,True,Emax,-0.47339155569876923
243.0,-7.336825942831393,0.5844806932879126,0.8169139574215603,0.41551930671208737,F,,8.121,True,True,both,0.17549950965975347
244.0,-7.177078305526752,0.8361341268091171,0.9766615947262007,0.16386587319088286,I,,11.397,True,True,both,0.5818775548241827
245.0,-8.16631786368235,0.6935889372687456,-0.012577963429396988,0.3064110627312544,M,,14.234,False,True,Emax,-0.5470619777878751
247.0,-8.032906954786162,0.6967085409168495,0.12083294546679113,0.30329145908315047,V,,12.561,False,True,Emax,-0.4105937328191078
248.0,-7.847394297748585,0.8070856745007575,0.3063456025043676,0.19291432549924248,L,,17.263,False,True,Emax,-0.11690707992822291
249.0,-7.680610113554479,0.5766445552943552,0.4731297866984736,0.4233554447056448,I,,17.329,True,True,both,-0.175964389022355
250.0,-7.244356357248507,0.7029268431851732,0.9093835430044459,0.2970731568148268,I,,15.387,True,True,both,0.38405104910209875
251.0,-7.587400670408989,0.6604431683453384,0.5663392298439636,0.33955683165466155,T,,18.243,True,True,both,-0.0006289608439322691
252.0,-7.548073663734267,0.889246641399028,0.6056662365186858,0.11075335860097202,V,,19.671,True,False,EC50,0.2629345805340322
253.0,-7.548866138953806,0.6486472290805749,0.6048737612991468,0.3513527709194251,C,,19.604,True,True,both,0.026345079378323755
254.0,-6.884241153590269,0.5809358656671881,1.2694987466626841,0.41906413433281187,Y,,20.257,True,True,both,0.6246102263652517
255.0,-7.8716175331643266,0.9084627840227736,0.28212236708862637,0.09153721597722642,G,,24.715,False,False,neither,-0.041776702245120645
256.0,-7.8500989950943785,0.8909944697232276,0.30364090515857445,0.1090055302767724,L,,20.437,False,False,neither,-0.037377809315865596
257.0,-8.011330655390982,0.362999534359858,0.14240924486197137,0.637000465640142,M,,26.134,False,True,Emax,-0.7160655775403513
258.0,-7.171934550959296,0.6940144241864986,0.9818053492936567,0.3059855758135014,I,,26.852,True,True,both,0.4477383290949487
259.0,-8.292064607279169,0.9658199435693027,-0.13832470702621613,0.034180056430697325,L,,26.542,False,False,neither,-0.40601147098942075
260.0,-7.080589336619097,0.4410840805027292,1.073150563633856,0.5589159194972708,R,,26.89,True,True,both,0.29120171265699435
261.0,-7.862401369861325,0.35668016009664544,0.29133853039162805,0.6433198399033546,L,,30.375,False,True,Emax,-0.5733295309828282
262.0,-7.964011465777682,0.7709110247994437,0.18972843447527055,0.22908897520055627,K,,32.983,False,True,Emax,-0.2689768483259466
263.0,-7.931354486313203,0.9726236848734605,0.2223854139397501,0.027376315126539486,S,,30.575,False,False,neither,-0.03863341202102888
264.0,-7.925644765260749,0.9711426970677228,0.2280951349922038,0.028857302932277173,V,,31.755,False,False,neither,-0.034375118121599435
265.0,-7.853812986159401,0.9395966479491596,0.2999269140935521,0.06040335205084035,R,,37.082,False,False,neither,0.006540273900847382
266.0,-7.989750235555029,1.080091850504737,0.1639896646979242,-0.080091850504737,M,,36.447,False,False,neither,0.008293929905506842
267.0,-7.834368817777259,0.9625868423765453,0.3193710824756941,0.03741315762345465,L,,34.553,False,False,neither,0.048515750316679374
268.0,-7.63066641342334,1.0586618824572724,0.5230734868296132,-0.05866188245727244,S,,38.776,True,False,EC50,0.3463755281214904
269.0,-8.011322215667807,1.0252376308692812,0.14241768458514592,-0.025237630869281213,G,,41.962,False,False,neither,-0.0670373745773995
270.0,-7.654246571863291,1.0016051010734353,0.4994933283896623,-0.0016051010734352555,S,,43.869,True,False,EC50,0.26687744689795534
271.0,-7.766465939148643,1.0161401895099968,0.38727396110431034,-0.01614018950999685,K,,43.112,True,False,EC50,0.1689030463481167
272.0,-8.114551338857602,1.1073024044528474,0.039188561395350874,-0.10730240445284744,E,,39.591,False,False,neither,-0.08983974460655966
273.0,-7.488962394829662,0.8847968550664236,0.6647775054232907,0.11520314493357642,K,,40.659,True,False,EC50,0.3176848812501913
274.0,-8.208737577970972,1.1440992834294519,-0.05499767771801878,-0.14409928342945189,D,,39.636,False,False,neither,-0.14796357382953315
275.0,-7.662547758641304,1.0194536217859755,0.4911921416116485,-0.01945362178597554,R,,36.877,True,False,EC50,0.2760685227186824
276.0,-8.23280238839327,1.0405322197387001,-0.07906248814031791,-0.04053221973870014,N,,33.744,False,False,neither,-0.2735282398329347
277.0,-7.639876857941963,0.8553353165112714,0.51386304231099,0.14466468348872863,L,,33.877,True,False,EC50,0.13789693459997637
278.0,-7.6163873550040035,0.8325844240328271,0.5373525452489494,0.16741557596717294,R,,33.318,True,True,both,0.13908965496429315
279.0,-7.122662811282449,0.8788168932626895,1.0310770889705037,0.12118310673731048,R,,29.588,True,False,EC50,0.678123863580864
280.0,-7.1317868231464,0.561203730697445,1.021953077106553,0.438796269302555,I,,29.244,True,True,both,0.357726277066865
281.0,-7.778085292397012,0.8192216534513528,0.3756546078559406,0.18077834654864722,T,,29.319,True,True,both,-0.03570433088127167
282.0,-7.584099129517837,1.0651758627776418,0.5696407707351163,-0.06517586277764176,R,,27.319,True,False,EC50,0.39932677270149775
283.0,-8.46023338548876,0.9363340444917876,-0.3064934852358068,0.06366595550821241,M,,22.053,False,False,neither,-0.6030776070210232
284.0,-7.702438222478406,0.7999151610244485,0.45130167777454666,0.20008483897555152,V,,24.055,True,True,both,0.021021605973643775
285.0,-7.802372025624541,0.9892033849381773,0.3513678746284121,0.010796615061822723,L,,24.301,False,False,neither,0.1065978163952927
286.0,-7.781594195072164,0.9163926260735518,0.37214570518078904,0.08360737392644824,V,,20.849,True,False,EC50,0.05601819752169063
287.0,-7.964864311879437,0.8739697994807119,0.1888755883735156,0.12603020051928815,V,,18.231,False,False,neither,-0.16882798236073893
288.0,-7.783722565654872,0.8344150603465131,0.3700173345980806,0.16558493965348686,V,,18.849,True,True,both,-0.026451459041956227
289.0,-7.522437430981234,0.930767878695266,0.6313024692717191,0.069232121304734,A,,19.208,True,False,EC50,0.32926328287084083
290.0,-7.631911568837569,0.8452083905220262,0.5218283314153842,0.15479160947797377,V,,14.625,True,True,both,0.13593743208859088
291.0,-7.0728385571436325,0.4505563476082368,1.0809013431093204,0.5494436523917632,F,PIF,11.224,True,True,both,0.308235691915987
292.0,-7.454452160611869,0.731611130249653,0.6992877396410835,0.26838886975034704,I,,14.497,True,True,both,0.20206699179716553
293.0,-7.186361766614417,0.8046121820239998,0.9673781336385359,0.19538781797600024,V,CWxP,14.813,True,True,both,0.5417013298663511
294.0,-7.348764666858871,0.6478381247079064,0.8049752333940816,0.35216187529209364,C,CWxP,10.656,True,True,both,0.2256535968982296
295.0,-7.078561286743125,0.8003536741105289,1.075178613509828,0.19964632588947107,W,CWxP,4.356,True,True,both,0.6453283020335057
296.0,-7.39515046826765,0.7399337178085649,0.7585894319853033,0.2600662821914351,T,CWxP,10.967,True,True,both,0.2695251520877298
298.0,-6.857143602553746,0.5280044352993837,1.2965962976992067,0.4719955647006163,I,,3.871,True,True,both,0.5998328632488003
299.0,-6.1305468325373305,0.5415382477433206,2.0231930677156225,0.4584617522566794,H,,4.147,True,True,both,1.3396933095689403
300.0,-7.696857112154918,0.6838380141916458,0.45688278809803506,0.3161619858083542,I,,10.016,True,True,both,-0.08715752001676047
301.0,-7.078081583247925,0.8251670564002417,1.0756583170050282,0.17483294359975832,Y,,7.775,True,True,both,0.6701261104274299
302.0,-6.863253881621505,1.0061191104246894,1.290486018631448,-0.006119110424689378,V,,4.006,True,False,EC50,1.0622940464494817
303.0,-7.615405133784473,0.8292342357098359,0.5383347664684797,0.1707657642901641,I,,7.302,True,True,both,0.13678855792765987
304.0,-7.464716680647279,0.8610553096027886,0.6890232196056738,0.13894469039721136,I,,11.938,True,False,EC50,0.318662933398372
305.0,-7.5973111066979,0.9883918523444745,0.5564287935550531,0.011608147655525536,K,,6.917,True,False,EC50,0.3108634009933855
306.0,-7.989162875870934,1.0604088688116131,0.1645770243820186,-0.060408868811613115,A,,8.523,False,False,neither,-0.010408817979953772
307.0,-8.040865898499897,1.1030579021710505,0.11287400175305606,-0.10305790217105049,L,,12.393,False,False,neither,-0.02031408587501371
308.0,-7.910709659430938,1.1542251628383138,0.24303024082201485,-0.15422516283831378,V,,15.367,False,False,neither,0.15998811063573756
309.0,-7.9233620006001875,1.138979272020661,0.23037789965276545,-0.13897927202066107,T,,14.822,False,False,neither,0.13239418803073688
310.0,-7.83318806530454,1.0393827074209352,0.32055183494841266,-0.03938270742093519,I,,12.283,False,False,neither,0.12495951530954
311.0,-7.225633782526477,0.9499834936463885,0.9281061177264762,0.050016506353611545,P,,17.653,True,False,EC50,0.6448990008362755
312.0,-7.775988796284978,1.0830853995155278,0.3777511039679746,-0.08308539951552785,E,,15.21,True,False,EC50,0.22498916667296914
313.0,-7.682437877904553,1.0648149759090664,0.47130202234840013,-0.06481497590906637,T,,17.704,True,False,EC50,0.3006343407812704
314.0,-7.960602692214678,1.0819095122440006,0.19313720803827472,-0.08190951224400056,T,,18.602,False,False,neither,0.03922285428975214
315.0,-7.794780521210585,1.019751012041642,0.35895937904236774,-0.01975101204164198,F,,16.993,True,False,EC50,0.14412721446823318
316.0,-8.034018218008537,1.1447742035396142,0.11972168224441582,-0.14477420353961423,Q,,10.653,False,False,neither,0.027417234775636068
317.0,-7.661896661952217,1.0938443720757345,0.49184323830073584,-0.09384437207573448,T,,12.587,True,False,EC50,0.3496255234848266
318.0,-7.3618662510834225,0.9272139629233113,0.7918736491695304,0.07278603707668874,V,,14.742,True,False,EC50,0.48635148348213
319.0,-7.9731516029163245,0.9965175919667921,0.1805882973366284,0.0034824080332078733,S,,11.831,False,False,neither,-0.05701354611238313
320.0,-7.1111787703190315,0.8907314163602162,1.0425611299339215,0.10926858363978376,W,,3.542,True,False,EC50,0.7012846126657718
321.0,-6.9282700018069265,0.6089740417761876,1.2254698984460264,0.39102595822381236,H,,8.933,True,True,both,0.6080599096855954
322.0,-7.758170764532434,0.8030080748429432,0.3955691357205193,0.19699192515705677,F,,11.605,True,True,both,-0.031679757105961714
323.0,-7.195979415819593,0.7286753282815179,0.9577604844333596,0.27132467171848207,C,,7.577,True,True,both,0.4576625334984069
324.0,-7.413796758796367,0.977821617810394,0.7399431414565862,0.022178382189605994,I,,4.065,True,False,EC50,0.484018497213601
325.0,-7.503336793397605,0.5482391878874668,0.6504031068553475,0.45176081211253316,A,,10.339,True,True,both,-0.02652946252831878
326.0,-6.7303330578505784,0.4924691058116956,1.4234068424023745,0.5075308941883043,L,,9.753,True,True,both,0.6918173669067462
327.0,-7.1152129169830385,0.6079794640286381,1.0385269832699144,0.3920205359713619,G,,5.762,True,True,both,0.4201422686251821
328.0,-6.966202508165921,0.7953831145177903,1.187537392087032,0.2046168854822097,Y,,4.238,True,True,both,0.7528157338442638
329.0,-7.669308988793885,0.6999623125924104,0.4844309114590679,0.3000376874075896,T,,10.816,True,True,both,-0.04380694073295399
330.0,-7.894586849014585,0.7838499086963776,0.25915305123836774,0.2161500913036224,N,,9.488,False,True,Emax,-0.18687160897765281
331.0,-7.863532870905353,0.7187407369937714,0.29020702934759957,0.2812592630062286,S,,7.382,False,True,Emax,-0.21962721751995273
332.0,-7.552707114658961,0.6153405100442892,0.6010327855939916,0.38465948995571075,C,,11.25,True,True,both,-0.010137810190082419
333.0,-7.460377253494565,0.6218425067064539,0.6933626467583878,0.3781574932935461,L,,14.591,True,True,both,0.08856426718553234
334.0,-7.053218880510467,0.44320806553413333,1.1005210197424855,0.5567919344658667,N,NPxxY,11.227,True,True,both,0.3206537588605951
335.0,-7.655875120611041,0.5250576902460157,0.4978647796419118,0.4749423097539843,P,NPxxY,14.963,True,True,both,-0.20178658255977533
336.0,-7.910011422739071,0.7799700812663283,0.24372847751388171,0.22002991873367173,V,NPxxY,18.793,False,True,Emax,-0.20609856842010693
337.0,-7.7489987732995,0.7387371864530662,0.40474112695345266,0.2612628135469338,L,NPxxY,17.575,True,True,both,-0.08549580142379593
338.0,-7.77160751141648,0.6262292501964151,0.3821323888364727,0.37377074980358493,Y,NPxxY,16.122,True,True,both,-0.21836680704964695
339.0,-7.643194970237476,0.7510157448654211,0.5105449300154765,0.2489842551345789,A,,21.107,True,True,both,0.03234147889620531
340.0,-7.956498907844635,0.8201286312890463,0.19724099240831805,0.17987136871095366,F,,21.341,False,True,Emax,-0.2132290718521973
341.0,-8.342971141337577,0.8497025945422774,-0.18923124108462375,0.15029740545772263,L,,22.99,False,True,Emax,-0.5707176411164522
342.0,-7.277314257380271,0.5018873607939979,0.8764256428726815,0.49811263920600213,D,,25.093,True,True,both,0.15406643312431934
343.0,-8.51266601387169,1.0376677189010137,-0.35892611361873783,-0.037667718901013725,E,,30.478,False,False,neither,-0.5561991904490575
344.0,-7.366354547178483,0.5340400343166535,0.7873853530744697,0.4659599656833465,N,,29.585,True,True,both,0.09653704653024364
345.0,-7.527961075808266,0.7176433563850254,0.6257788244446871,0.2823566436149746,F,,24.528,True,True,both,0.11486910078619472
346.0,-7.463144334960612,0.882437924440008,0.690595565292341,0.11756207555999199,K,,29.23,True,False,EC50,0.34119109496492794
347.0,-7.725314148198987,0.8516463625282434,0.4284257520539656,0.14835363747175656,R,,33.569,True,False,EC50,0.04884432222046042
348.0,-8.220123963387032,0.9069469936009678,-0.06638406313407863,0.09305300639903225,C,,30.949,False,False,neither,-0.39176866757350276
349.0,-7.685083137469138,0.7754400485020363,0.46865676278381496,0.2245599514979637,F,,26.032,True,True,both,0.014390103955844502
350.0,-8.041496034193992,0.9800558456430968,0.11224386605896086,0.01994415435690322,R,,33.969,False,False,neither,-0.1414911457442002
351.0,-8.47253868336029,1.1777642484813509,-0.31879878310733645,-0.17776424848135086,E,,36.221,False,False,neither,-0.37877166996338296
352.0,-8.335983270443798,1.1441773999807168,-0.1822433701908448,-0.14417739998071677,F,,34.357,False,False,neither,-0.2751327089646369
353.0,-8.106261260259284,1.0453188664511008,0.047478639993668637,-0.04531886645110084,C,,,False,False,neither,-0.14229600689484612
354.0,-8.216039978008705,1.188431080411305,-0.062300077755752525,-0.18843108041130496,I,,,False,False,neither,-0.11181904362750722
355.0,-8.225249079864664,1.1828836014150528,-0.0715091796117111,-0.18288360141505278,P,,,False,False,neither,-0.126464896289109
356.0,-8.1853145920141,1.1910310966756184,-0.03157469176114702,-0.19103109667561835,T,,,False,False,neither,-0.0785455379321798
357.0,-8.214824880733758,1.1719940724986175,-0.06108498048080513,-0.17199407249861753,S,,,False,False,neither,-0.1267128700766587
358.0,-8.207679477655056,1.1397142152667212,-0.053939577402102756,-0.13971421526672123,S,,,False,False,neither,-0.15120301531280783
359.0,-8.166884484161281,1.2251451024019278,-0.0131445839083284,-0.22514510240192775,N,,,False,False,neither,-0.026682343042613382
360.0,-8.200724311255266,1.1727010061791425,-0.04698441100231321,-0.17270100617914252,I,,,False,False,neither,-0.11191947737887617
361.0,-8.228928736705441,1.1948997326986845,-0.07518883645248842,-0.19489973269868455,E,,,False,False,neither,-0.11836826493102429
362.0,-8.197757127183953,1.2010607392474038,-0.04401722693100041,-0.20106073924740375,Q,,,False,False,neither,-0.08115862311775984
363.0,-8.195614963050765,1.205527389093608,-0.04187506279781239,-0.20552738909360802,Q,,,False,False,neither,-0.07463896387980745
364.0,-8.202354227857736,1.1592758135187444,-0.048614327604783014,-0.15927581351874442,N,,,False,False,neither,-0.1267066185623936
365.0,-8.067338221150402,1.2214643594412402,0.08640167910255059,-0.2214643594412402,S,,,False,False,neither,0.06925664497535389
366.0,-8.264463818796898,1.1572311833640478,-0.11072391854394503,-0.15723118336404784,T,,,False,False,neither,-0.19082002865045172
367.0,-8.263729391626137,1.1006559822574127,-0.10998949137318448,-0.10065598225741268,R,,,False,False,neither,-0.24553155637266622
368.0,-8.073647758248189,1.2085638439882092,0.080092142004764,-0.20856384398820915,I,,,False,False,neither,0.050304087898606964
369.0,-8.05601330402693,1.157395920517066,0.09772659622602298,-0.15739592051706608,R,,,False,False,neither,0.017791935103820045
370.0,-8.229264134752674,1.1513863857504452,-0.07552423449972068,-0.15138638575044516,Q,,,False,False,neither,-0.16134847952229353
371.0,-8.201642387883226,1.1771892774902013,-0.047902487630272717,-0.1771892774902013,N,,,False,False,neither,-0.10843886900364241
372.0,-8.330826205170009,1.1859131896836879,-0.17708630491705613,-0.18591318968368786,T,,,False,False,neither,-0.2290729041860967
373.0,-8.221004055742837,1.1211865307702595,-0.06726415548988385,-0.12118653077025954,R,,,False,False,neither,-0.1826854636117053
374.0,-8.197473433013359,1.204658059079967,-0.043733532760406035,-0.20465805907996693,D,,,False,False,neither,-0.07734941194907372
375.0,-8.257450150190152,1.1288830864580401,-0.10371024993719935,-0.12888308645804014,H,,,False,False,neither,-0.21158862633012404
376.0,-8.176095626723889,1.146181600673923,-0.022355726470935977,-0.14618160067392294,P,,,False,False,neither,-0.11328086858155534
377.0,-8.038624296626669,1.2501850983432388,0.11511560362628437,-0.25018509834323877,S,,,False,False,neither,0.1261180398130087
378.0,-8.172722295350445,1.1610757644656362,-0.01898239509749189,-0.1610757644656362,T,,,False,False,neither,-0.09531066229453602
379.0,-8.018528116992263,1.234897283050403,0.13521178326069005,-0.23489728305040303,A,,,False,False,neither,0.13123155035285783
380.0,-8.089958681084132,1.1994890759014865,0.06378121916882051,-0.19948907590148646,N,,,False,False,neither,0.025099530180972773
381.0,-8.107866810143346,1.1541193453631533,0.04587309010960716,-0.1541193453631533,T,,,False,False,neither,-0.03727274542530121
382.0,-8.15317699709428,1.213584296129996,0.0005629031586735778,-0.21358429612999608,V,,,False,False,neither,-0.02430490749185374
383.0,-8.197134719835136,1.1732603531334624,-0.04339481958218272,-0.17326035313346244,D,,,False,False,neither,-0.10778170362104106
384.0,-8.288185418127776,1.1224444925644914,-0.1344455178748234,-0.12244449256449141,R,,,False,False,neither,-0.24863397323543943
385.0,-8.289447439821052,1.141448264606097,-0.13570753956809867,-0.14144826460609705,T,,,False,False,neither,-0.23127153992361052
386.0,-8.079874438369185,1.2573146872056393,0.07386546188376819,-0.2573146872056393,N,,,False,False,neither,0.09185517968395118
387.0,-8.296751736935082,1.1112173210830585,-0.14301183668212936,-0.11121732108305848,H,,,False,False,neither,-0.2682033681495702
388.0,-8.068843527287754,1.1333406150113503,0.08489637296519881,-0.1333406150113503,Q,,,False,False,neither,-0.01861344755401112
389.0,-8.173998989573207,1.136556955630917,-0.020259089320253665,-0.13655695563091697,L,,,False,False,neither,-0.12061676767426285
390.0,-8.247537269713769,1.2265674415293808,-0.09379736946081607,-0.2265674415293808,E,,,False,False,neither,-0.10594117948735274
391.0,-8.057094007313326,1.1459804463528336,0.09664589293962678,-0.14598044635283358,N,,,False,False,neither,0.00552361156665418
392.0,-8.124463823185605,1.1174140737310543,0.029276077067347472,-0.11741407373105428,L,,,False,False,neither,-0.08984238950446717
393.0,-8.096587265240457,1.1733479560173337,0.05715263501249623,-0.17334795601733366,E,,,False,False,neither,-0.0071483947041041385
394.0,-8.073396695030965,1.1211696546892345,0.0803432052219879,-0.12116965468923446,A,,,False,False,neither,-0.03509464213273035
395.0,-8.199501656674782,1.1222269932969742,-0.04576175642182889,-0.12222699329697417,E,,,False,False,neither,-0.16016336974459316
396.0,-8.22195268422172,1.1751747773314538,-0.06821278396876629,-0.1751747773314538,T,,,False,False,neither,-0.13072345589257126
397.0,-7.908548718947739,1.1424204870385524,0.24519118130521367,-0.14242048703855237,A,,,False,False,neither,0.15057999773305272
398.0,-8.221216945516558,1.184252593286792,-0.06747704526360465,-0.184252593286792,P,,,False,False,neither,-0.12109109527284112
399.0,-8.201580795192175,1.168480870785198,-0.04784089493922217,-0.1684808707851979,L,,,False,False,neither,-0.11691186241941298
400.0,-8.052595065075911,0.9738971708130716,0.10114483517704187,0.02610282918692841,P,,,False,False,neither,-0.15862592374052098
